;FLAVOR:Marlin
;TIME:613
;Filament used: 0.408881m
;Layer height: 0.28
;MINX:68.28
;MINY:47.311
;MINZ:0.28
;MAXX:170.081
;MAXY:205.112
;MAXZ:2.52
;TARGET_MACHINE.NAME:Creality Ender-3 Pro
;Generated with Cura_SteamEngine 5.9.0
M82 ;absolute extrusion mode
; Ender 3 Custom Start G-code
G92 E0 ; Reset Extruder
G28 ; Home all axes
M104 S175 ; Start heating up the nozzle most of the way
M140 S60 ; Start heating the bed, continue while levelling
G29 ; Level bed
M190 S60 ; Start heating the bed, wait until target temperature reached
M109 S210.0 ; Finish heating the nozzle, wait until target temperature reached
G1 Z2.0 F3000 ; Move Z Axis up little to prevent scratching of Heat Bed
G1 X0.1 Y20 Z0.3 F5000.0 ; Move to start position
G1 X0.1 Y200.0 Z0.3 F1500.0 E15 ; Draw the first line
G1 X0.4 Y200.0 Z0.3 F5000.0 ; Move to side a little
G1 X0.4 Y20 Z0.3 F1500.0 E30 ; Draw the second line
G92 E0 ; Reset Extruder
G1 Z2.0 F3000 ; Move Z Axis up little to prevent scratching of Heat Bed
G1 X5 Y20 Z0.3 F5000.0 ; Move over to prevent blob squish
G92 E0
G92 E0
G1 F1500 E-6.5
;LAYER_COUNT:9
;LAYER:0
M107
G0 F6000 X84.357 Y204.975 Z0.28
;TYPE:SKIRT
G1 F1500 E0
G1 F1200 X83.317 Y205.093 E0.04874
G1 X82.339 Y205.112 E0.09429
G1 X81.258 Y205.033 E0.14476
G1 X80.006 Y204.876 E0.20351
G1 X79.203 Y204.756 E0.24132
G1 X78.317 Y204.584 E0.28334
G1 X77.313 Y204.294 E0.332
G1 X76.404 Y203.941 E0.37741
G1 X75.563 Y203.525 E0.4211
G1 X74.701 Y203 E0.4681
G1 X73.92 Y202.42 E0.5134
G1 X73.191 Y201.775 E0.55872
G1 X72.557 Y201.109 E0.60154
G1 X72.054 Y200.511 E0.63792
G1 X71.035 Y199.209 E0.71491
G1 X70.461 Y198.401 E0.76106
G1 X70.003 Y197.623 E0.8031
G1 X69.552 Y196.671 E0.85215
G1 X69.172 Y195.607 E0.90476
G1 X68.929 Y194.774 E0.94516
G1 X68.633 Y193.643 E0.9996
G1 X68.431 Y192.691 E1.04492
G1 X68.313 Y191.726 E1.09019
G1 X68.28 Y190.823 E1.13226
G1 X68.336 Y189.778 E1.18099
G1 X68.477 Y188.809 E1.22659
G1 X68.728 Y187.772 E1.27627
G1 X69.263 Y186 E1.36246
G1 X69.945 Y183.557 E1.48057
G1 X70.55 Y181.114 E1.59776
G1 X71.09 Y178.647 E1.71535
G1 X71.557 Y176.183 E1.83213
G1 X71.954 Y173.694 E1.94949
G1 X72.281 Y171.203 E2.06648
G1 X72.539 Y168.685 E2.18434
G1 X72.725 Y166.168 E2.30186
G1 X72.839 Y163.661 E2.41872
G1 X72.882 Y161.151 E2.53561
G1 X72.854 Y158.638 E2.65264
G1 X72.755 Y156.146 E2.76877
G1 X72.46 Y152.151 E2.9553
G1 X72.435 Y151.178 E3.00062
G1 X72.494 Y150.213 E3.04564
G1 X72.594 Y149.497 E3.0793
G1 X72.656 Y149.139 E3.09622
G1 X72.858 Y148.221 E3.13999
G1 X73.162 Y147.261 E3.18688
G1 X73.491 Y146.464 E3.22703
G1 X73.648 Y146.124 E3.24446
G1 X74.097 Y145.26 E3.2898
G1 X74.62 Y144.439 E3.33513
G1 X75.172 Y143.717 E3.37745
G1 X75.416 Y143.427 E3.3951
G1 X76.076 Y142.71 E3.44048
G1 X76.794 Y142.056 E3.4857
G1 X77.483 Y141.526 E3.52618
G1 X78.026 Y141.144 E3.55709
G1 X78.805 Y140.642 E3.60024
G1 X81.371 Y139.146 E3.73855
G1 X83.499 Y137.817 E3.85537
G1 X85.586 Y136.431 E3.97203
G1 X87.649 Y134.974 E4.08964
G1 X89.666 Y133.465 E4.20693
G1 X91.632 Y131.903 E4.32385
G1 X93.558 Y130.283 E4.44104
G1 X95.434 Y128.611 E4.55806
G1 X97.265 Y126.886 E4.67519
G1 X99.054 Y125.1 E4.7929
G1 X100.786 Y123.273 E4.91013
G1 X102.456 Y121.405 E5.0268
G1 X104.065 Y119.501 E5.14288
G1 X105.68 Y117.478 E5.26341
G1 X107.165 Y115.505 E5.3784
G1 X108.462 Y113.689 E5.48231
G1 X109.359 Y112.593 E5.54826
G1 X109.887 Y112.027 E5.5843
G1 X111.622 Y110.114 E5.70456
G1 X113.281 Y108.181 E5.82317
G1 X114.857 Y106.237 E5.9397
G1 X116.399 Y104.218 E6.058
G1 X117.834 Y102.227 E6.17228
G1 X119.284 Y100.09 E6.29253
G1 X120.621 Y97.994 E6.40829
G1 X122.057 Y95.588 E6.53876
G1 X140.575 Y63.514 E8.26331
G1 X141.354 Y62.209 E8.33408
G1 X142.268 Y60.763 E8.41373
G1 X142.867 Y59.884 E8.46326
G1 X143.528 Y58.959 E8.5162
G1 X144.621 Y57.54 E8.59961
G1 X145.288 Y56.725 E8.64865
G1 X145.758 Y56.178 E8.68223
G1 X146.877 Y54.913 E8.76087
G1 X147.681 Y54.039 E8.81617
G1 X149.078 Y52.61 E8.90922
G1 X149.894 Y51.809 E8.96246
G1 X151.257 Y50.549 E9.0489
G1 X151.78 Y50.082 E9.08154
G1 X152.537 Y49.468 E9.12693
G1 X153.345 Y48.923 E9.17231
G1 X154.198 Y48.453 E9.21766
G1 X155.088 Y48.06 E9.26297
G1 X155.977 Y47.757 E9.3067
G1 X156.958 Y47.517 E9.35373
G1 X157.919 Y47.372 E9.39898
G1 X158.892 Y47.311 E9.44438
G1 X159.795 Y47.333 E9.48644
G1 X160.834 Y47.45 E9.53512
G1 X161.786 Y47.648 E9.5804
G1 X162.719 Y47.928 E9.62576
G1 X163.558 Y48.261 E9.66779
G1 X164.492 Y48.733 E9.71652
G1 X165.316 Y49.248 E9.76177
G1 X166.095 Y49.836 E9.80721
G1 X166.816 Y50.489 E9.85251
G1 X167.478 Y51.204 E9.89788
G1 X168.072 Y51.974 E9.94316
G1 X168.598 Y52.795 E9.98857
G1 X169.048 Y53.658 E10.03389
G1 X169.421 Y54.558 E10.07925
G1 X169.712 Y55.487 E10.12458
G1 X169.921 Y56.439 E10.16997
G1 X170.044 Y57.405 E10.21531
G1 X170.081 Y58.377 E10.2606
G1 X170.038 Y59.279 E10.30265
G1 X169.893 Y60.332 E10.35215
G1 X169.774 Y60.93 E10.38054
G1 X169.433 Y62.466 E10.4538
G1 X169.136 Y63.685 E10.51222
G1 X168.609 Y65.586 E10.60408
G1 X168.193 Y66.973 E10.67151
G1 X167.56 Y68.871 E10.76467
G1 X167.211 Y69.841 E10.81267
G1 X166.711 Y71.121 E10.87666
G1 X166.283 Y72.133 E10.92783
G1 X165.815 Y73.157 E10.98025
G1 X165.216 Y74.384 E11.04383
G1 X164.548 Y75.645 E11.11028
G1 X163.784 Y77.011 E11.18316
G1 X145.256 Y109.103 E12.90866
G1 X144.015 Y111.328 E13.02729
G1 X142.847 Y113.565 E13.1448
G1 X141.733 Y115.853 E13.2633
G1 X140.708 Y118.119 E13.37911
G1 X139.716 Y120.493 E13.49891
G1 X138.833 Y122.785 E13.61328
G1 X137.994 Y125.162 E13.73066
G1 X137.208 Y127.603 E13.85007
G1 X136.94 Y128.487 E13.89308
G1 X136.617 Y129.405 E13.9384
G1 X136.43 Y129.839 E13.9604
G1 X135.719 Y131.404 E14.04044
G1 X134.7 Y133.772 E14.16048
G1 X133.767 Y136.115 E14.27791
G1 X132.904 Y138.475 E14.39492
G1 X132.11 Y140.853 E14.51166
G1 X131.378 Y143.272 E14.62934
G1 X130.715 Y145.707 E14.74686
G1 X130.115 Y148.195 E14.86603
G1 X129.598 Y150.622 E14.98157
G1 X129.144 Y153.108 E15.09925
G1 X128.77 Y155.548 E15.21419
G1 X128.453 Y158.082 E15.3331
G1 X128.213 Y160.571 E15.44954
G1 X128.044 Y163.087 E15.56696
G1 X127.943 Y165.629 E15.68542
G1 X127.914 Y167.988 E15.79527
G1 X127.915 Y169.026 E15.84361
G1 X127.858 Y170.159 E15.89643
G1 X127.799 Y170.73 E15.92316
G1 X127.653 Y171.694 E15.96856
G1 X127.434 Y172.601 E16.01201
G1 X127.224 Y173.258 E16.04412
G1 X127.105 Y173.59 E16.06055
G1 X126.735 Y174.491 E16.1059
G1 X126.29 Y175.351 E16.15099
G1 X125.852 Y176.054 E16.18956
G1 X125.667 Y176.325 E16.20484
G1 X125.072 Y177.116 E16.25093
G1 X124.447 Y177.814 E16.29455
G1 X123.851 Y178.38 E16.33283
G1 X123.588 Y178.611 E16.34913
G1 X122.828 Y179.219 E16.39445
G1 X122.015 Y179.759 E16.43989
G1 X121.148 Y180.229 E16.48581
G1 X118.134 Y181.678 E16.64153
G1 X115.907 Y182.828 E16.75824
G1 X113.713 Y184.039 E16.87493
G1 X111.526 Y185.332 E16.99324
G1 X109.4 Y186.667 E17.11013
G1 X107.315 Y188.063 E17.22697
G1 X105.256 Y189.526 E17.34458
G1 X103.235 Y191.05 E17.46245
G1 X101.311 Y192.589 E17.57717
G1 X99.34 Y194.259 E17.69746
G1 X97.494 Y195.915 E17.81294
G1 X95.666 Y197.65 E17.93029
G1 X93.895 Y199.43 E18.04721
G1 X92.164 Y201.261 E18.16454
G1 X91.476 Y201.925 E18.20906
G1 X90.69 Y202.558 E18.25606
G1 X89.881 Y203.099 E18.30137
G1 X89.028 Y203.566 E18.34666
G1 X88.202 Y203.931 E18.38871
G1 X87.182 Y204.274 E18.43882
G1 X85.94 Y204.621 E18.49886
G1 X85.242 Y204.795 E18.53236
G1 X84.357 Y204.975 E18.57441
G0 F6000 X84.277 Y204.583
G1 F1200 X83.308 Y204.693 E18.61982
G1 X82.368 Y204.713 E18.6636
G1 X81.308 Y204.636 E18.71309
G1 X80.065 Y204.48 E18.77143
G1 X79.279 Y204.363 E18.80843
G1 X78.393 Y204.191 E18.85045
G1 X77.457 Y203.921 E18.89582
G1 X76.581 Y203.582 E18.93955
G1 X75.771 Y203.183 E18.9816
G1 X74.939 Y202.678 E19.02692
G1 X74.185 Y202.12 E19.0706
G1 X73.481 Y201.499 E19.11431
G1 X72.847 Y200.833 E19.15712
G1 X72.369 Y200.264 E19.19173
G1 X71.361 Y198.977 E19.26785
G1 X70.806 Y198.198 E19.31239
G1 X70.348 Y197.42 E19.35442
G1 X69.929 Y196.536 E19.39998
G1 X69.549 Y195.472 E19.45259
G1 X69.316 Y194.672 E19.49139
G1 X69.024 Y193.559 E19.54497
G1 X68.828 Y192.642 E19.58863
G1 X68.713 Y191.711 E19.63231
G1 X68.68 Y190.808 E19.67439
G1 X68.732 Y189.835 E19.71976
G1 X68.866 Y188.903 E19.7636
G1 X69.111 Y187.888 E19.81222
G1 X69.646 Y186.116 E19.89841
G1 X70.33 Y183.664 E20.01695
G1 X70.941 Y181.2 E20.13516
G1 X71.481 Y178.733 E20.25275
G1 X71.95 Y176.257 E20.37009
G1 X72.351 Y173.746 E20.4885
G1 X72.678 Y171.255 E20.60548
G1 X72.937 Y168.726 E20.72386
G1 X73.124 Y166.197 E20.84194
G1 X73.239 Y163.679 E20.95931
G1 X73.282 Y161.158 E21.07672
G1 X73.254 Y158.634 E21.19425
G1 X73.155 Y156.13 E21.31094
G1 X72.86 Y152.14 E21.49724
G1 X72.834 Y151.202 E21.54093
G1 X72.89 Y150.268 E21.5845
G1 X72.988 Y149.565 E21.61755
G1 X73.047 Y149.225 E21.63362
G1 X73.249 Y148.307 E21.67739
G1 X73.532 Y147.414 E21.72101
G1 X73.861 Y146.617 E21.76116
G1 X74.003 Y146.308 E21.77699
G1 X74.435 Y145.474 E21.82073
G1 X74.938 Y144.682 E21.86442
G1 X75.49 Y143.96 E21.90674
G1 X75.711 Y143.697 E21.92273
G1 X76.346 Y143.005 E21.96647
G1 X77.038 Y142.373 E22.0101
G1 X77.714 Y141.853 E22.04982
G1 X78.243 Y141.48 E22.07996
G1 X79.006 Y140.988 E22.12223
G1 X81.572 Y139.492 E22.26054
G1 X83.711 Y138.156 E22.37797
G1 X85.817 Y136.758 E22.49567
G1 X87.88 Y135.301 E22.61328
G1 X89.906 Y133.785 E22.73111
G1 X91.881 Y132.216 E22.84856
G1 X93.824 Y130.582 E22.96677
G1 X95.7 Y128.91 E23.08379
G1 X97.548 Y127.169 E23.20201
G1 X99.337 Y125.383 E23.31972
G1 X101.084 Y123.54 E23.43797
G1 X102.754 Y121.672 E23.55464
G1 X104.378 Y119.751 E23.67177
G1 X105.993 Y117.728 E23.79231
G1 X107.485 Y115.746 E23.90782
G1 X108.788 Y113.921 E24.01224
G1 X109.668 Y112.847 E24.07689
G1 X110.179 Y112.3 E24.11175
G1 X111.926 Y110.375 E24.23279
G1 X113.585 Y108.442 E24.35141
G1 X115.168 Y106.489 E24.46847
G1 X116.717 Y104.461 E24.5873
G1 X118.165 Y102.452 E24.70261
G1 X119.615 Y100.315 E24.82286
G1 X120.958 Y98.209 E24.93917
G1 X122.4 Y95.793 E25.07018
G1 X140.919 Y63.719 E26.79475
G1 X141.692 Y62.423 E26.86502
G1 X142.599 Y60.988 E26.94406
G1 X143.193 Y60.116 E26.99319
G1 X143.845 Y59.203 E27.04544
G1 X144.931 Y57.793 E27.12831
G1 X145.591 Y56.986 E27.17685
G1 X146.058 Y56.443 E27.2102
G1 X147.172 Y55.184 E27.28848
G1 X147.967 Y54.319 E27.34319
G1 X149.358 Y52.895 E27.43588
G1 X150.165 Y52.103 E27.48853
G1 X151.524 Y50.847 E27.5747
G1 X152.033 Y50.392 E27.60649
G1 X152.761 Y49.799 E27.65021
G1 X153.539 Y49.273 E27.69394
G1 X154.36 Y48.819 E27.73762
G1 X155.217 Y48.439 E27.78128
G1 X156.106 Y48.136 E27.82501
G1 X157.018 Y47.912 E27.86874
G1 X157.945 Y47.771 E27.9124
G1 X158.882 Y47.711 E27.95612
G1 X159.785 Y47.733 E27.99818
G1 X160.753 Y47.842 E28.04354
G1 X161.671 Y48.031 E28.08718
G1 X162.571 Y48.3 E28.13092
G1 X163.41 Y48.633 E28.17295
G1 X164.28 Y49.072 E28.21833
G1 X165.076 Y49.568 E28.262
G1 X165.827 Y50.133 E28.30576
G1 X166.523 Y50.761 E28.34941
G1 X167.162 Y51.449 E28.39314
G1 X167.736 Y52.19 E28.43678
G1 X168.244 Y52.98 E28.48052
G1 X168.679 Y53.812 E28.52423
G1 X169.039 Y54.678 E28.5679
G1 X169.321 Y55.573 E28.6116
G1 X169.524 Y56.49 E28.65533
G1 X169.644 Y57.421 E28.69904
G1 X169.681 Y58.358 E28.7427
G1 X169.638 Y59.26 E28.78475
G1 X169.501 Y60.254 E28.83148
G1 X169.384 Y60.843 E28.85944
G1 X169.044 Y62.371 E28.93233
G1 X168.747 Y63.59 E28.99075
G1 X168.226 Y65.471 E29.08164
G1 X167.814 Y66.846 E29.14847
G1 X167.183 Y68.736 E29.24125
G1 X166.839 Y69.695 E29.2887
G1 X166.342 Y70.965 E29.3522
G1 X165.919 Y71.967 E29.40284
G1 X165.456 Y72.982 E29.45479
G1 X164.863 Y74.197 E29.51775
G1 X164.199 Y75.45 E29.58378
G1 X163.438 Y76.811 E29.65638
G1 X144.91 Y108.903 E31.38189
G1 X143.66 Y111.143 E31.50134
G1 X142.492 Y113.38 E31.61884
G1 X141.373 Y115.678 E31.73786
G1 X140.344 Y117.954 E31.85417
G1 X139.347 Y120.339 E31.97454
G1 X138.46 Y122.641 E32.08941
G1 X137.613 Y125.039 E32.20783
G1 X136.827 Y127.48 E32.32724
G1 X136.563 Y128.354 E32.36975
G1 X136.249 Y129.247 E32.41383
G1 X136.066 Y129.674 E32.43546
G1 X135.355 Y131.239 E32.5155
G1 X134.328 Y133.624 E32.63642
G1 X133.395 Y135.967 E32.75385
G1 X132.528 Y138.338 E32.8714
G1 X131.727 Y140.737 E32.98917
G1 X130.995 Y143.156 E33.10686
G1 X130.329 Y145.602 E33.2249
G1 X129.726 Y148.101 E33.3446
G1 X129.207 Y150.539 E33.46067
G1 X128.751 Y153.036 E33.57886
G1 X128.373 Y155.498 E33.69485
G1 X128.056 Y158.032 E33.81376
G1 X127.815 Y160.533 E33.93076
G1 X127.644 Y163.071 E34.04921
G1 X127.543 Y165.613 E34.16767
G1 X127.514 Y167.983 E34.27803
G1 X127.515 Y169.026 E34.3266
G1 X127.46 Y170.118 E34.37751
G1 X127.403 Y170.671 E34.4034
G1 X127.264 Y171.6 E34.44714
G1 X127.045 Y172.507 E34.49058
G1 X126.847 Y173.124 E34.52076
G1 X126.735 Y173.439 E34.53632
G1 X126.38 Y174.308 E34.58003
G1 X125.951 Y175.139 E34.62358
G1 X125.521 Y175.829 E34.66144
G1 X125.347 Y176.085 E34.67585
G1 X124.774 Y176.849 E34.72032
G1 X124.149 Y177.547 E34.76395
G1 X123.586 Y178.08 E34.80005
G1 X123.338 Y178.299 E34.81545
G1 X122.606 Y178.886 E34.85914
G1 X121.824 Y179.407 E34.9029
G1 X120.957 Y179.877 E34.94882
G1 X117.95 Y181.323 E35.10419
G1 X115.723 Y182.473 E35.2209
G1 X113.52 Y183.689 E35.33807
G1 X111.313 Y184.993 E35.45743
G1 X109.187 Y186.328 E35.57433
G1 X107.083 Y187.737 E35.69224
G1 X105.024 Y189.2 E35.80985
G1 X102.994 Y190.731 E35.92824
G1 X101.052 Y192.284 E36.04403
G1 X99.081 Y193.954 E36.16432
G1 X97.227 Y195.617 E36.28029
G1 X95.382 Y197.368 E36.39874
G1 X93.611 Y199.148 E36.51566
G1 X91.886 Y200.973 E36.63259
G1 X91.198 Y201.637 E36.67711
G1 X90.467 Y202.226 E36.72082
G1 X89.688 Y202.748 E36.76449
G1 X88.866 Y203.2 E36.80817
G1 X88.04 Y203.565 E36.85022
G1 X87.074 Y203.889 E36.89766
G1 X85.843 Y204.233 E36.95718
G1 X85.162 Y204.403 E36.98986
G1 X84.277 Y204.583 E37.03192
G0 F6000 X84.197 Y204.191
G1 F1200 X83.299 Y204.293 E37.074
G1 X82.397 Y204.314 E37.11601
G1 X81.358 Y204.239 E37.16452
G1 X80.124 Y204.084 E37.22243
G1 X79.355 Y203.97 E37.25863
G1 X78.469 Y203.798 E37.30065
G1 X77.601 Y203.548 E37.34272
G1 X76.758 Y203.223 E37.38479
G1 X75.948 Y202.824 E37.42683
G1 X75.176 Y202.356 E37.46887
G1 X74.449 Y201.82 E37.51093
G1 X73.771 Y201.223 E37.55299
G1 X73.137 Y200.557 E37.59581
G1 X72.684 Y200.017 E37.62863
G1 X71.676 Y198.73 E37.70475
G1 X71.151 Y197.995 E37.74681
G1 X70.693 Y197.217 E37.78885
G1 X70.306 Y196.401 E37.8309
G1 X69.926 Y195.337 E37.88351
G1 X69.703 Y194.57 E37.9207
G1 X69.415 Y193.475 E37.97342
G1 X69.225 Y192.592 E38.01548
G1 X69.113 Y191.696 E38.05753
G1 X69.08 Y190.793 E38.0996
G1 X69.128 Y189.891 E38.14166
G1 X69.255 Y188.997 E38.18371
G1 X69.495 Y188.001 E38.23141
G1 X69.748 Y187.141 E38.27316
G1 X70.028 Y186.234 E38.31736
G1 X70.715 Y183.771 E38.43642
G1 X71.332 Y181.286 E38.55565
G1 X71.872 Y178.819 E38.67324
G1 X72.343 Y176.331 E38.79115
G1 X72.748 Y173.798 E38.9106
G1 X73.075 Y171.307 E39.02758
G1 X73.335 Y168.767 E39.14647
G1 X73.523 Y166.227 E39.26507
G1 X73.639 Y163.697 E39.383
G1 X73.682 Y161.165 E39.50092
G1 X73.654 Y158.63 E39.61897
G1 X73.555 Y156.114 E39.73621
G1 X73.26 Y152.128 E39.92232
G1 X73.233 Y151.225 E39.96439
G1 X73.286 Y150.323 E40.00646
G1 X73.382 Y149.633 E40.0389
G1 X73.438 Y149.31 E40.05417
G1 X73.631 Y148.427 E40.09625
G1 X73.902 Y147.566 E40.13829
G1 X74.224 Y146.784 E40.17766
G1 X74.359 Y146.491 E40.19269
G1 X74.773 Y145.688 E40.23475
G1 X75.256 Y144.925 E40.2768
G1 X75.797 Y144.217 E40.31829
G1 X76.006 Y143.967 E40.33347
G1 X76.616 Y143.3 E40.37555
G1 X77.282 Y142.69 E40.41761
G1 X77.945 Y142.18 E40.45656
G1 X78.46 Y141.816 E40.48592
G1 X79.208 Y141.334 E40.52736
G1 X81.774 Y139.837 E40.66569
G1 X83.923 Y138.495 E40.78366
G1 X86.048 Y137.085 E40.90241
G1 X88.111 Y135.628 E41.02002
G1 X90.146 Y134.105 E41.13838
G1 X92.13 Y132.529 E41.25636
G1 X94.09 Y130.881 E41.3756
G1 X95.966 Y129.209 E41.49261
G1 X97.831 Y127.452 E41.61192
G1 X99.62 Y125.666 E41.72963
G1 X101.382 Y123.807 E41.8489
G1 X103.052 Y121.939 E41.96557
G1 X104.691 Y120.001 E42.08376
G1 X106.306 Y117.978 E42.2043
G1 X107.805 Y115.987 E42.32034
G1 X109.114 Y114.153 E42.42526
G1 X109.96 Y113.12 E42.48744
G1 X110.471 Y112.573 E42.52229
G1 X112.23 Y110.636 E42.64413
G1 X113.889 Y108.703 E42.76274
G1 X115.479 Y106.741 E42.88033
G1 X117.035 Y104.704 E42.99969
G1 X118.496 Y102.677 E43.11604
G1 X119.946 Y100.54 E43.23629
G1 X121.295 Y98.424 E43.35314
G1 X122.743 Y95.998 E43.4847
G1 X141.262 Y63.924 E45.20927
G1 X142.03 Y62.637 E45.27905
G1 X142.93 Y61.213 E45.35749
G1 X143.519 Y60.348 E45.40622
G1 X144.166 Y59.442 E45.45806
G1 X144.404 Y59.123 E45.4766
G1 X145.241 Y58.046 E45.54011
G1 X145.894 Y57.247 E45.58816
G1 X146.358 Y56.708 E45.62128
G1 X147.467 Y55.455 E45.69919
G1 X148.262 Y54.59 E45.7539
G1 X149.638 Y53.181 E45.8456
G1 X150.437 Y52.397 E45.89773
G1 X151.79 Y51.145 E45.98356
G1 X152.286 Y50.702 E46.01453
G1 X152.986 Y50.13 E46.05662
G1 X153.733 Y49.623 E46.09866
G1 X154.523 Y49.184 E46.14074
G1 X155.347 Y48.817 E46.18275
G1 X156.202 Y48.524 E46.22483
G1 X157.079 Y48.307 E46.2669
G1 X157.971 Y48.17 E46.30892
G1 X158.872 Y48.111 E46.35097
G1 X159.775 Y48.133 E46.39303
G1 X160.673 Y48.234 E46.4351
G1 X161.557 Y48.414 E46.47711
G1 X162.423 Y48.672 E46.51919
G1 X163.262 Y49.005 E46.56122
G1 X164.069 Y49.412 E46.60331
G1 X164.836 Y49.888 E46.64534
G1 X165.559 Y50.43 E46.68741
G1 X166.23 Y51.034 E46.72945
G1 X166.846 Y51.695 E46.77153
G1 X167.4 Y52.407 E46.81353
G1 X167.89 Y53.166 E46.8556
G1 X168.31 Y53.966 E46.89767
G1 X168.658 Y54.799 E46.93971
G1 X168.931 Y55.66 E46.98177
G1 X169.127 Y56.542 E47.02384
G1 X169.244 Y57.437 E47.06587
G1 X169.281 Y58.339 E47.10791
G1 X169.238 Y59.241 E47.14995
G1 X169.109 Y60.176 E47.1939
G1 X168.994 Y60.756 E47.22144
G1 X168.655 Y62.277 E47.294
G1 X168.362 Y63.483 E47.35179
G1 X167.843 Y65.356 E47.44229
G1 X167.435 Y66.719 E47.50854
G1 X166.806 Y68.601 E47.60094
G1 X166.466 Y69.549 E47.64783
G1 X165.973 Y70.81 E47.71088
G1 X165.555 Y71.801 E47.76096
G1 X165.097 Y72.806 E47.81239
G1 X164.509 Y74.01 E47.87478
G1 X163.85 Y75.255 E47.94037
G1 X163.092 Y76.611 E48.01271
G1 X144.564 Y108.703 E49.73822
G1 X143.305 Y110.958 E49.85848
G1 X142.137 Y113.195 E49.97598
G1 X141.013 Y115.503 E50.09552
G1 X139.98 Y117.789 E50.21233
G1 X138.978 Y120.185 E50.33326
G1 X138.087 Y122.497 E50.44863
G1 X137.232 Y124.916 E50.5681
G1 X136.446 Y127.357 E50.68751
G1 X136.18 Y128.238 E50.73036
G1 X135.881 Y129.09 E50.77241
G1 X135.702 Y129.509 E50.79363
G1 X134.991 Y131.074 E50.87367
G1 X133.956 Y133.476 E50.99545
G1 X133.023 Y135.819 E51.11289
G1 X132.152 Y138.201 E51.23099
G1 X131.344 Y140.621 E51.34979
G1 X130.612 Y143.04 E51.46747
G1 X129.943 Y145.497 E51.58604
G1 X129.337 Y148.007 E51.70628
G1 X128.816 Y150.456 E51.82286
G1 X128.358 Y152.964 E51.94158
G1 X127.976 Y155.448 E52.0586
G1 X127.659 Y157.982 E52.17752
G1 X127.417 Y160.495 E52.29507
G1 X127.244 Y163.055 E52.41455
G1 X127.143 Y165.597 E52.53301
G1 X127.114 Y167.978 E52.64389
G1 X127.115 Y169.026 E52.69269
G1 X127.062 Y170.077 E52.74169
G1 X127.007 Y170.613 E52.76678
G1 X126.875 Y171.507 E52.80886
G1 X126.664 Y172.385 E52.8509
G1 X126.47 Y172.99 E52.88049
G1 X126.364 Y173.288 E52.89522
G1 X126.024 Y174.125 E52.93728
G1 X125.611 Y174.928 E52.97933
G1 X125.19 Y175.604 E53.01641
G1 X125.016 Y175.86 E53.03083
G1 X124.476 Y176.583 E53.07285
G1 X123.874 Y177.257 E53.11493
G1 X123.322 Y177.78 E53.15033
G1 X123.087 Y177.987 E53.16492
G1 X122.384 Y178.553 E53.20694
G1 X121.633 Y179.055 E53.249
G1 X120.766 Y179.525 E53.29493
G1 X117.777 Y180.963 E53.44938
G1 X115.53 Y182.123 E53.56713
G1 X113.327 Y183.339 E53.6843
G1 X111.1 Y184.654 E53.80472
G1 X108.974 Y185.99 E53.92164
G1 X106.851 Y187.411 E54.0406
G1 X104.792 Y188.874 E54.15821
G1 X102.753 Y190.412 E54.27714
G1 X100.793 Y191.979 E54.39399
G1 X98.822 Y193.649 E54.51428
G1 X96.96 Y195.319 E54.63074
G1 X95.107 Y197.078 E54.74971
G1 X93.32 Y198.873 E54.86765
G1 X91.595 Y200.698 E54.98459
G1 X90.946 Y201.326 E55.02664
G1 X90.244 Y201.894 E55.06869
G1 X89.495 Y202.398 E55.11072
G1 X88.704 Y202.834 E55.15278
G1 X87.878 Y203.199 E55.19483
G1 X86.966 Y203.504 E55.23961
G1 X85.746 Y203.845 E55.29859
G1 X85.082 Y204.011 E55.33046
G1 X84.197 Y204.191 E55.37252
G1 F1500 E48.87252
;MESH:Sunraiser_3_v0.stl
G0 F6000 X82.946 Y194.724
G0 X83.18 Y193.241
;TYPE:WALL-INNER
G1 F1500 E55.37252
G1 F727.3 X83.139 Y193.17 E55.37882
G1 X83.057 Y193.17 E55.38512
G1 X83.016 Y193.241 E55.39142
G1 X83.057 Y193.312 E55.39772
G1 X83.139 Y193.312 E55.40402
G1 X83.18 Y193.241 E55.41031
G1 F1500 E48.91031
G0 F6000 X82.844 Y193.048
G0 X80.513 Y191.701
G0 X80.296 Y191.576
G1 F1500 E55.41031
G1 F729.5 X80.255 Y191.505 E55.41659
G1 X80.173 Y191.505 E55.42288
G1 X80.132 Y191.576 E55.42916
G1 X80.173 Y191.647 E55.43544
G1 X80.255 Y191.647 E55.44172
G1 X80.296 Y191.576 E55.448
G1 F1500 E48.948
G0 F6000 X80.852 Y191.103
G0 X80.848 Y189.929
G0 X78.418 Y190.22
G0 X79.131 Y192.884
G0 X80.565 Y194.561
G0 X82.511 Y194.836
G0 X85.173 Y194.12
G0 X101.874 Y164.323
G0 X102.903 Y163.917
G0 X103.22 Y163.18
G1 F1500 E55.448
G1 F1188.1 X103.888 Y163.114 E55.47957
G1 X103.45 Y162.802 E55.50486
G1 F1237.1 X102.586 Y162.04 E55.55689
G1 F1148.3 X102.257 Y161.725 E55.57905
G1 F895.5 X102.185 Y161.111 E55.61763
G1 F761.9 X102.21 Y160.942 E55.63016
G1 X102.106 Y161.082 E55.64295
G1 F827.6 X101.753 Y161.641 E55.68759
G1 F868 X101.57 Y161.957 E55.71109
G1 X101.903 Y162.041 E55.7332
G1 F960 X102.122 Y162.172 E55.74805
G1 F1173.6 X102.371 Y162.342 E55.76241
G1 F1348.3 X102.745 Y162.628 E55.78192
G1 F1286.9 X103.163 Y163.074 E55.80846
G1 F1188.1 X103.22 Y163.18 E55.81412
G0 F6000 X101.921 Y161.044
G0 X102.21 Y160.942
G1 F746.5 X102.3 Y160.77 E55.82865
G1 F736.2 X102.464 Y160.526 E55.85097
G1 F813.6 X102.827 Y159.717 E55.91187
G1 F944.9 X103.245 Y159.007 E55.96059
G1 F919.5 X103.381 Y158.804 E55.97544
G0 F6000 X103.574 Y158.955
G0 X104.907 Y157.845
G0 X105.098 Y157.09
G0 X104.94 Y157.156
G1 F736.2 X104.899 Y157.086 E55.9816
G1 X104.818 Y157.086 E55.98774
G1 X104.778 Y157.156 E55.99386
G1 X104.819 Y157.226 E56.00002
G1 X104.9 Y157.226 E56.00617
G1 X104.94 Y157.156 E56.01229
G0 F6000 X105.098 Y157.09
G0 X106.886 Y153.439
G1 F1311.5 X106.818 Y153.4 E56.01563
G1 X106.819 Y153.478 E56.01895
G1 X106.886 Y153.439 E56.02225
G0 F6000 X104.907 Y157.845
G0 X103.574 Y158.955
G0 X103.381 Y158.804
G1 F1023.5 X104.108 Y158.188 E56.07428
G1 F1200 X104.815 Y157.73 E56.1135
G1 X105.39 Y157.52 E56.14201
G1 X105.378 Y156.766 E56.17712
G1 F1148.3 X105.587 Y155.747 E56.22774
G1 F1108.5 X106.04 Y154.846 E56.27857
G1 F1076.2 X106.557 Y154.145 E56.32379
G1 F1113.7 X107.282 Y153.577 E56.37
G1 F1200 X107.146 Y153.125 E56.39198
G1 X107.087 Y152.246 E56.433
G1 F1176.5 X106.304 Y153.621 E56.50816
G1 F1093.4 X106.177 Y153.887 E56.52322
G1 F1116.3 X105.626 Y154.777 E56.57562
G1 F1148.3 X105.193 Y155.563 E56.61928
G1 X104.701 Y156.38 E56.66569
G1 F1200 X103.684 Y158.143 E56.76046
G1 F1023.5 X103.381 Y158.804 E56.80016
G1 F1500 E50.30016
G0 F6000 X103.574 Y158.955
G0 X102.984 Y158.931
G0 X101.728 Y158.206
G0 X102 Y156.62
G0 X101.056 Y156.075
G0 X100.29 Y155.96
G0 X99.682 Y156.729
G0 X99.865 Y156.864
G1 F1500 E56.80016
G1 F946.7 X99.44 Y157.629 E56.85181
G1 F954.3 X99.313 Y157.827 E56.86559
G1 F1500 E50.36559
G0 F6000 X99.487 Y157.097
G0 X98.481 Y157.806
G0 X98.392 Y158.648
G0 X98.053 Y159.433
G1 F1500 E56.86559
G1 F1297.3 X97.984 Y159.393 E56.86902
G1 X97.984 Y159.473 E56.87247
G1 X98.053 Y159.433 E56.8759
G0 F6000 X98.085 Y160.065
G1 F1200 X98.34 Y159.625 E56.89958
G1 F1290.3 X98.889 Y158.73 E56.94505
G1 F1387.3 X99.013 Y158.508 E56.95529
G1 F1113.7 X99.313 Y157.827 E56.99263
G1 X98.656 Y158.424 E57.03717
G1 F1387.3 X98.591 Y158.558 E57.04317
G1 F1297.3 X97.909 Y159.075 E57.08003
G1 F1215.2 X97.399 Y159.063 E57.10349
G1 F1200 X96.4 Y158.73 E57.15252
G1 F1182.3 X95.943 Y158.541 E57.17589
G1 F1173.6 X96.183 Y159.118 E57.20565
G1 F1182.3 X96.308 Y159.114 E57.21156
G1 F1286.9 X96.905 Y159.257 E57.23821
G1 F1297.3 X97.487 Y159.494 E57.26528
G1 F1206 X97.852 Y159.806 E57.28753
G1 F1200 X98.085 Y160.065 E57.30375
G0 F6000 X96.357 Y158.682
G0 X95.206 Y157.648
G1 F1300.8 X95.064 Y157.182 E57.32468
G1 X95.035 Y156.883 E57.33758
G1 X94.814 Y156.983 E57.348
G1 X94.322 Y157.094 E57.36966
G1 X94.734 Y157.28 E57.38908
G1 X95.206 Y157.648 E57.41479
G0 F6000 X93.956 Y157.08
G0 X93.356 Y156.976
G0 X92.077 Y156.981
G1 F1311.5 X92.328 Y156.902 E57.426
G1 X92.766 Y156.845 E57.44482
G1 X91.899 Y156.333 E57.48772
G1 X92.05 Y156.783 E57.50794
G1 X92.077 Y156.981 E57.51646
G0 F6000 X91.748 Y156.309
G0 X91.5 Y155.934
G0 X90.606 Y155.014
G1 F930.2 X90.574 Y154.959 E57.52028
G1 X90.51 Y154.959 E57.52413
G1 X90.478 Y155.014 E57.52795
G1 X90.51 Y155.069 E57.53177
G1 X90.574 Y155.069 E57.53561
G1 X90.606 Y155.014 E57.53944
G0 F6000 X88.492 Y154.581
G1 F1059.6 X88.403 Y154.505 E57.54561
G1 F1179.4 X88.215 Y154.284 E57.55935
G0 F6000 X88.083 Y153.962
G0 X87.26 Y151.717
G1 F849.6 X87.19 Y151.593 E57.56872
G1 F820.5 X87.033 Y151.363 E57.58768
G1 F786.9 X86.752 Y151.049 E57.61761
G1 F834.8 X86.399 Y150.742 E57.64892
G1 F933.9 X86.024 Y150.544 E57.67429
G1 F1021.3 X85.576 Y150.444 E57.69941
G1 F1113.7 X85.399 Y150.471 E57.70839
G0 F6000 X84.757 Y150.625
G0 X84.159 Y150.918
G0 X84.053 Y151.373
G0 X84.437 Y151.407
G1 F1148.3 X84.458 Y151.518 E57.71389
G0 F6000 X84.778 Y152.046
G1 F1200 X84.941 Y151.993 E57.72187
G1 X85.147 Y151.83 E57.7341
G1 X84.914 Y151.583 E57.74991
G1 X84.841 Y151.245 E57.76602
G1 X84.917 Y150.996 E57.77814
G1 X85.108 Y150.659 E57.79618
G1 F1176.5 X85.399 Y150.471 E57.81263
G1 X85.059 Y150.509 E57.82888
G1 F1197 X84.621 Y150.674 E57.85073
G1 F1200 X84.231 Y150.949 E57.87295
G1 X84.055 Y151.226 E57.88823
G1 X84.037 Y151.549 E57.90329
G1 X84.183 Y151.841 E57.9185
G1 X84.454 Y152.023 E57.9337
G1 X84.778 Y152.046 E57.94882
G1 F1500 E51.44882
G0 F6000 X84.51 Y151.928
G0 X84.102 Y151.543
G0 X84.159 Y150.918
G0 X84.757 Y150.625
G0 X85.163 Y150.549
G0 X85.575 Y150.578
G0 X85.965 Y150.714
G0 X86.305 Y150.941
G0 X86.899 Y151.595
G0 X87.767 Y153.142
G0 X88.837 Y152.877
G0 X91.17 Y152.33
G0 X98.312 Y154.49
G0 X99.312 Y154.065
G0 X100.613 Y154.469
G0 X100.663 Y154.69
G1 F1500 E57.94882
G1 F736.2 X100.622 Y154.62 E57.95498
G1 X100.541 Y154.62 E57.96113
G1 X100.501 Y154.69 E57.96724
G1 X100.542 Y154.76 E57.9734
G1 X100.623 Y154.76 E57.97955
G1 X100.663 Y154.69 E57.98567
G0 F6000 X100.613 Y154.469
G0 X102.856 Y151.12
G1 F1318.7 X102.788 Y151.081 E57.98899
G1 X102.789 Y151.159 E57.9923
G1 X102.856 Y151.12 E57.99558
G0 F6000 X100.271 Y154.62
G0 X99.996 Y154.684
G0 X99.863 Y156.128
G0 X99.682 Y156.729
G0 X99.865 Y156.864
G1 F1041.2 X100.317 Y156.197 E58.03882
G1 F1188.1 X101.722 Y153.76 E58.17112
G1 F1148.3 X101.857 Y153.505 E58.18516
G1 F1165 X102.311 Y152.753 E58.22729
G1 F1118.9 X102.759 Y151.908 E58.27505
G1 F1093.4 X102.924 Y151.669 E58.28989
G1 F1176.5 X103.164 Y151.272 E58.31192
G1 F1200 X103.725 Y150.301 E58.36414
G1 X102.896 Y150.712 E58.40723
G1 X102.472 Y150.803 E58.42742
G1 F1113.7 X102.345 Y151.71 E58.47337
G1 F1076.2 X102 Y152.508 E58.51851
G1 F1137.4 X101.457 Y153.334 E58.56707
G1 F1179.4 X100.665 Y154.044 E58.61746
G1 F1200 X100.004 Y154.41 E58.65265
G1 X100.11 Y155.053 E58.68299
G1 X100.063 Y155.862 E58.72072
G1 F1041.2 X99.865 Y156.864 E58.77554
G1 F1500 E52.27554
G0 F6000 X99.682 Y156.729
G0 X99.838 Y157.326
G0 X101.154 Y158.085
G0 X101.096 Y159.299
G0 X102.081 Y159.868
G0 X102.397 Y160.972
G0 X103.451 Y162.132
G0 X105.909 Y163.781
G1 F1500 E58.77554
G1 F1304.3 X105.756 Y163.299 E58.7972
G1 X105.732 Y163.059 E58.80753
G1 X105.513 Y163.164 E58.81794
G1 X104.99 Y163.297 E58.84106
G1 X105.56 Y163.527 E58.86739
G1 X105.909 Y163.781 E58.88588
G0 F6000 X106.459 Y164.503
G0 X107.126 Y165.673
G1 F1311.5 X107.313 Y165.595 E58.89451
G1 X107.775 Y165.501 E58.9146
G1 X106.902 Y165.007 E58.95734
G1 X107.074 Y165.424 E58.97655
G1 X107.126 Y165.673 E58.98739
G0 F6000 X107.879 Y165.621
G0 X108.327 Y165.65
G0 X109.664 Y166.017
G1 F930.2 X109.632 Y165.962 E58.99121
G1 X109.568 Y165.962 E58.99506
G1 X109.536 Y166.017 E58.99888
G1 X109.568 Y166.072 E59.0027
G1 X109.632 Y166.072 E59.00655
G1 X109.664 Y166.017 E59.01037
G0 F6000 X110.957 Y167.557
G1 F1045.8 X111.09 Y167.609 E59.018
G1 F1182.3 X111.409 Y167.665 E59.03331
G0 F6000 X111.751 Y167.619
G0 X114.086 Y167.212
G1 F854.1 X114.234 Y167.211 E59.04299
G1 F820.5 X114.519 Y167.233 E59.06246
G1 F781.8 X114.927 Y167.317 E59.09223
G1 F831.9 X115.368 Y167.471 E59.12361
G1 F973.6 X115.755 Y167.719 E59.14998
G1 F1090.9 X116.035 Y168.033 E59.17153
G1 F1148.3 X116.106 Y168.203 E59.1805
G0 F6000 X116.296 Y168.834
G0 X116.334 Y169.362
G0 X116.059 Y169.78
G0 X115.787 Y169.499
G1 F1162.2 X115.671 Y169.54 E59.18641
G0 F6000 X115.695 Y169.947
G1 F1200 X116.01 Y169.844 E59.20185
G1 X116.22 Y169.605 E59.21666
G1 X116.276 Y169.446 E59.22451
G1 X116.319 Y168.982 E59.24621
G1 X116.244 Y168.514 E59.26828
G1 F1188.1 X116.106 Y168.203 E59.28428
G1 X116.089 Y168.555 E59.30085
G1 F1200 X115.892 Y168.887 E59.31883
G1 X115.719 Y169.074 E59.33069
G1 X115.475 Y169.173 E59.34295
G1 X115.317 Y169.178 E59.35031
G1 X115.056 Y169.101 E59.36298
G1 X115.016 Y169.364 E59.37537
G1 X115.048 Y169.52 E59.38279
G1 X115.23 Y169.792 E59.39803
G1 X115.52 Y169.935 E59.41308
G1 X115.695 Y169.947 E59.42125
G1 F1500 E52.92125
G0 F6000 X116.338 Y169.421
G0 X116.296 Y168.834
G0 X116.158 Y168.444
G0 X115.926 Y168.103
G0 X115.615 Y167.831
G0 X113.592 Y167.064
G0 X113.16 Y166.06
G0 X109.043 Y151.438
G0 X108.065 Y150.947
G0 X109.427 Y148.162
G1 F1500 E59.42125
G1 F1297.3 X109.996 Y148.019 E59.44652
G1 F1293.8 X109.955 Y147.261 E59.4793
G1 X109.427 Y148.162 E59.52441
G1 F1500 E53.02441
G0 F6000 X108.065 Y150.947
G0 X109.043 Y151.438
G0 X109.543 Y154.3
G0 X109.32 Y164.269
G0 X110.957 Y167.557
G1 F1500 E59.52441
G1 F1076.2 X110.753 Y167.406 E59.53758
G1 F1165 X110.418 Y167.09 E59.55967
G1 F1200 X110.207 Y166.764 E59.57775
G1 X110.093 Y166.462 E59.59278
G1 X110.057 Y166.047 E59.61218
G1 X110.131 Y165.796 E59.62437
G1 X110.24 Y165.609 E59.63444
G1 X109.448 Y165.547 E59.67144
G1 F1071.4 X109.028 Y165.549 E59.69334
G1 F967.7 X108.403 Y165.365 E59.73096
G1 F1071.4 X107.962 Y165.168 E59.75615
G1 F1200 X107.114 Y164.692 E59.80143
G1 F1083.5 X106.658 Y164.368 E59.83028
G1 F1030 X106.357 Y163.938 E59.85875
G1 F1137.4 X106.132 Y163.222 E59.89562
G1 F1200 X106.092 Y162.644 E59.9226
G1 X106.126 Y162.461 E59.93127
G1 X105.98 Y162.502 E59.93833
G1 X105.38 Y162.804 E59.96961
G1 X105.075 Y162.88 E59.98424
G1 F1098.4 X104.939 Y162.932 E59.99165
G1 F930.2 X104.69 Y162.981 E60.00689
G1 F857.1 X104.198 Y162.879 E60.03965
G1 F995.9 X104.008 Y162.705 E60.0541
G1 F1200 X103.62 Y162.43 E60.07625
G1 X103.302 Y162.175 E60.09523
G1 X102.853 Y161.762 E60.12364
G1 X102.702 Y161.528 E60.1366
G1 X102.679 Y161.21 E60.15145
G1 X102.748 Y161.028 E60.16051
G1 X102.948 Y160.823 E60.17385
G1 X102.964 Y160.724 E60.17852
G1 X103.236 Y159.903 E60.21879
G1 X103.668 Y159.181 E60.25797
G1 X104.267 Y158.562 E60.29808
G1 X104.997 Y158.09 E60.33856
G1 X105.798 Y157.798 E60.37826
G1 X105.779 Y156.799 E60.42478
G1 X105.98 Y155.89 E60.46813
G1 X106.373 Y155.068 E60.51056
G1 X106.938 Y154.359 E60.55277
G1 X107.603 Y153.833 E60.59225
G1 X107.754 Y153.745 E60.60039
G1 F1182.3 X107.542 Y153.054 E60.63455
G1 F1142.9 X107.493 Y152.299 E60.67154
G1 F1088.4 X107.611 Y151.497 E60.71316
G1 F1106 X107.885 Y150.902 E60.74625
G1 F1159.4 X109.083 Y148.827 E60.86173
G1 F1182.3 X109.462 Y148.55 E60.88391
G1 F1200 X110.394 Y148.316 E60.92866
G1 F1194 X110.347 Y147.283 E60.97705
G1 F1025.6 X110.322 Y147.027 E60.99106
G1 F909.1 X112.31 Y143.573 E61.23601
G1 F916 X112.232 Y143.461 E61.24434
G1 F836.2 X112.147 Y142.903 E61.28205
G1 X111.774 Y143.453 E61.32646
G1 F909.1 X109.842 Y146.803 E61.56416
G1 F1025.6 X109.599 Y147.1 E61.58506
G1 F1176.5 X107.564 Y150.63 E61.77859
G1 F1108.5 X107.2 Y151.305 E61.81724
G1 F1121.5 X106.788 Y151.966 E61.85605
G1 F1200 X100.735 Y162.452 E62.41983
G1 X101.063 Y162.392 E62.43536
G1 X101.571 Y162.43 E62.45908
G1 X102.064 Y162.599 E62.48335
G1 X102.497 Y162.896 E62.50779
G1 X102.826 Y163.287 E62.53159
G1 X103.018 Y163.688 E62.55229
G1 X103.378 Y163.567 E62.56998
G1 X103.787 Y163.529 E62.5891
G1 F995.9 X104.104 Y163.431 E62.60772
G1 F860.2 X104.689 Y163.521 E62.64617
G1 F1008.4 X105.01 Y163.717 E62.66701
G1 F1200 X105.373 Y163.865 E62.68526
G1 X105.715 Y164.115 E62.70499
G1 F1078.7 X106.018 Y164.304 E62.72349
G1 F995.9 X106.235 Y164.583 E62.74332
G1 F1004.2 X106.377 Y164.743 E62.75522
G1 F1073.8 X106.481 Y165.006 E62.76994
G1 F1173.6 X106.685 Y165.435 E62.79256
G1 F1191.1 X106.854 Y166.269 E62.83248
G1 F1200 X107.018 Y166.15 E62.84191
G1 X107.425 Y165.962 E62.86279
G1 X107.836 Y165.879 E62.88231
G1 F1071.4 X108.352 Y165.847 E62.90927
G1 F969.7 X108.86 Y166.013 E62.94007
G1 F1071.4 X109.285 Y166.349 E62.96833
G1 F1200 X110.009 Y167.131 E63.01795
G1 X110.522 Y167.458 E63.04628
G1 F1106 X110.957 Y167.557 E63.06882
G1 F1500 E56.56882
G0 F6000 X109.117 Y165.35
G0 X101.86 Y154.679
G0 X106.09 Y146.236
G1 F1500 E63.06882
G1 F1300.8 X106.658 Y145.253 E63.11758
G1 X106.57 Y145.338 E63.12284
G1 X105.929 Y145.671 E63.15387
G1 X106.09 Y146.236 E63.1791
G1 F1500 E56.6791
G0 F6000 X98.682 Y157.818
G0 X98.592 Y158.669
G0 X98.092 Y160.336
G0 X98.059 Y160.911
G1 F1500 E63.1791
G1 F1200 X104.119 Y150.416 E63.74341
G1 F1162.2 X104.42 Y149.871 E63.77334
G1 F1090.9 X104.506 Y149.693 E63.78347
G1 F1108.5 X104.882 Y149.082 E63.81963
G1 F1182.3 X106.926 Y145.556 E64.01226
G1 F1039 X107.143 Y145.056 E64.04157
G1 F916 X108.992 Y141.852 E64.26722
G1 F842.1 X109.349 Y141.148 E64.3196
G1 X108.757 Y141.458 E64.36394
G1 F914.3 X108.621 Y141.445 E64.37229
G1 F916 X106.689 Y144.795 E64.60818
G1 F1039 X106.393 Y144.997 E64.62746
G1 F1200 X105.473 Y145.475 E64.67573
G1 X105.737 Y146.398 E64.72043
G1 F1170.7 X105.733 Y146.774 E64.73838
G1 F1148.3 X104.487 Y148.937 E64.85985
G1 F1106 X104.129 Y149.444 E64.8912
G1 F1090.9 X103.479 Y149.976 E64.93423
G1 F1142.9 X102.763 Y150.332 E64.97332
G1 F1182.3 X102.091 Y150.473 E65.00577
G1 F1200 X102.09 Y150.651 E65.01406
G1 X101.968 Y151.492 E65.05363
G1 X101.643 Y152.329 E65.09544
G1 X101.116 Y153.098 E65.13885
G1 X100.431 Y153.717 E65.18184
G1 X99.564 Y154.193 E65.2279
G1 X99.708 Y155.076 E65.26956
G1 X99.66 Y155.902 E65.30808
G1 X99.423 Y156.737 E65.3485
G1 X99.016 Y157.475 E65.38774
G1 X98.435 Y158.122 E65.42823
G1 X98.322 Y158.209 E65.43487
G1 X98.268 Y158.372 E65.44287
G1 X97.847 Y158.672 E65.46694
G1 X97.424 Y158.672 E65.48664
G1 X97.011 Y158.544 E65.50677
G1 X96.634 Y158.394 E65.52567
G1 F1185.2 X96.204 Y158.203 E65.54785
G1 F987.7 X95.971 Y158.131 E65.56165
G1 F857.1 X95.634 Y157.762 E65.59422
G1 F941.2 X95.547 Y157.507 E65.61022
G1 F1111.1 X95.523 Y157.37 E65.61721
G1 F1200 X95.432 Y157.062 E65.63217
G1 X95.396 Y156.395 E65.66327
G1 X95.356 Y156.244 E65.67054
G1 X95.157 Y156.393 E65.68212
G1 F1170.7 X94.706 Y156.618 E65.70618
G1 F1100.9 X93.962 Y156.785 E65.74488
G1 F1023.5 X93.457 Y156.739 E65.77256
G1 F1086 X92.932 Y156.503 E65.80218
G1 F1200 X92.096 Y156.004 E65.84751
G1 F1076.2 X91.673 Y155.69 E65.87487
G1 F975.6 X91.247 Y155.293 E65.90822
G1 F1076.2 X91.031 Y154.92 E65.9306
G1 F1200 X90.578 Y154.245 E65.96845
G1 X90.47 Y154.439 E65.97879
G1 X90.287 Y154.634 E65.99124
G1 X89.916 Y154.808 E66.01032
G1 X89.59 Y154.864 E66.02572
G1 X89.193 Y154.84 E66.04424
G1 F1182.3 X88.769 Y154.707 E66.06524
G1 F1100.9 X88.492 Y154.581 E66.08069
G1 F1118.9 X88.836 Y154.936 E66.10538
G1 F1200 X89.373 Y155.215 E66.13356
G1 X90.412 Y155.452 E66.18318
G1 F1076.2 X90.93 Y155.669 E66.21234
G1 F975.6 X91.298 Y155.996 E66.24053
G1 F1076.2 X91.541 Y156.471 E66.26823
G1 F1200 X91.677 Y156.871 E66.28791
G1 X91.72 Y157.322 E66.309
G1 X91.701 Y157.501 E66.31738
G1 F1194 X92.507 Y157.247 E66.35693
G1 F1188.1 X92.975 Y157.212 E66.379
G1 F1083.5 X93.277 Y157.173 E66.39471
G1 F991.7 X93.813 Y157.261 E66.42531
G1 F1081.1 X94.135 Y157.43 E66.44411
G1 F1200 X94.528 Y157.607 E66.46418
G1 X94.835 Y157.846 E66.48229
G1 F1008.4 X95.167 Y158.033 E66.50341
G1 F861.8 X95.54 Y158.49 E66.54166
G1 F987.7 X95.607 Y158.795 E66.55932
G1 F1185.2 X95.782 Y159.214 E66.58073
G1 F1200 X95.849 Y159.549 E66.59664
G1 X96.29 Y159.516 E66.61723
G1 X96.795 Y159.611 E66.64116
G1 X97.267 Y159.833 E66.66545
G1 X97.653 Y160.161 E66.68903
G1 X97.949 Y160.595 E66.71349
G1 X98.059 Y160.911 E66.72907
G1 F1500 E60.22907
G0 F6000 X98.092 Y160.336
G0 X99.666 Y158.497
G0 X100.176 Y156.867
G0 X100.469 Y154.986
G0 X108.84 Y141.708
G0 X109.349 Y141.148
G1 F1500 E66.72907
G1 F780.5 X109.926 Y140.143 E66.81204
G1 F761.9 X110.138 Y139.748 E66.84492
G0 F6000 X110.401 Y139.078
G0 X110.791 Y137.214
G1 F842.1 X110.755 Y137.153 E66.84962
G1 X110.684 Y137.153 E66.85433
G1 X110.649 Y137.214 E66.859
G1 X110.685 Y137.275 E66.86369
G1 X110.756 Y137.275 E66.86841
G1 X110.791 Y137.214 E66.87307
G0 F6000 X110.557 Y138.468
G1 F1200 X112.397 Y135.281 E67.04443
G1 X111.87 Y135.828 E67.0798
G1 X110.79 Y136.632 E67.14249
G1 X110.091 Y136.991 E67.17908
G1 X110.247 Y137.321 E67.19608
G1 X110.494 Y138.106 E67.2344
G1 X110.557 Y138.468 E67.25151
G1 F1500 E60.75151
G0 F6000 X110.769 Y139.285
G0 X113.111 Y140.637
G0 X113.476 Y140.849
G0 X113.057 Y141.361
G1 F1500 E67.25151
G1 F757.1 X112.764 Y141.824 E67.29195
G1 F776.7 X112.147 Y142.903 E67.38137
G0 F6000 X111.977 Y143.518
G0 X113.1 Y141.785
G0 X114.995 Y139.642
G1 F836.2 X114.959 Y139.581 E67.3861
G1 X114.888 Y139.581 E67.39084
G1 X114.853 Y139.642 E67.39554
G1 X114.889 Y139.703 E67.40028
G1 X114.96 Y139.703 E67.40502
G1 X114.995 Y139.642 E67.40972
G0 F6000 X113.922 Y140.408
G1 F1200 X114.276 Y140.278 E67.42728
G1 X115.072 Y140.107 E67.46519
G1 X115.434 Y140.073 E67.48212
G1 X115.393 Y139.285 E67.51886
G1 X115.553 Y137.947 E67.58161
G1 X115.76 Y137.223 E67.61667
G1 X113.922 Y140.408 E67.7879
G0 F6000 X116.607 Y135.574
G0 X121.852 Y126.49
G0 X122.218 Y125.995
G0 X124.523 Y123.771
G1 F1132.1 X124.496 Y123.725 E67.79054
G1 X124.443 Y123.725 E67.79315
G1 X124.417 Y123.771 E67.79576
G1 X124.444 Y123.817 E67.79839
G1 X124.497 Y123.817 E67.80101
G1 X124.523 Y123.771 E67.80362
G0 F6000 X123.627 Y124.397
G1 F1200 X124.236 Y124.225 E67.83308
G1 X124.9 Y124.122 E67.86437
G1 X124.881 Y123.791 E67.87981
G1 X124.969 Y122.07 E67.96005
G1 X123.627 Y124.397 E68.08514
G0 F6000 X122.547 Y125.464
G1 F1200 X122.826 Y125.222 E68.10233
G1 X123.57 Y124.828 E68.14153
G1 X124.379 Y124.608 E68.18057
G1 X125.335 Y124.457 E68.22564
G1 X125.277 Y123.888 E68.25227
G1 X125.365 Y122.181 E68.33186
G1 X125.675 Y120.648 E68.40469
G1 X126.117 Y119.28 E68.47163
G1 X122.547 Y125.464 E68.80412
G0 F6000 X122.153 Y126.046
G0 X119.059 Y131.207
G0 X119.29 Y131.342
G1 F1004.2 X122.01 Y126.628 E69.10697
G1 F963.9 X122.399 Y126.064 E69.14668
G1 F987.7 X122.518 Y125.981 E69.15489
G1 F1088.4 X123.07 Y125.545 E69.191
G1 F1142.9 X123.716 Y125.203 E69.22674
G1 F1182.3 X124.442 Y125.003 E69.26233
G1 F1200 X125.77 Y124.793 E69.32494
G1 X125.68 Y123.832 E69.36988
G1 X125.76 Y122.273 E69.44257
G1 X126.067 Y120.728 E69.51592
G1 F1113.7 X126.366 Y119.707 E69.5693
G1 F973.6 X126.666 Y118.686 E69.63037
G1 F977.6 X127.107 Y117.728 E69.69065
G1 F1132.1 X127.548 Y116.771 E69.74266
G1 F1311.5 X128.553 Y114.886 E69.83367
G1 F1395.3 X129.148 Y113.855 E69.88134
G1 F1379.3 X129.743 Y112.825 E69.92953
G1 F1363.6 X130.338 Y111.794 E69.97831
G1 F1348.3 X130.933 Y110.764 E70.0276
G1 F1337 X131.528 Y109.733 E70.07735
G1 F1322.3 X132.123 Y108.703 E70.12762
G1 F1307.9 X132.718 Y107.672 E70.17847
G1 F1293.8 X133.313 Y106.642 E70.22984
G1 F1280 X133.908 Y105.611 E70.28181
G1 F1266.5 X134.503 Y104.58 E70.33433
G1 F1253.3 X135.098 Y103.55 E70.38736
G1 F1240.3 X135.693 Y102.519 E70.44099
G1 F1227.6 X136.288 Y101.489 E70.49513
G1 F1218.3 X136.883 Y100.458 E70.54973
G1 F1206 X137.478 Y99.428 E70.60484
G1 F1194 X138.073 Y98.397 E70.66055
G1 F1182.3 X138.668 Y97.367 E70.71677
G1 F1170.7 X139.263 Y96.336 E70.77358
G1 F1159.4 X139.858 Y95.305 E70.83095
G1 F1148.3 X140.453 Y94.275 E70.88883
G1 F1137.4 X141.048 Y93.244 E70.94731
G1 F1126.8 X141.644 Y92.214 E71.00632
G1 F1118.9 X142.239 Y91.183 E71.06577
G1 F1108.5 X142.834 Y90.153 E71.12573
G1 F1098.4 X143.429 Y89.122 E71.18628
G1 F1088.4 X144.024 Y88.091 E71.24739
G1 F1078.7 X144.619 Y87.061 E71.30901
G1 F1069 X145.214 Y86.03 E71.37123
G1 F1059.6 X145.809 Y85 E71.43396
G1 F1050.3 X146.404 Y83.969 E71.49728
G1 F1043.5 X146.999 Y82.939 E71.56098
G1 F1034.5 X147.594 Y81.908 E71.62528
G1 F1025.6 X148.189 Y80.878 E71.69008
G1 F1016.9 X148.784 Y79.847 E71.75549
G1 F1008.4 X149.379 Y78.816 E71.82145
G1 F1000 X149.974 Y77.786 E71.88792
G1 F991.7 X150.569 Y76.755 E71.95498
G1 F983.6 X151.164 Y75.725 E72.02256
G1 F975.6 X151.759 Y74.694 E72.09074
G1 F969.7 X152.354 Y73.664 E72.15928
G1 F961.9 X152.949 Y72.633 E72.22843
G1 F954.3 X153.544 Y71.603 E72.29808
G1 F946.7 X154.139 Y70.572 E72.36833
G1 F810.8 X154.183 Y70.138 E72.39839
G1 F944.9 X153.839 Y70.401 E72.424
G1 F1403.5 X128.241 Y114.745 E74.46248
G1 F1311.5 X127.199 Y116.597 E74.55302
G1 F1132.1 X126.696 Y117.536 E74.60559
G1 F977.6 X126.192 Y118.474 E74.66646
G1 F973.6 X125.651 Y119.35 E74.72555
G1 F1113.7 X125.11 Y120.227 E74.77725
G1 F1200 X122.33 Y125.04 E75.03606
G1 F1121.5 X122.045 Y125.589 E75.06688
G1 F987.7 X121.969 Y125.782 E75.07861
G1 F963.9 X121.596 Y126.389 E75.11991
G1 F1002.1 X116.388 Y135.413 E75.70088
G1 F948.6 X115.748 Y136.575 E75.77903
G1 F1027.8 X115.074 Y137.613 E75.84631
G1 F1185.2 X113.145 Y140.955 E76.02823
G1 F900.6 X113.057 Y141.361 E76.05401
G1 F892.2 X113.397 Y141.183 E76.07805
G1 F1156.6 X113.853 Y140.869 E76.10479
G1 F1185.2 X114.307 Y140.681 E76.12796
G1 F1200 X115.206 Y140.486 E76.17079
G1 X115.912 Y140.447 E76.20372
G1 X115.828 Y140.01 E76.22444
G1 X115.794 Y139.299 E76.25758
G1 X115.94 Y138.08 E76.31475
G1 F1052.6 X116.226 Y136.848 E76.38189
G1 F919.5 X116.228 Y136.799 E76.38487
G1 F946.7 X116.777 Y135.697 E76.45753
G1 F1002.1 X119.29 Y131.342 E76.7379
G1 F1500 E70.2379
G0 F6000 X119.059 Y131.207
G0 X123.283 Y123.054
G0 X120.927 Y121.693
G0 X119.749 Y121.013
G1 F1500 E76.7379
G1 F1106 X119.722 Y120.966 E76.74064
G1 X119.668 Y120.966 E76.74337
G1 X119.641 Y121.013 E76.74611
G1 X119.668 Y121.06 E76.74884
G1 X119.722 Y121.06 E76.75157
G1 X119.749 Y121.013 E76.75431
G0 F6000 X119.573 Y122.055
G1 F1200 X120.915 Y119.728 E76.87939
G1 X119.457 Y120.672 E76.96027
G1 X119.174 Y120.816 E76.97506
G1 X119.415 Y121.444 E77.00638
G1 X119.573 Y122.055 E77.03577
G0 F6000 X119.191 Y123.516
G1 F1200 X122.758 Y117.338 E77.36795
G1 X121.796 Y118.401 E77.4347
G1 X120.62 Y119.443 E77.50787
G1 X119.182 Y120.373 E77.58761
G1 X118.666 Y120.607 E77.61399
G1 X119.045 Y121.612 E77.664
G1 X119.228 Y122.315 E77.69783
G1 X119.256 Y123.045 E77.73185
G1 X119.191 Y123.516 E77.75399
G0 F6000 X118.884 Y124.154
G0 X110.401 Y139.078
G0 X110.138 Y139.748
G1 F919.5 X110.46 Y139.436 E77.78123
G1 F1200 X112.401 Y136.071 E77.96212
G1 F1021.3 X112.926 Y135.025 E78.02615
G1 F943 X113.651 Y133.83 E78.10897
G1 F1002.1 X118.902 Y124.735 E78.69457
G1 F960 X119.228 Y124.134 E78.73437
G1 F963.9 X119.321 Y124.015 E78.74312
G1 F1095.9 X119.661 Y123.501 E78.77454
G1 F1200 X122.444 Y118.681 E79.03371
G1 F1113.7 X122.929 Y117.778 E79.08514
G1 F973.6 X123.414 Y116.875 E79.14396
G1 F979.6 X123.978 Y115.969 E79.20484
G1 F1134.8 X124.541 Y115.062 E79.2574
G1 F1311.5 X125.639 Y113.204 E79.34936
G1 F1403.5 X151.19 Y68.956 E81.38358
G1 F944.9 X151.246 Y68.527 E81.40917
G1 X150.893 Y68.784 E81.43499
G1 F1399.4 X125.331 Y113.054 E83.47615
G1 F1311.5 X124.218 Y114.848 E83.5661
G1 F1134.8 X123.606 Y115.71 E83.61816
G1 F979.6 X122.993 Y116.571 E83.67844
G1 F973.6 X122.262 Y117.336 E83.73917
G1 F1113.7 X121.53 Y118.102 E83.79233
G1 F1200 X120.375 Y119.125 E83.86417
G1 X118.944 Y120.043 E83.94334
G1 X118.158 Y120.398 E83.9835
G1 X118.637 Y121.649 E84.04587
G1 X118.829 Y122.375 E84.08084
G1 F1148.3 X118.858 Y123.107 E84.11649
G1 F1052.6 X118.766 Y123.809 E84.15407
G1 F963.9 X118.76 Y123.915 E84.16023
G1 F961.9 X118.442 Y124.58 E84.20304
G1 F1002.1 X113.21 Y133.637 E84.78628
G1 F941.2 X112.498 Y134.702 E84.86233
G1 F1021.3 X111.564 Y135.557 E84.93161
G1 F1200 X110.573 Y136.296 E84.98918
G1 X109.835 Y136.667 E85.02764
G1 X109.53 Y136.766 E85.04257
G1 X109.852 Y137.399 E85.07564
G1 X110.128 Y138.274 E85.11836
G1 X110.191 Y138.752 E85.14081
G1 X110.159 Y139.186 E85.16108
G1 X110.139 Y139.301 E85.16651
G1 F919.5 X110.138 Y139.748 E85.19367
G1 F1500 E78.69367
G0 F6000 X110.401 Y139.078
G0 X151.246 Y68.527
G1 F1500 E85.19367
G1 F733.9 X151.98 Y67.298 E85.30266
G1 F806.7 X152.471 Y66.527 E85.36597
G1 F928.4 X152.962 Y65.756 E85.42098
G1 F1108.5 X153.308 Y65.244 E85.45213
G1 F1500 E78.95213
G0 F6000 X155.804 Y66.678
G0 X155.962 Y66.771
G1 F1500 E85.45213
G1 F1113.7 X155.698 Y67.315 E85.48247
G1 F930.2 X155.276 Y68.124 E85.53728
G1 F805.4 X154.854 Y68.934 E85.60065
G1 F732.8 X154.183 Y70.138 E85.70574
G1 F1500 E79.20574
G0 F6000 X156.888 Y64.804
G0 X157.214 Y63.802
G0 X156.844 Y62.851
G1 F1500 E85.70574
G1 F912.5 X157.212 Y61.541 E85.78906
G1 X156.258 Y62.513 E85.87246
G1 X156.844 Y62.851 E85.91388
G0 F6000 X157.112 Y63.541
G1 F1200 X157.23 Y63.191 E85.93108
G1 X157.986 Y60.493 E86.06155
G1 X158.092 Y60.019 E86.08416
G1 X157.717 Y60.366 E86.10796
G1 X155.908 Y62.21 E86.22824
G1 X155.536 Y62.63 E86.25436
G1 X157.112 Y63.541 E86.33913
G1 F1500 E79.83913
G0 F6000 X156.963 Y63.137
G0 X157.214 Y63.802
G0 X158.244 Y64.147
G0 X157.595 Y66.078
G0 X156.891 Y67.842
G0 X156.435 Y68.819
G0 X155.193 Y71.221
G0 X154.229 Y70.703
G0 X118.684 Y131.856
G0 X119.296 Y132.21
;TYPE:WALL-OUTER
G1 F1500 E86.33913
G1 F1200 X122.39 Y126.848 E86.62739
G1 X122.797 Y126.304 E86.65902
G1 X123.302 Y125.875 E86.68988
G1 X123.885 Y125.571 E86.72049
G1 X124.504 Y125.398 E86.75042
G1 X126.206 Y125.128 E86.83067
G1 X126.08 Y123.852 E86.89037
G1 X126.16 Y122.293 E86.96306
G1 X126.465 Y120.785 E87.0347
G1 X127.111 Y118.813 E87.13133
G1 X127.918 Y116.911 E87.22753
G1 X128.874 Y115.072 E87.32404
G1 X154.437 Y70.799 E89.70455
G1 X155.317 Y69.166 E89.79093
G1 X156.1 Y67.488 E89.87715
G1 X156.327 Y66.916 E89.9058
G1 F995.9 X156.398 Y66.516 E89.9286
G1 F895.5 X156.736 Y65.747 E89.98101
G1 F1030 X157.032 Y64.993 E90.02495
G1 F1237.1 X157.327 Y64.239 E90.06152
G1 F1283.4 X157.484 Y63.69 E90.08638
G1 F1200 X157.612 Y63.309 E90.1051
G1 X158.376 Y60.581 E90.23701
G1 X158.763 Y58.855 E90.31938
G1 X157.431 Y60.085 E90.4038
G1 X155.623 Y61.929 E90.52405
G1 X155.219 Y62.385 E90.55242
G1 F1286.9 X154.823 Y62.792 E90.57708
G1 F1243.5 X154.307 Y63.436 E90.61416
G1 F1027.8 X153.791 Y64.08 E90.65902
G1 F895.5 X153.31 Y64.738 E90.70988
G1 F995.9 X152.999 Y65 E90.73269
G1 F1200 X152.602 Y65.505 E90.7626
G1 X151.548 Y67.014 E90.84831
G1 X150.572 Y68.599 E90.93499
G1 X125.018 Y112.856 E93.31464
G1 X123.904 Y114.609 E93.41135
G1 X122.649 Y116.262 E93.50799
G1 X121.265 Y117.802 E93.6044
G1 X120.121 Y118.812 E93.67546
G1 X118.779 Y119.679 E93.74986
G1 X117.65 Y120.189 E93.80754
G1 X118.27 Y121.813 E93.88849
G1 X118.432 Y122.456 E93.91936
G1 X118.453 Y123.122 E93.95039
G1 X118.328 Y123.757 E93.98053
G1 X118.062 Y124.36 E94.01122
G1 X112.858 Y133.373 E94.49583
G1 X112.16 Y134.376 E94.55273
G1 X111.324 Y135.237 E94.60861
G1 X110.38 Y135.941 E94.66345
G1 X109.711 Y136.287 E94.69852
G1 X109.127 Y136.474 E94.72707
G1 X108.879 Y136.512 E94.73876
G1 X109.123 Y136.845 E94.75798
G1 X109.483 Y137.563 E94.79538
G1 X109.739 Y138.381 E94.83529
G1 X109.787 Y138.745 E94.85239
G1 X109.76 Y139.156 E94.87157
G1 X109.648 Y139.569 E94.89149
G1 X109.47 Y139.92 E94.90982
G1 X108.91 Y140.896 E94.96221
G1 X108.734 Y141.001 E94.97176
G1 X108.388 Y140.924 E94.98826
G1 X106.29 Y144.564 E95.18389
G1 X106.209 Y144.642 E95.18913
G1 X104.998 Y145.271 E95.25267
G1 X105.353 Y146.508 E95.3126
G1 X105.348 Y146.633 E95.31842
G1 X104.174 Y148.673 E95.42802
G1 X103.757 Y149.222 E95.46012
G1 X103.241 Y149.648 E95.49128
G1 X102.607 Y149.956 E95.5241
G1 X102.031 Y150.08 E95.55153
G1 X101.652 Y150.077 E95.56918
G1 X101.696 Y150.545 E95.59107
G1 X101.571 Y151.409 E95.63172
G1 X101.278 Y152.156 E95.66908
G1 X100.795 Y152.849 E95.70842
G1 X100.215 Y153.373 E95.74481
G1 X99.483 Y153.783 E95.78388
G1 X99.006 Y153.917 E95.80695
G1 X99.182 Y154.343 E95.82842
G1 X99.302 Y155.075 E95.86296
G1 X99.257 Y155.859 E95.89952
G1 X99.056 Y156.569 E95.93388
G1 X98.674 Y157.258 E95.97057
G1 X98.167 Y157.825 E96.00598
G1 X97.936 Y157.996 E96.01937
G1 X97.922 Y158.172 E96.02759
G1 X97.786 Y158.269 E96.03537
G1 X97.483 Y158.272 E96.04948
G1 X97.142 Y158.166 E96.0661
G1 X96.8 Y158.03 E96.08324
G1 X96.341 Y157.817 E96.1068
G1 X96.06 Y157.53 E96.12551
G1 X95.922 Y157.292 E96.13832
G1 X95.826 Y156.994 E96.15289
G1 X95.793 Y156.335 E96.18362
G1 X95.699 Y155.975 E96.20094
G1 X95.538 Y155.648 E96.21792
G1 X95.467 Y155.557 E96.22329
G1 X95.347 Y155.724 E96.23287
G1 X95.009 Y156.016 E96.25366
G1 X94.547 Y156.244 E96.27765
G1 X94.123 Y156.336 E96.29786
G1 X93.618 Y156.318 E96.32139
G1 X93.178 Y156.179 E96.34287
G1 X92.301 Y155.66 E96.39033
G1 X91.528 Y154.942 E96.43945
G1 X90.964 Y154.104 E96.48649
G1 X90.656 Y153.346 E96.52458
G1 X90.418 Y153.513 E96.53812
G1 X90.272 Y153.782 E96.55237
G1 X90.22 Y154.073 E96.56614
G1 X90.064 Y154.302 E96.57904
G1 X89.847 Y154.414 E96.59041
G1 X89.547 Y154.46 E96.60455
G1 X89.243 Y154.436 E96.61874
G1 X88.961 Y154.349 E96.63249
G1 X88.723 Y154.221 E96.64507
G1 X88.491 Y154.019 E96.65939
G1 F1142.9 X88.455 Y154.006 E96.66127
G1 F983.6 X88.176 Y153.734 E96.6834
G1 F923.1 X87.945 Y153.112 E96.72356
G1 F902.3 X87.844 Y152.509 E96.76143
G1 F1000 X87.874 Y152.054 E96.78691
G1 F1200 X87.704 Y151.522 E96.81291
G1 X87.444 Y151.069 E96.83724
G1 X87.096 Y150.673 E96.86178
G1 X86.626 Y150.329 E96.8889
G1 X86.101 Y150.124 E96.91515
G1 X85.527 Y150.046 E96.94212
G1 X84.961 Y150.116 E96.96868
G1 X84.431 Y150.318 E96.99509
G1 X83.957 Y150.653 E97.02212
G1 X83.79 Y150.853 E97.03425
G1 X83.672 Y151.1 E97.04699
G1 X83.622 Y151.36 E97.05932
G1 X83.642 Y151.631 E97.07198
G1 X83.729 Y151.881 E97.0843
G1 X83.88 Y152.107 E97.09696
G1 X84.081 Y152.284 E97.10943
G1 X84.322 Y152.405 E97.12199
G1 X84.586 Y152.458 E97.13452
G1 X84.854 Y152.442 E97.14703
G1 X85.113 Y152.357 E97.15972
G1 X85.338 Y152.213 E97.17216
G1 X85.509 Y152.025 E97.18399
G1 X85.574 Y151.85 E97.19268
G1 X85.518 Y151.617 E97.20384
G1 X85.292 Y151.428 E97.21756
G1 X85.242 Y151.327 E97.22281
G1 X85.265 Y151.193 E97.22914
G1 X85.429 Y150.915 E97.24417
G1 X85.603 Y150.853 E97.25277
G1 X85.865 Y150.944 E97.26569
G1 X86.126 Y151.121 E97.28037
G1 X86.745 Y151.793 E97.32291
G1 X87.057 Y152.338 E97.35215
G1 F1090.9 X87.304 Y152.637 E97.37202
G1 F971.7 X87.438 Y153.172 E97.40374
G1 F924.9 X87.645 Y153.812 E97.44437
G1 F1034.5 X87.893 Y154.49 E97.48337
G1 F1200 X88.075 Y154.778 E97.49923
G1 X88.604 Y155.266 E97.53275
G1 X89.234 Y155.594 E97.56582
G1 X90.285 Y155.832 E97.616
G1 X90.661 Y156.024 E97.63566
G1 X90.953 Y156.287 E97.65395
G1 X91.169 Y156.621 E97.67248
G1 X91.287 Y156.962 E97.68928
G1 X91.32 Y157.336 E97.70676
G1 X91.257 Y157.712 E97.72451
G1 X91.107 Y158.057 E97.74203
G1 X91.608 Y157.973 E97.76568
G1 X92.043 Y157.813 E97.78727
G1 X92.61 Y157.64 E97.81487
G1 X93.202 Y157.606 E97.84248
G1 X93.778 Y157.709 E97.86973
G1 X94.304 Y157.944 E97.89655
G1 X94.797 Y158.33 E97.92571
G1 X95.145 Y158.765 E97.95165
G1 X95.401 Y159.338 E97.98087
G1 X95.505 Y159.878 E98.00648
G1 X95.501 Y160.074 E98.01561
G1 X95.896 Y159.944 E98.03497
G1 X96.275 Y159.914 E98.05267
G1 X96.661 Y159.988 E98.07098
G1 X97.033 Y160.164 E98.09014
G1 X97.354 Y160.432 E98.10961
G1 X97.574 Y160.755 E98.12781
G1 X97.722 Y161.159 E98.14784
G1 X97.752 Y161.54 E98.16564
G1 F960 X97.77 Y162.011 E98.19307
G1 X98.061 Y161.707 E98.21757
G1 F1200 X153.648 Y65.441 E103.39375
G1 F995.9 X153.776 Y65.055 E103.41657
G1 F895.5 X154.209 Y64.364 E103.46745
G1 F1027.8 X154.646 Y63.692 E103.51103
G1 F1243.5 X155.082 Y63.021 E103.54698
G1 F1286.9 X155.312 Y62.962 E103.55729
G1 F1200 X156.932 Y63.898 E103.64441
G1 F1283.4 X156.998 Y64.128 E103.65483
G1 F1237.1 X156.638 Y64.834 E103.69063
G1 F1030 X156.278 Y65.539 E103.73357
G1 F895.5 X155.891 Y66.269 E103.78512
G1 F995.9 X155.621 Y66.573 E103.80794
G1 F1200 X100.04 Y162.856 E108.98466
G1 F961.9 X99.909 Y163.279 E109.01039
G1 X100.338 Y163.035 E109.03906
G1 F1200 X100.665 Y162.879 E109.05593
G1 X101.086 Y162.794 E109.07592
G1 X101.517 Y162.834 E109.09608
G1 X101.883 Y162.959 E109.11409
G1 X102.224 Y163.196 E109.13343
G1 X102.478 Y163.494 E109.15166
G1 X102.652 Y163.844 E109.16986
G1 X102.737 Y164.253 E109.18931
G1 X102.903 Y164.151 E109.19838
G1 X103.472 Y163.96 E109.22633
G1 X104.062 Y163.91 E109.2539
G1 X104.607 Y163.99 E109.27955
G1 X105.162 Y164.211 E109.30737
G1 X105.645 Y164.559 E109.33509
G1 X106.027 Y165.013 E109.36272
G1 X106.292 Y165.539 E109.39014
G1 X106.421 Y166.12 E109.41785
G1 X106.502 Y166.567 E109.43901
G1 X106.68 Y167.051 E109.46302
G1 X106.906 Y166.747 E109.48066
G1 X107.206 Y166.503 E109.49867
G1 X107.541 Y166.344 E109.51593
G1 X107.9 Y166.274 E109.53296
G1 X108.292 Y166.297 E109.55125
G1 X108.673 Y166.418 E109.56986
G1 X109.02 Y166.648 E109.58925
G1 X109.75 Y167.441 E109.63944
G1 X110.353 Y167.824 E109.6727
G1 X111.027 Y168.033 E109.70556
G1 X111.389 Y168.047 E109.72243
G1 F1027.8 X111.7 Y167.998 E109.73954
G1 F875.9 X111.868 Y167.958 E109.75056
G1 F884 X112.146 Y167.915 E109.76834
G1 F930.2 X112.67 Y167.807 E109.80048
G1 F971.7 X113.28 Y167.633 E109.83696
G1 F1090.9 X113.662 Y167.698 E109.8568
G1 F1200 X114.283 Y167.696 E109.88572
G1 X115.183 Y167.899 E109.92868
G1 X115.489 Y168.051 E109.94459
G1 X115.676 Y168.222 E109.95639
G1 X115.708 Y168.401 E109.96486
G1 X115.518 Y168.735 E109.98275
G1 X115.368 Y168.789 E109.99017
G1 X115.057 Y168.674 E110.00561
G1 X114.831 Y168.729 E110.01644
G1 X114.707 Y168.882 E110.02561
G1 X114.627 Y169.125 E110.03753
G1 X114.614 Y169.396 E110.05016
G1 X114.667 Y169.653 E110.06238
G1 X114.791 Y169.898 E110.07516
G1 X114.965 Y170.096 E110.08744
G1 X115.193 Y170.246 E110.10015
G1 X115.44 Y170.33 E110.11229
G1 X115.719 Y170.35 E110.12532
G1 X115.977 Y170.3 E110.13756
G1 X116.23 Y170.182 E110.15056
G1 X116.425 Y170.013 E110.16257
G1 X116.58 Y169.788 E110.17529
G1 X116.67 Y169.532 E110.18793
G1 X116.722 Y168.968 E110.2143
G1 X116.63 Y168.401 E110.24105
G1 X116.402 Y167.87 E110.26796
G1 X116.06 Y167.418 E110.29435
G1 X115.611 Y167.069 E110.32083
G1 X115.082 Y166.828 E110.3479
G1 X114.565 Y166.729 E110.37241
G1 X114.034 Y166.732 E110.39714
G1 X113.502 Y166.845 E110.42246
G1 F1000 X113.123 Y167.1 E110.44799
G1 F898.9 X112.593 Y167.303 E110.48327
G1 F919.5 X111.894 Y167.424 E110.52637
G1 F995.9 X111.508 Y167.31 E110.54896
G1 F1159.4 X111.487 Y167.292 E110.55029
G1 F1200 X111.183 Y167.187 E110.56527
G1 X110.933 Y167.029 E110.57904
G1 X110.745 Y166.849 E110.59116
G1 X110.556 Y166.558 E110.60731
G1 X110.468 Y166.322 E110.61904
G1 X110.456 Y166.074 E110.6306
G1 X110.573 Y165.827 E110.64333
G1 X110.799 Y165.634 E110.65717
G1 X110.96 Y165.371 E110.67153
G1 X110.984 Y165.084 E110.68494
G1 X110.148 Y165.2 E110.72424
G1 X109.171 Y165.123 E110.76987
G1 X108.158 Y164.819 E110.81912
G1 X107.31 Y164.343 E110.8644
G1 X106.934 Y164.004 E110.88798
G1 X106.683 Y163.613 E110.90961
G1 X106.524 Y163.141 E110.9328
G1 X106.497 Y162.649 E110.95575
G1 X106.583 Y162.213 E110.97644
G1 X106.669 Y162.022 E110.98619
G1 X106.553 Y162.006 E110.99165
G1 X106.182 Y162.031 E111.00896
G1 X105.834 Y162.128 E111.02578
G1 X105.231 Y162.432 E111.05723
G1 X104.937 Y162.496 E111.07124
G1 X104.662 Y162.494 E111.08404
G1 X104.271 Y162.398 E111.10279
G1 X103.826 Y162.084 E111.12815
G1 X103.572 Y161.88 E111.14332
G1 X103.082 Y161.429 E111.17433
G1 X103.071 Y161.288 E111.18092
G1 X103.155 Y161.162 E111.18797
G1 X103.319 Y161.1 E111.19613
G1 X103.356 Y160.804 E111.21002
G1 X103.596 Y160.087 E111.24523
G1 X104.004 Y159.408 E111.28212
G1 X104.508 Y158.888 E111.31584
G1 X105.195 Y158.444 E111.35392
G1 X105.89 Y158.192 E111.38835
G1 X106.316 Y158.137 E111.40835
G1 X106.193 Y157.664 E111.43111
G1 X106.184 Y156.818 E111.4705
G1 X106.363 Y156.009 E111.50908
G1 X106.706 Y155.296 E111.54593
G1 X107.239 Y154.631 E111.58561
G1 X107.891 Y154.122 E111.62413
G1 X108.316 Y153.925 E111.64594
G1 X108.124 Y153.602 E111.66344
G1 X107.936 Y152.957 E111.69472
G1 X107.898 Y152.29 E111.72583
G1 X108.015 Y151.633 E111.7569
G1 X108.27 Y151.039 E111.787
G1 X109.435 Y149.031 E111.8951
G1 X109.559 Y148.938 E111.90232
G1 X110.808 Y148.625 E111.96227
G1 X110.746 Y147.212 E112.02813
G1 X112.877 Y143.515 E112.22683
G1 X112.639 Y143.243 E112.24366
G1 X112.628 Y143.079 E112.25131
G1 X113.208 Y142.066 E112.30567
G1 X113.433 Y141.731 E112.32446
G1 X113.718 Y141.447 E112.34319
G1 X114.063 Y141.215 E112.36255
G1 X114.445 Y141.06 E112.38175
G1 X115.272 Y140.884 E112.42112
G1 X116.071 Y140.841 E112.45838
G1 X116.455 Y140.884 E112.47637
G1 X116.356 Y140.621 E112.48946
G1 X116.228 Y139.99 E112.51944
G1 X116.197 Y139.3 E112.5516
G1 X116.343 Y138.097 E112.60803
G1 X116.667 Y136.959 E112.66312
G1 X117.182 Y135.872 E112.71913
G1 X119.296 Y132.21 E112.91602
G1 F1500 E106.41602
G0 F6000 X118.684 Y131.856
G0 X104.524 Y156.934
G0 X104.907 Y157.845
G0 X102.86 Y159.685
G0 X102.076 Y160.043
G0 X99.909 Y163.279
G1 F1500 E112.91602
G1 F817.7 X99.685 Y163.644 E112.94529
G0 F6000 X99.445 Y164.237
G1 F687.7 X99.265 Y164.44 E112.96733
G1 F744.2 X98.34 Y166.044 E113.10636
G1 F928.4 X98.111 Y166.183 E113.12248
G1 F1445.8 X97.928 Y166.391 E113.13319
G1 F1188.1 X97.779 Y166.907 E113.15845
G1 F848.1 X97.654 Y167.189 E113.17877
G1 F808.1 X97.503 Y167.44 E113.19903
G1 F1500 E106.69903
G0 F6000 X96.526 Y169.137
G1 F1500 E113.19903
G1 F808.1 X96.374 Y169.393 E113.21961
G1 F1500 E106.71961
G0 F6000 X95.401 Y171.084
G1 F1500 E113.21961
G1 F804 X95.246 Y171.344 E113.24065
G1 F1500 E106.74065
G0 F6000 X94.272 Y173.04
G1 F1500 E113.24065
G1 F801.3 X94.121 Y173.291 E113.26107
G1 F1500 E106.76107
G0 F6000 X93.146 Y174.992
G1 F1500 E113.26107
G1 F805.4 X92.998 Y175.24 E113.28111
G1 F1500 E106.78111
G0 F6000 X92.02 Y176.943
G1 F1500 E113.28111
G1 F801.3 X91.873 Y177.187 E113.30098
G1 F1500 E106.80098
G0 F6000 X90.893 Y178.893
G1 F1500 E113.30098
G1 F802.7 X90.745 Y179.139 E113.32096
G1 F1500 E106.82096
G0 F6000 X89.767 Y180.844
G1 F1500 E113.32096
G1 F798.7 X89.62 Y181.091 E113.34107
G1 F1500 E106.84107
G0 F6000 X88.639 Y182.796
G1 F1500 E113.34107
G1 F797.3 X88.491 Y183.042 E113.36119
G1 F1500 E106.86119
G0 F6000 X87.511 Y184.746
G1 F1500 E113.36119
G1 F796 X87.363 Y184.994 E113.38146
G1 F1500 E106.88146
G0 F6000 X86.386 Y186.699
G1 F1500 E113.38146
G1 F797.3 X86.24 Y186.942 E113.40133
G1 F1500 E106.90133
G0 F6000 X83.992 Y185.967
G1 F1500 E113.40133
G1 F849.6 X84.183 Y185.554 E113.43126
G1 F793.4 X84.258 Y185.428 E113.44158
G1 F1500 E106.94158
G0 F6000 X85.117 Y184.017
G1 F1500 E113.44158
G1 F854.1 X85.382 Y183.476 E113.481
G1 F1500 E106.981
G0 F6000 X86.243 Y182.065
G1 F1500 E113.481
G1 F851.1 X86.435 Y181.65 E113.51102
G1 F794.7 X86.509 Y181.524 E113.52129
G1 F1500 E107.02129
G0 F6000 X87.369 Y180.114
G1 F1500 E113.52129
G1 F855.6 X87.562 Y179.699 E113.55118
G1 F796 X87.636 Y179.57 E113.56162
G1 F1500 E107.06162
G0 F6000 X88.494 Y178.167
G1 F1500 E113.56162
G1 F861.8 X88.777 Y177.601 E113.60265
G1 F1500 E107.10265
G0 F6000 X89.622 Y176.214
G1 F1500 E113.60265
G1 F854.1 X89.815 Y175.798 E113.63265
G1 F797.3 X89.889 Y175.671 E113.64295
G1 F1500 E107.14295
G0 F6000 X90.746 Y174.263
G1 F1500 E113.64295
G1 F858.7 X91.028 Y173.7 E113.68393
G1 F1500 E107.18393
G0 F6000 X91.871 Y172.314
G1 F1500 E113.68393
G1 F866.4 X92.155 Y171.749 E113.72471
G1 F1500 E107.22471
G0 F6000 X92.997 Y170.363
G1 F1500 E113.72471
G1 F863.3 X93.28 Y169.798 E113.76561
G1 F1500 E107.26561
G0 F6000 X94.125 Y168.411
G1 F1500 E113.76561
G1 F864.9 X94.408 Y167.845 E113.8065
G1 F1500 E107.3065
G0 F6000 X95.251 Y166.459
G1 F1500 E113.8065
G1 F864.9 X95.531 Y165.896 E113.84712
G1 F857.1 X95.695 Y165.681 E113.86475
G1 F1162.2 X96.046 Y165.302 E113.88958
G1 F1359.8 X96.134 Y165.04 E113.90094
G1 F912.5 X96.145 Y164.781 E113.91681
G1 F739.6 X97.103 Y163.119 E114.06175
G1 F683.8 X97.16 Y162.917 E114.0789
G0 F6000 X97.554 Y162.413
G1 F819.1 X97.77 Y162.011 E114.11003
G1 F1500 E107.61003
G0 F6000 X97.981 Y161.372
G0 X96.887 Y161.523
G0 X95.855 Y162.342
G0 X83.292 Y185.167
G0 X82.733 Y186.525
G0 X82.434 Y188.655
G1 F1500 E114.11003
G1 F890.5 X83.196 Y187.335 E114.20566
G1 X82.997 Y187.425 E114.21937
G1 X82.785 Y187.463 E114.23288
G1 X82.527 Y187.529 E114.24959
G1 X82.315 Y187.54 E114.26291
G1 X82.446 Y188.361 E114.31507
G1 X82.434 Y188.655 E114.33354
G1 F1500 E107.83354
G0 F6000 X82.575 Y188.061
G0 X84.953 Y189.435
G0 X84.52 Y189.859
G1 F1500 E114.33354
G1 F893.9 X84.767 Y189.701 E114.35187
G1 X85.543 Y189.404 E114.40381
G1 X85.438 Y189.203 E114.41798
G1 X85.304 Y188.72 E114.44932
G1 X85.29 Y188.521 E114.46179
G1 X84.52 Y189.859 E114.55829
G1 F1500 E108.05829
G0 F6000 X84.964 Y189.442
G0 X85.177 Y190.547
G0 X84.273 Y192.304
G0 X82.637 Y193.91
G1 F1500 E114.55829
G1 F1200 X83.868 Y193.586 E114.61756
G1 X83.641 Y193.199 E114.63846
G1 X83.433 Y192.554 E114.67001
G1 X83.353 Y191.942 E114.69875
G1 X83.366 Y191.718 E114.7092
G1 F1209.1 X82.301 Y193.564 E114.80769
G1 F1322.3 X82.068 Y193.624 E114.81786
G1 F1333.3 X82.341 Y193.747 E114.83041
G1 F1218.3 X82.637 Y193.91 E114.84591
G0 F6000 X82.068 Y193.624
G1 F1445.8 X81.925 Y193.544 E114.85224
G0 F6000 X80.96 Y193.669
G1 F1027.8 X81.406 Y193.577 E114.877
G1 F1148.3 X81.822 Y193.521 E114.89742
G1 F1371.4 X81.925 Y193.544 E114.90172
G1 F1200 X81.439 Y193.341 E114.92625
G1 F1027.8 X81.056 Y193.12 E114.95029
G1 F1066.7 X80.601 Y192.799 E114.97946
G1 X80.807 Y193.324 E115.009
G1 F1027.8 X80.905 Y193.607 E115.02528
G1 X80.96 Y193.669 E115.02979
G0 F6000 X81.096 Y193.385
G0 X80.186 Y192.24
G0 X80.538 Y192.743
G1 F1454.5 X80.421 Y192.675 E115.03498
G1 F1326 X80.333 Y192.433 E115.04584
G1 F1209.1 X81.387 Y190.602 E115.14347
G1 F1200 X81.247 Y190.697 E115.15135
G1 X80.636 Y190.952 E115.18218
G1 X79.98 Y191.085 E115.21335
G1 X79.531 Y191.084 E115.23426
G1 X79.868 Y192.312 E115.29355
G1 F1209.1 X80.153 Y192.481 E115.30886
G1 F1326 X80.421 Y192.675 E115.32281
M104 S210
G1 F1500 E108.82281
;MESH:NONMESH
G0 F300 X80.421 Y192.675 Z0.56
G0 F6000 X80.166 Y192.163
G0 X79.872 Y193.312
G0 X80.009 Y193.742
G0 X84.197 Y204.191
;TIME_ELAPSED:176.577888
;LAYER:1
M106 S85
;TYPE:SKIRT
G1 F1500 E115.32281
G1 F1200 X83.299 Y204.293 E115.36489
G1 X82.397 Y204.314 E115.4069
G1 X81.358 Y204.239 E115.45541
G1 X80.124 Y204.084 E115.51332
G1 X79.355 Y203.97 E115.54952
G1 X78.469 Y203.798 E115.59154
G1 X77.601 Y203.548 E115.63361
G1 X76.758 Y203.223 E115.67567
G1 X75.948 Y202.824 E115.71772
G1 X75.176 Y202.356 E115.75976
G1 X74.449 Y201.82 E115.80181
G1 X73.771 Y201.223 E115.84388
G1 X73.137 Y200.557 E115.8867
G1 X72.684 Y200.017 E115.91952
G1 X71.676 Y198.73 E115.99564
G1 X71.151 Y197.995 E116.0377
G1 X70.693 Y197.217 E116.07974
G1 X70.306 Y196.401 E116.12179
G1 X69.926 Y195.337 E116.1744
G1 X69.703 Y194.57 E116.21159
G1 X69.415 Y193.475 E116.26431
G1 X69.225 Y192.592 E116.30637
G1 X69.113 Y191.696 E116.34842
G1 X69.08 Y190.793 E116.39049
G1 X69.128 Y189.891 E116.43255
G1 X69.255 Y188.997 E116.4746
G1 X69.495 Y188.001 E116.5223
G1 X69.748 Y187.141 E116.56405
G1 X70.028 Y186.234 E116.60825
G1 X70.715 Y183.771 E116.72731
G1 X71.332 Y181.286 E116.84654
G1 X71.872 Y178.819 E116.96413
G1 X72.343 Y176.331 E117.08204
G1 X72.748 Y173.798 E117.20149
G1 X73.075 Y171.307 E117.31847
G1 X73.335 Y168.767 E117.43736
G1 X73.523 Y166.227 E117.55596
G1 X73.639 Y163.697 E117.67389
G1 X73.682 Y161.165 E117.79181
G1 X73.654 Y158.63 E117.90986
G1 X73.555 Y156.114 E118.0271
G1 X73.26 Y152.128 E118.21321
G1 X73.233 Y151.225 E118.25528
G1 X73.286 Y150.323 E118.29735
G1 X73.382 Y149.633 E118.32979
G1 X73.438 Y149.31 E118.34506
G1 X73.631 Y148.427 E118.38714
G1 X73.902 Y147.566 E118.42918
G1 X74.224 Y146.784 E118.46855
G1 X74.359 Y146.491 E118.48358
G1 X74.773 Y145.688 E118.52564
G1 X75.256 Y144.925 E118.56769
G1 X75.797 Y144.217 E118.60918
G1 X76.006 Y143.967 E118.62436
G1 X76.616 Y143.3 E118.66644
G1 X77.282 Y142.69 E118.7085
G1 X77.945 Y142.18 E118.74745
G1 X78.46 Y141.816 E118.77681
G1 X79.208 Y141.334 E118.81825
G1 X81.774 Y139.837 E118.95658
G1 X83.923 Y138.495 E119.07455
G1 X86.048 Y137.085 E119.1933
G1 X88.111 Y135.628 E119.31091
G1 X90.146 Y134.105 E119.42927
G1 X92.13 Y132.529 E119.54725
G1 X94.09 Y130.881 E119.66649
G1 X95.966 Y129.209 E119.7835
G1 X97.831 Y127.452 E119.90281
G1 X99.62 Y125.666 E120.02052
G1 X101.382 Y123.807 E120.13979
G1 X103.052 Y121.939 E120.25646
G1 X104.691 Y120.001 E120.37465
G1 X106.306 Y117.978 E120.49519
G1 X107.805 Y115.987 E120.61123
G1 X109.114 Y114.153 E120.71615
G1 X109.96 Y113.12 E120.77833
G1 X110.471 Y112.573 E120.81318
G1 X112.23 Y110.636 E120.93502
G1 X113.889 Y108.703 E121.05363
G1 X115.479 Y106.741 E121.17122
G1 X117.035 Y104.704 E121.29058
G1 X118.496 Y102.677 E121.40693
G1 X119.946 Y100.54 E121.52718
G1 X121.295 Y98.424 E121.64403
G1 X122.743 Y95.998 E121.77559
G1 X141.262 Y63.924 E123.50016
G1 X142.03 Y62.637 E123.56994
G1 X142.93 Y61.213 E123.64838
G1 X143.519 Y60.348 E123.69711
G1 X144.166 Y59.442 E123.74895
G1 X144.404 Y59.123 E123.76749
G1 X145.241 Y58.046 E123.831
G1 X145.894 Y57.247 E123.87905
G1 X146.358 Y56.708 E123.91217
G1 X147.467 Y55.455 E123.99008
G1 X148.262 Y54.59 E124.04479
G1 X149.638 Y53.181 E124.13649
G1 X150.437 Y52.397 E124.18862
G1 X151.79 Y51.145 E124.27445
G1 X152.286 Y50.702 E124.30542
G1 X152.986 Y50.13 E124.34751
G1 X153.733 Y49.623 E124.38955
G1 X154.523 Y49.184 E124.43163
G1 X155.347 Y48.817 E124.47364
G1 X156.202 Y48.524 E124.51572
G1 X157.079 Y48.307 E124.55779
G1 X157.971 Y48.17 E124.59981
G1 X158.872 Y48.111 E124.64186
G1 X159.775 Y48.133 E124.68392
G1 X160.673 Y48.234 E124.72599
G1 X161.557 Y48.414 E124.768
G1 X162.423 Y48.672 E124.81008
G1 X163.262 Y49.005 E124.85211
G1 X164.069 Y49.412 E124.8942
G1 X164.836 Y49.888 E124.93623
G1 X165.559 Y50.43 E124.9783
G1 X166.23 Y51.034 E125.02034
G1 X166.846 Y51.695 E125.06242
G1 X167.4 Y52.407 E125.10442
G1 X167.89 Y53.166 E125.14649
G1 X168.31 Y53.966 E125.18856
G1 X168.658 Y54.799 E125.2306
G1 X168.931 Y55.66 E125.27266
G1 X169.127 Y56.542 E125.31473
G1 X169.244 Y57.437 E125.35676
G1 X169.281 Y58.339 E125.3988
G1 X169.238 Y59.241 E125.44084
G1 X169.109 Y60.176 E125.48479
G1 X168.994 Y60.756 E125.51233
G1 X168.655 Y62.277 E125.58489
G1 X168.362 Y63.483 E125.64268
G1 X167.843 Y65.356 E125.73318
G1 X167.435 Y66.719 E125.79943
G1 X166.806 Y68.601 E125.89183
G1 X166.466 Y69.549 E125.93872
G1 X165.973 Y70.81 E126.00177
G1 X165.555 Y71.801 E126.05185
G1 X165.097 Y72.806 E126.10328
G1 X164.509 Y74.01 E126.16567
G1 X163.85 Y75.255 E126.23126
G1 X163.092 Y76.611 E126.3036
G1 X144.564 Y108.703 E128.02911
G1 X143.305 Y110.958 E128.14936
G1 X142.137 Y113.195 E128.26687
G1 X141.013 Y115.503 E128.38641
G1 X139.98 Y117.789 E128.50322
G1 X138.978 Y120.185 E128.62415
G1 X138.087 Y122.497 E128.73952
G1 X137.232 Y124.916 E128.85899
G1 X136.446 Y127.357 E128.9784
G1 X136.18 Y128.238 E129.02125
G1 X135.881 Y129.09 E129.0633
G1 X135.702 Y129.509 E129.08452
G1 X134.991 Y131.074 E129.16456
G1 X133.956 Y133.476 E129.28634
G1 X133.023 Y135.819 E129.40378
G1 X132.152 Y138.201 E129.52187
G1 X131.344 Y140.621 E129.64068
G1 X130.612 Y143.04 E129.75836
G1 X129.943 Y145.497 E129.87693
G1 X129.337 Y148.007 E129.99717
G1 X128.816 Y150.456 E130.11375
G1 X128.358 Y152.964 E130.23247
G1 X127.976 Y155.448 E130.34949
G1 X127.659 Y157.982 E130.46841
G1 X127.417 Y160.495 E130.58596
G1 X127.244 Y163.055 E130.70544
G1 X127.143 Y165.597 E130.8239
G1 X127.114 Y167.978 E130.93478
G1 X127.115 Y169.026 E130.98358
G1 X127.062 Y170.077 E131.03258
G1 X127.007 Y170.613 E131.05767
G1 X126.875 Y171.507 E131.09975
G1 X126.664 Y172.385 E131.14179
G1 X126.47 Y172.99 E131.17138
G1 X126.364 Y173.288 E131.18611
G1 X126.024 Y174.125 E131.22817
G1 X125.611 Y174.928 E131.27022
G1 X125.19 Y175.604 E131.3073
G1 X125.016 Y175.86 E131.32172
G1 X124.476 Y176.583 E131.36374
G1 X123.874 Y177.257 E131.40582
G1 X123.322 Y177.78 E131.44122
G1 X123.087 Y177.987 E131.45581
G1 X122.384 Y178.553 E131.49783
G1 X121.633 Y179.055 E131.53989
G1 X120.766 Y179.525 E131.58582
G1 X117.777 Y180.963 E131.74027
G1 X115.53 Y182.123 E131.85802
G1 X113.327 Y183.339 E131.97519
G1 X111.1 Y184.654 E132.09561
G1 X108.974 Y185.99 E132.21253
G1 X106.851 Y187.411 E132.33149
G1 X104.792 Y188.874 E132.4491
G1 X102.753 Y190.412 E132.56803
G1 X100.793 Y191.979 E132.68488
G1 X98.822 Y193.649 E132.80517
G1 X96.96 Y195.319 E132.92163
G1 X95.107 Y197.078 E133.0406
G1 X93.32 Y198.873 E133.15854
G1 X91.595 Y200.698 E133.27548
G1 X90.946 Y201.326 E133.31753
G1 X90.244 Y201.894 E133.35958
G1 X89.495 Y202.398 E133.40161
G1 X88.704 Y202.834 E133.44367
G1 X87.878 Y203.199 E133.48572
G1 X86.966 Y203.504 E133.5305
G1 X85.746 Y203.845 E133.58948
G1 X85.082 Y204.011 E133.62135
G1 X84.197 Y204.191 E133.66341
G1 F1500 E127.16341
;MESH:Sunraiser_3_v0.stl
G0 F7500 X82.914 Y194.706
G0 X82.679 Y193.487
;TYPE:WALL-INNER
G1 F1500 E133.66341
G1 F1556.2 X83.266 Y193.331 E133.68794
G1 X83.082 Y192.79 E133.71102
G1 X82.679 Y193.487 E133.74355
G1 F1500 E127.24355
G0 F7500 X80.342 Y192.13
G0 X80.214 Y192.055
G1 F1500 E133.74355
G1 F1538.5 X80.604 Y191.381 E133.77536
G1 X80.049 Y191.454 E133.79824
G1 X80.214 Y192.055 E133.8237
G1 F1500 E127.3237
G0 F7500 X80.966 Y191.073
G0 X80.856 Y189.966
G0 X81.272 Y186.649
G0 X95.856 Y162.34
G0 X96.855 Y161.695
G0 X97.959 Y161.636
G0 X98.133 Y160.004
G1 F1500 E133.8237
G1 F978.3 X98.694 Y159.034 E133.89571
G1 F1050.6 X98.927 Y158.706 E133.91978
G1 X98.694 Y159.034 E133.94386
G1 F978.3 X98.072 Y159.264 E133.98647
G1 F1189.4 X97.255 Y159.017 E134.03158
G1 F1421.1 X96.4 Y158.73 E134.07147
G1 F1330 X95.943 Y158.541 E134.09485
G1 F1320.3 X96.183 Y159.118 E134.1246
G1 F1330 X96.308 Y159.114 E134.13051
G1 F1443.9 X96.908 Y159.258 E134.15738
G1 F1491.7 X97.353 Y159.438 E134.1776
G1 F1317.1 X97.593 Y159.558 E134.19041
G1 F1090.9 X97.903 Y159.748 E134.21136
G1 F978.3 X98.133 Y160.004 E134.23348
G0 F7500 X98.94 Y159.131
G0 X98.927 Y158.706
G1 F1071.4 X99.073 Y158.397 E134.25353
G1 F1106.6 X99.166 Y158.269 E134.26252
G1 F1229.5 X99.324 Y158.05 E134.27786
G1 F1438.8 X99.344 Y158.021 E134.27957
G1 F1295 X99.574 Y157.676 E134.29969
G1 F1360.2 X99.871 Y157.142 E134.32793
G1 F1270.6 X100.037 Y156.815 E134.34608
G0 F7500 X99.887 Y155.125
G0 X101.025 Y154.401
G0 X100.784 Y154.757
G1 F1038.5 X100.751 Y154.701 E134.35001
G1 X100.686 Y154.701 E134.35395
G1 X100.654 Y154.757 E134.35785
G1 X100.687 Y154.813 E134.36179
G1 X100.752 Y154.813 E134.36572
G1 X100.784 Y154.757 E134.36962
G0 F7500 X101.025 Y154.401
G0 X99.887 Y155.125
G0 X100.037 Y156.815
G1 F1276.6 X100.358 Y156.303 E134.39938
G1 F1363.6 X100.545 Y155.981 E134.41655
G1 F1515.2 X100.695 Y155.722 E134.43034
G1 F1363.6 X100.862 Y155.434 E134.44569
G1 F1515.2 X100.993 Y155.207 E134.45777
G1 F1363.6 X101.804 Y153.808 E134.53232
G1 F1455.5 X102.406 Y152.809 E134.58269
G1 F1409.9 X102.883 Y151.917 E134.62779
G1 F1153.8 X103.145 Y151.356 E134.66152
G1 F1038.5 X103.54 Y150.674 E134.70923
G1 X103.086 Y150.894 E134.73977
G1 F1075.7 X102.709 Y151.006 E134.76275
G1 F1156.3 X102.551 Y151.641 E134.79833
G1 F1298.1 X102.133 Y152.591 E134.84859
G1 F1399 X101.554 Y153.476 E134.89611
G1 F1370.6 X100.763 Y154.209 E134.94557
G1 F1350 X100.232 Y154.5 E134.97377
G1 X100.291 Y155.154 E135.00434
G1 X100.26 Y155.746 E135.03195
G1 X100.204 Y156.123 E135.04969
G1 F1276.6 X100.037 Y156.815 E135.08475
G1 F1500 E128.58475
G0 F7500 X101.416 Y157.804
G0 X101.748 Y157.999
G0 X103.25 Y158.754
G1 F1500 E135.08475
G1 F1270.6 X103.094 Y158.995 E135.09895
G1 F1336.6 X102.785 Y159.518 E135.12752
G1 F1270.6 X102.597 Y159.891 E135.14819
G1 F1411.8 X102.572 Y159.94 E135.15091
G1 F1214.6 X102.47 Y160.171 E135.16543
G1 F1093.1 X102.405 Y160.316 E135.17457
G1 F1046.5 X102.304 Y160.448 E135.18455
G1 F1088.7 X102.123 Y160.761 E135.20543
G0 F7500 X101.856 Y160.856
G0 X103.222 Y163.182
G1 F1336.6 X103.874 Y163.112 E135.23627
G1 X103.449 Y162.802 E135.26101
G1 F1413.6 X102.75 Y162.18 E135.30261
G1 F1181.6 X102.153 Y161.619 E135.3462
G1 F998.2 X102.054 Y160.968 E135.38767
G1 F1026.6 X102.098 Y160.837 E135.39613
G1 F1000 X101.48 Y161.936 E135.47539
G1 F974.7 X101.817 Y162.008 E135.49761
G1 F1088.7 X102.139 Y162.184 E135.5188
G1 F1313.9 X102.356 Y162.326 E135.53121
G1 F1491.7 X102.744 Y162.627 E135.5519
G1 F1451.6 X103.163 Y163.075 E135.57846
G1 F1336.6 X103.222 Y163.182 E135.58421
G0 F7500 X104.643 Y163.346
G0 X105.909 Y163.785
G1 F1463.4 X105.756 Y163.301 E135.60602
G1 X105.732 Y163.059 E135.61646
G1 X105.512 Y163.165 E135.62695
G1 X104.991 Y163.297 E135.65004
G1 X105.564 Y163.533 E135.67666
G1 X105.909 Y163.785 E135.69501
G0 F7500 X106.459 Y164.503
G0 X107.126 Y165.673
G1 F1475.4 X107.313 Y165.595 E135.70364
G1 X107.775 Y165.501 E135.72373
G1 X106.902 Y165.007 E135.76647
G1 X107.074 Y165.424 E135.78569
G1 X107.126 Y165.673 E135.79652
G0 F7500 X107.879 Y165.621
G0 X108.327 Y165.65
G0 X109.664 Y166.017
G1 F1046.5 X109.632 Y165.962 E135.80035
G1 X109.568 Y165.962 E135.80419
G1 X109.536 Y166.017 E135.80801
G1 X109.568 Y166.072 E135.81183
G1 X109.632 Y166.072 E135.81568
G1 X109.664 Y166.017 E135.8195
G0 F7500 X110.957 Y167.557
G1 F1176.5 X111.09 Y167.609 E135.82713
G1 F1330 X111.409 Y167.665 E135.84244
G0 F7500 X111.751 Y167.619
G0 X114.086 Y167.212
G1 F960.9 X114.234 Y167.211 E135.85212
G1 F923.1 X114.519 Y167.233 E135.87159
G1 F879.5 X114.927 Y167.317 E135.90136
G1 F935.9 X115.368 Y167.471 E135.93274
G1 F1095.3 X115.755 Y167.719 E135.95912
G1 F1227.3 X116.035 Y168.033 E135.98067
G1 F1291.9 X116.106 Y168.203 E135.98963
G0 F7500 X116.296 Y168.834
G0 X116.334 Y169.362
G0 X116.059 Y169.78
G0 X115.787 Y169.499
G1 F1307.5 X115.671 Y169.54 E135.99555
G0 F7500 X115.695 Y169.947
G1 F1350 X116.01 Y169.844 E136.01098
G1 X116.22 Y169.605 E136.02579
G1 X116.276 Y169.446 E136.03364
G1 X116.319 Y168.982 E136.05534
G1 X116.244 Y168.514 E136.07741
G1 F1336.6 X116.106 Y168.203 E136.09341
G1 X116.089 Y168.555 E136.10999
G1 F1350 X115.925 Y168.832 E136.12497
G1 F1500 X115.892 Y168.887 E136.12796
G1 X115.719 Y169.074 E136.13982
G1 X115.475 Y169.173 E136.15208
G1 X115.452 Y169.174 E136.15316
G1 F1350 X115.317 Y169.178 E136.15945
G1 X115.056 Y169.101 E136.17212
G1 X115.016 Y169.364 E136.1845
G1 X115.048 Y169.52 E136.19192
G1 X115.23 Y169.792 E136.20716
G1 X115.52 Y169.935 E136.22221
G1 X115.695 Y169.947 E136.23038
G1 F1500 E129.73038
G0 F7500 X116.338 Y169.421
G0 X116.296 Y168.834
G0 X116.158 Y168.444
G0 X115.926 Y168.103
G0 X115.615 Y167.831
G0 X115.247 Y167.652
G0 X114.384 Y167.465
G0 X112.61 Y167.485
G0 X112.308 Y166.425
G0 X111.61 Y164.135
G0 X105.995 Y158.871
G0 X105.816 Y157.799
G0 X105.041 Y156.964
G0 X104.801 Y157.069
G1 F1500 E136.23038
G1 F1022.7 X104.768 Y157.012 E136.23443
G1 X104.702 Y157.012 E136.23849
G1 X104.669 Y157.069 E136.24254
G1 X104.702 Y157.126 E136.24658
G1 X104.768 Y157.126 E136.25064
G1 X104.801 Y157.069 E136.25469
G0 F7500 X105.041 Y156.964
G0 X104.91 Y157.841
G0 X103.25 Y158.754
G1 F1285.7 X103.804 Y158.204 E136.29286
G1 F1350 X104.103 Y157.967 E136.31062
G1 X104.61 Y157.636 E136.33882
G1 X105.201 Y157.37 E136.36899
G1 X105.195 Y156.709 E136.39978
G1 F1356.8 X105.419 Y155.721 E136.44671
G1 F1391.8 X105.899 Y154.763 E136.49511
G1 F1360.2 X106.501 Y153.945 E136.54205
G1 F1232.9 X106.97 Y153.484 E136.57558
G1 F1102 X106.892 Y153.07 E136.59961
G1 F1046.5 X106.859 Y152.579 E136.62917
G1 X106.469 Y153.268 E136.67673
G1 F1161.3 X106.091 Y153.809 E136.71245
G1 F1413.6 X105.574 Y154.635 E136.75578
G1 F1455.5 X105.01 Y155.659 E136.80627
G1 F1363.6 X104.207 Y157.055 E136.88051
G1 F1515.2 X104.077 Y157.281 E136.89253
G1 F1363.6 X103.903 Y157.582 E136.90856
G1 F1515.2 X103.753 Y157.843 E136.92244
G1 F1363.6 X103.565 Y158.17 E136.93983
G1 F1285.7 X103.25 Y158.754 E136.97227
G1 F1500 E130.47227
G0 F7500 X102.952 Y159.123
G0 X101.562 Y158.321
G0 X100.787 Y158.893
G0 X99.851 Y158.353
G0 X99.481 Y158.568
G0 X98.514 Y158.728
G0 X97.196 Y158.429
G0 X95.206 Y157.648
G1 F1500 E136.97227
G1 F1463.4 X95.064 Y157.182 E136.99319
G1 X95.035 Y156.883 E137.0061
G1 X94.814 Y156.983 E137.01652
G1 X94.322 Y157.094 E137.03818
G1 X94.734 Y157.28 E137.0576
G1 X95.206 Y157.648 E137.08331
G0 F7500 X93.956 Y157.08
G0 X93.356 Y156.976
G0 X92.077 Y156.981
G1 F1475.4 X92.328 Y156.902 E137.09452
G1 X92.766 Y156.845 E137.11334
G1 X91.899 Y156.333 E137.15624
G1 X92.05 Y156.783 E137.17646
G1 X92.077 Y156.981 E137.18498
G0 F7500 X91.748 Y156.309
G0 X91.5 Y155.934
G0 X90.606 Y155.014
G1 F1046.5 X90.574 Y154.959 E137.1888
G1 X90.51 Y154.959 E137.19264
G1 X90.478 Y155.014 E137.19647
G1 X90.51 Y155.069 E137.20029
G1 X90.574 Y155.069 E137.20413
G1 X90.606 Y155.014 E137.20795
G0 F7500 X88.492 Y154.581
G1 F1192.1 X88.403 Y154.505 E137.21413
G1 F1326.8 X88.215 Y154.284 E137.22787
G0 F7500 X88.083 Y153.962
G0 X87.26 Y151.717
G1 F955.8 X87.19 Y151.593 E137.23724
G1 F923.1 X87.033 Y151.363 E137.2562
G1 F885.2 X86.752 Y151.049 E137.28612
G1 F939.1 X86.399 Y150.742 E137.31744
G1 F1050.6 X86.024 Y150.544 E137.34281
G1 F1148.9 X85.576 Y150.444 E137.36793
G1 F1252.9 X85.399 Y150.471 E137.37691
G0 F7500 X84.757 Y150.625
G0 X84.159 Y150.918
G0 X84.053 Y151.373
G0 X84.437 Y151.407
G1 F1291.9 X84.458 Y151.518 E137.38241
G0 F7500 X84.778 Y152.046
G1 F1350 X84.941 Y151.993 E137.39039
G1 X85.147 Y151.83 E137.40262
G1 X84.914 Y151.583 E137.41843
G1 X84.897 Y151.503 E137.42224
G1 F1500 X84.841 Y151.245 E137.43453
G1 X84.917 Y150.996 E137.44666
G1 X84.946 Y150.945 E137.44939
G1 F1350 X85.108 Y150.659 E137.46469
G1 F1323.5 X85.399 Y150.471 E137.48115
G1 X85.059 Y150.509 E137.4974
G1 F1346.6 X84.621 Y150.674 E137.51925
G1 F1350 X84.231 Y150.949 E137.54147
G1 X84.055 Y151.226 E137.55675
G1 X84.037 Y151.549 E137.57181
G1 X84.183 Y151.841 E137.58701
G1 X84.454 Y152.023 E137.60221
G1 X84.778 Y152.046 E137.61734
G1 F1500 E131.11734
G0 F7500 X84.51 Y151.928
G0 X84.102 Y151.543
G0 X84.159 Y150.918
G0 X84.757 Y150.625
G0 X85.163 Y150.549
G0 X85.575 Y150.578
G0 X85.965 Y150.714
G0 X86.305 Y150.941
G0 X86.965 Y151.668
G0 X87.601 Y151.891
G0 X101.634 Y155.263
G0 X106.364 Y145.826
G1 F1500 E137.61734
G1 F891.1 X106.326 Y145.761 E137.62265
G1 X106.251 Y145.761 E137.62794
G1 X106.214 Y145.826 E137.63322
G1 X106.252 Y145.891 E137.63853
G1 X106.327 Y145.891 E137.64382
G1 X106.364 Y145.826 E137.6491
G1 F1500 E131.1491
G0 F7500 X104.541 Y148.913
G0 X99.887 Y155.125
G0 X100.108 Y155.709
G0 X99.279 Y157.104
G0 X98.859 Y157.683
G0 X99.023 Y158.61
G0 X98.154 Y160.422
G0 X98.096 Y161.021
G1 F1500 E137.6491
G1 F1343.3 X99.833 Y158.011 E137.81173
G1 F1492.5 X100.029 Y157.673 E137.83001
G1 F1343.3 X100.044 Y157.646 E137.83146
G1 F1492.5 X100.161 Y157.443 E137.84242
G1 F1343.3 X100.445 Y156.952 E137.86896
G1 F1492.5 X100.485 Y156.882 E137.87274
G1 F1343.3 X100.513 Y156.833 E137.87538
G1 F1492.5 X100.756 Y156.411 E137.89817
G1 F1343.3 X100.769 Y156.39 E137.89932
G1 F1492.5 X100.791 Y156.352 E137.90138
G1 F1343.3 X104.572 Y149.8 E138.25538
G1 F1406.2 X104.935 Y149.21 E138.28635
G1 F1483.5 X106.178 Y147.06 E138.39158
G1 F1413.6 X106.486 Y146.49 E138.42039
G1 F1350 X106.987 Y145.621 E138.4671
G1 F1232.9 X107.211 Y145.16 E138.49323
G1 F1136.8 X109.199 Y141.719 E138.71297
G1 F1093.1 X109.525 Y141.113 E138.75255
G1 X109.01 Y141.419 E138.787
G1 F1136.8 X108.818 Y141.428 E138.79762
G1 X106.8 Y144.923 E139.02078
G1 F1232.9 X106.525 Y145.137 E139.03855
G1 F1350 X105.693 Y145.57 E139.08222
G1 X105.937 Y146.422 E139.12349
G1 F1402.6 X105.91 Y146.789 E139.13998
G1 F1471.4 X104.632 Y149.011 E139.24949
G1 F1409.9 X104.201 Y149.629 E139.28309
G1 F1346.6 X103.547 Y150.161 E139.32244
G1 F1350 X102.818 Y150.513 E139.36014
G1 X102.284 Y150.628 E139.38557
G1 X102.144 Y151.552 E139.42909
G1 X101.798 Y152.422 E139.47268
G1 X101.26 Y153.209 E139.51708
G1 X100.521 Y153.886 E139.56374
G1 X99.772 Y154.295 E139.60348
G1 X99.856 Y154.771 E139.62599
G1 X99.888 Y155.205 E139.64625
G1 X99.86 Y155.725 E139.6705
G1 X99.795 Y156.121 E139.68919
G1 X99.64 Y156.67 E139.71575
G1 X99.504 Y156.978 E139.73143
G1 X99.24 Y157.468 E139.75734
G1 X98.996 Y157.785 E139.77597
G1 X98.627 Y158.196 E139.80169
G1 X98.6 Y158.294 E139.80642
G1 F1500 X98.593 Y158.322 E139.80777
G1 F1350 X98.548 Y158.488 E139.81578
G1 X98.4 Y158.66 E139.82634
G1 X98.017 Y158.801 E139.84535
G1 X97.354 Y158.652 E139.87699
G1 X96.974 Y158.528 E139.8956
G1 X96.666 Y158.408 E139.91099
G1 F1333.3 X96.204 Y158.203 E139.93482
G1 F1111.1 X95.971 Y158.131 E139.94862
G1 F964.3 X95.634 Y157.762 E139.9812
G1 F1058.8 X95.547 Y157.507 E139.99719
G1 F1250 X95.523 Y157.37 E140.00419
G1 F1350 X95.432 Y157.062 E140.01914
G1 X95.396 Y156.395 E140.05025
G1 X95.356 Y156.243 E140.05756
G1 X95.216 Y156.364 E140.06618
G1 F1317.1 X94.706 Y156.618 E140.09337
G1 F1238.5 X93.962 Y156.785 E140.13208
G1 F1151.4 X93.457 Y156.739 E140.15976
G1 F1221.7 X92.932 Y156.503 E140.18938
G1 F1350 X92.096 Y156.004 E140.23471
G1 F1210.8 X91.673 Y155.69 E140.26206
G1 F1097.6 X91.247 Y155.293 E140.29541
G1 F1210.8 X91.031 Y154.92 E140.31779
G1 F1350 X90.578 Y154.245 E140.35565
G1 X90.47 Y154.439 E140.36599
G1 X90.287 Y154.634 E140.37844
G1 X89.916 Y154.808 E140.39752
G1 X89.59 Y154.864 E140.41292
G1 X89.193 Y154.84 E140.43144
G1 F1330 X88.769 Y154.707 E140.45244
G1 F1238.5 X88.492 Y154.581 E140.46789
G1 F1258.7 X88.836 Y154.936 E140.49257
G1 F1350 X89.373 Y155.215 E140.52075
G1 X90.412 Y155.452 E140.57038
G1 F1210.8 X90.93 Y155.669 E140.59953
G1 F1097.6 X91.298 Y155.996 E140.62773
G1 F1210.8 X91.541 Y156.471 E140.65543
G1 F1350 X91.677 Y156.871 E140.6751
G1 X91.72 Y157.322 E140.6962
G1 X91.701 Y157.501 E140.70458
G1 F1343.3 X92.507 Y157.247 E140.74413
G1 F1336.6 X92.975 Y157.212 E140.7662
G1 F1219 X93.277 Y157.173 E140.7819
G1 F1115.7 X93.813 Y157.261 E140.81251
G1 F1216.2 X94.135 Y157.43 E140.8313
G1 F1350 X94.528 Y157.607 E140.85137
G1 X94.835 Y157.846 E140.86949
G1 F1134.5 X95.167 Y158.033 E140.8906
G1 F969.5 X95.54 Y158.49 E140.92885
G1 F1111.1 X95.607 Y158.795 E140.94652
G1 F1333.3 X95.782 Y159.213 E140.96788
G1 F1350 X95.849 Y159.548 E140.98379
G1 X96.318 Y159.514 E141.00569
G1 X96.794 Y159.612 E141.02832
G1 X97.261 Y159.826 E141.05224
G1 X97.648 Y160.157 E141.07595
G1 X97.946 Y160.584 E141.1002
G1 X98.096 Y161.021 E141.12171
G1 F1500 E134.62171
G0 F7500 X98.154 Y160.422
G0 X99.851 Y158.353
G0 X100.787 Y158.893
G0 X103.235 Y155.425
G0 X104.182 Y155.972
G0 X109.757 Y147.785
G1 F1500 E141.12171
G1 F888.2 X109.719 Y147.719 E141.1271
G1 X109.643 Y147.719 E141.13248
G1 X109.605 Y147.785 E141.13787
G1 X109.643 Y147.851 E141.14326
G1 X109.719 Y147.851 E141.14864
G1 X109.757 Y147.785 E141.15403
G1 F1500 E134.65403
G0 F7500 X104.182 Y155.972
G0 X109.117 Y165.35
G0 X110.957 Y167.557
G1 F1500 E141.15403
G1 F1210.8 X110.753 Y167.406 E141.16721
G1 F1310.7 X110.418 Y167.09 E141.18929
G1 F1350 X110.207 Y166.764 E141.20738
G1 X110.093 Y166.462 E141.22241
G1 X110.057 Y166.047 E141.2418
G1 X110.131 Y165.796 E141.25399
G1 X110.24 Y165.609 E141.26407
G1 X109.448 Y165.547 E141.30106
G1 F1205.4 X109.028 Y165.549 E141.32296
G1 F1088.7 X108.403 Y165.365 E141.36058
G1 F1205.4 X107.962 Y165.168 E141.38577
G1 F1350 X107.114 Y164.692 E141.43105
G1 F1219 X106.658 Y164.368 E141.4599
G1 F1158.8 X106.355 Y163.935 E141.48857
G1 F1279.6 X106.132 Y163.223 E141.52522
G1 F1350 X106.092 Y162.644 E141.55225
G1 X106.126 Y162.461 E141.56091
G1 X105.98 Y162.502 E141.56798
G1 X105.379 Y162.804 E141.5993
G1 X105.075 Y162.88 E141.61389
G1 F1232.9 X104.936 Y162.933 E141.62147
G1 F1046.5 X104.69 Y162.981 E141.63653
G1 F964.3 X104.198 Y162.879 E141.66928
G1 F1118 X104.009 Y162.709 E141.68358
G1 F1343.3 X103.618 Y162.431 E141.70603
G1 F1350 X103.316 Y162.187 E141.72411
G1 X103.03 Y161.923 E141.74223
G1 X102.582 Y161.435 E141.77308
G1 X102.514 Y161.034 E141.79201
G1 X102.647 Y160.735 E141.80725
G1 X102.804 Y160.603 E141.8168
G1 X102.972 Y160.086 E141.84212
G1 X103.123 Y159.728 E141.86021
G1 X103.392 Y159.277 E141.88466
G1 X103.645 Y158.934 E141.90451
G1 X104.056 Y158.514 E141.93187
G1 X104.323 Y158.302 E141.94775
G1 X104.763 Y158.013 E141.97226
G1 X105.1 Y157.851 E141.98967
G1 X105.606 Y157.664 E142.01479
G1 X105.595 Y156.751 E142.0573
G1 X105.802 Y155.827 E142.1014
G1 X106.213 Y154.968 E142.14574
G1 X106.789 Y154.245 E142.18878
G1 X107.033 Y154.04 E142.20362
G1 X107.526 Y153.654 E142.23278
G1 X107.354 Y153.116 E142.25908
G1 X107.3 Y152.298 E142.29725
G1 F1343.3 X107.45 Y151.457 E142.33723
G1 F1413.6 X107.781 Y150.751 E142.3719
G1 F1483.5 X108.984 Y148.678 E142.47346
G1 F1409.9 X109.341 Y148.389 E142.49394
G1 F1350 X110.202 Y148.173 E142.53527
G1 F1285.7 X110.146 Y147.007 E142.59235
G1 F1179 X112.229 Y143.396 E142.81461
G1 F1134.5 X112.156 Y143.269 E142.82272
G1 F1077.8 X112.089 Y142.728 E142.85452
G1 X111.747 Y143.275 E142.89214
G1 F1125 X109.722 Y146.786 E143.11862
G1 F1213.5 X109.511 Y147.078 E143.13728
G1 F1336.6 X109.007 Y147.946 E143.18448
G1 F1409.9 X108.668 Y148.496 E143.21329
G1 F1475.4 X107.423 Y150.651 E143.31933
G1 F1399 X107.094 Y151.262 E143.35051
G1 F1336.6 X103.273 Y157.878 E143.70982
G1 F1485.1 X103.028 Y158.303 E143.73289
G1 F1336.6 X103.016 Y158.324 E143.73403
G1 F1485.1 X102.945 Y158.446 E143.74067
G1 F1336.6 X102.714 Y158.846 E143.76239
G1 F1485.1 X102.567 Y159.101 E143.77624
G1 F1336.6 X102.547 Y159.136 E143.77813
G1 F1485.1 X102.361 Y159.458 E143.79562
G1 F1336.6 X100.621 Y162.47 E143.95921
G1 F1350 X101.077 Y162.392 E143.98075
G1 X101.586 Y162.432 E144.00453
G1 X102.073 Y162.605 E144.02859
G1 X102.494 Y162.9 E144.05253
G1 X102.827 Y163.284 E144.0762
G1 X103.02 Y163.687 E144.097
G1 X103.374 Y163.568 E144.11439
G1 F1343.3 X103.792 Y163.526 E144.13405
G1 F1118 X104.104 Y163.431 E144.15239
G1 F967.7 X104.689 Y163.521 E144.19084
G1 F1134.5 X105.008 Y163.719 E144.21164
G1 F1350 X105.371 Y163.867 E144.2299
G1 X105.716 Y164.118 E144.24976
G1 F1213.5 X106.018 Y164.304 E144.26814
G1 F1120.3 X106.235 Y164.583 E144.28797
G1 F1129.7 X106.377 Y164.743 E144.29987
G1 F1208.1 X106.481 Y165.006 E144.31459
G1 F1320.3 X106.685 Y165.435 E144.33721
G1 F1340 X106.854 Y166.269 E144.37713
G1 F1350 X107.017 Y166.15 E144.38652
G1 X107.425 Y165.962 E144.40744
G1 X107.836 Y165.879 E144.42697
G1 F1205.4 X108.352 Y165.847 E144.45393
G1 F1090.9 X108.86 Y166.013 E144.48472
G1 F1205.4 X109.285 Y166.349 E144.51298
G1 F1350 X110.009 Y167.131 E144.5626
G1 X110.522 Y167.458 E144.59093
G1 F1244.2 X110.957 Y167.557 E144.61347
G1 F1500 E138.11347
G0 F7500 X110.553 Y166.982
G0 X111.381 Y166.268
G0 X111.807 Y165.65
G0 X111.837 Y165.273
G0 X111.433 Y147.374
G0 X110.329 Y147.104
G0 X111.956 Y143.364
G0 X112.089 Y142.728
G1 F1500 E144.61347
G1 F1036.5 X112.661 Y141.729 E144.68329
G1 F1005.6 X112.948 Y141.276 E144.71681
G0 F7500 X113.526 Y140.591
G0 X114.853 Y139.546
G1 F1238.5 X114.826 Y139.499 E144.71956
G1 X114.772 Y139.499 E144.7223
G1 X114.745 Y139.546 E144.72505
G1 X114.772 Y139.593 E144.7278
G1 X114.826 Y139.593 E144.73054
G1 X114.853 Y139.546 E144.7333
G0 F7500 X113.937 Y140.203
G1 F1350 X114.268 Y140.085 E144.74966
G1 X115.23 Y139.881 E144.79545
G1 X115.205 Y139.268 E144.82402
G1 X115.369 Y137.917 E144.88739
G1 X115.478 Y137.533 E144.90597
G1 X113.937 Y140.203 E145.04952
G1 F1500 E138.54952
G0 F7500 X112.707 Y141.204
G0 X110.481 Y139.916
G0 X110.269 Y139.795
G1 F1500 E145.04952
G1 F1015 X110.043 Y140.217 E145.07917
G1 F1048.5 X109.525 Y141.113 E145.14122
G0 F7500 X108.987 Y141.648
G0 X109.952 Y139.919
G0 X110.922 Y137.27
G1 F1250 X110.895 Y137.223 E145.14394
G1 X110.841 Y137.223 E145.14666
G1 X110.814 Y137.27 E145.14938
G1 X110.841 Y137.317 E145.15211
G1 X110.895 Y137.317 E145.15482
G1 X110.922 Y137.27 E145.15755
G0 F7500 X110.731 Y138.34
G1 F1350 X112.266 Y135.684 E145.30039
G1 X111.986 Y135.976 E145.31923
G1 X110.893 Y136.788 E145.38263
G1 X110.344 Y137.075 E145.41148
G1 X110.443 Y137.303 E145.42305
G1 X110.679 Y138.063 E145.46011
G1 X110.731 Y138.34 E145.47323
G0 F7500 X112.822 Y134.894
G0 X113.567 Y133.819
G0 X118.811 Y124.736
G0 X119.071 Y124.14
G0 X119.763 Y121.754
G1 F985.4 X120.645 Y120.225 E145.58584
G1 X119.754 Y120.8 E145.65349
G1 X119.502 Y120.94 E145.67188
G1 X119.68 Y121.431 E145.70519
G1 X119.763 Y121.754 E145.72647
G0 F7500 X119.447 Y123.249
G1 F1350 X122.59 Y117.802 E146.0193
G1 X121.923 Y118.539 E146.06558
G1 X120.792 Y119.546 E146.1361
G1 X120.362 Y119.845 E146.16048
G1 X119.426 Y120.444 E146.21223
G1 X118.907 Y120.711 E146.23941
G1 X119.221 Y121.55 E146.28112
G1 X119.412 Y122.296 E146.31698
G1 X119.447 Y123.249 E146.36138
G0 F7500 X110.269 Y139.795
G1 F1139.2 X110.562 Y139.431 E146.38717
G1 F1350 X112.451 Y136.163 E146.56293
G1 F1213.5 X113.015 Y135.093 E146.62559
G1 F1173.9 X113.714 Y133.943 E146.69765
G1 F1250 X119.002 Y124.785 E147.22947
G1 F1200 X119.31 Y124.212 E147.26354
G1 F1194.7 X119.42 Y124.056 E147.27359
G1 F1291.9 X119.766 Y123.494 E147.3057
G1 F1350 X122.494 Y118.767 E147.55983
G1 F1232.9 X123.505 Y116.943 E147.66617
G1 F1213.5 X123.992 Y116.158 E147.71402
G1 F1399 X124.478 Y115.374 E147.75547
G1 F1050.6 X124.544 Y114.951 E147.78109
G1 X124.183 Y115.178 E147.8066
G1 F1399 X123.653 Y115.922 E147.84765
G1 F1213.5 X123.122 Y116.667 E147.89504
G1 F1232.9 X121.656 Y118.24 E148.00468
G1 F1350 X120.576 Y119.204 E148.07209
G1 X120.145 Y119.509 E148.09667
G1 X119.261 Y120.077 E148.1456
G1 X118.82 Y120.311 E148.16885
G1 X118.399 Y120.502 E148.19037
G1 X118.813 Y121.585 E148.24436
G1 X119.014 Y122.35 E148.28119
G1 F1295 X119.042 Y123.14 E148.31956
G1 F1197.3 X118.894 Y124.002 E148.36548
G1 F1200 X118.617 Y124.591 E148.39958
G1 F1250 X113.351 Y133.713 E148.92927
G1 F1173.9 X112.628 Y134.801 E148.99922
G1 F1213.5 X111.683 Y135.702 E149.06686
G1 F1350 X110.68 Y136.448 E149.12507
G1 X110.006 Y136.8 E149.16047
G1 X109.799 Y136.877 E149.17076
G1 X110.045 Y137.369 E149.19637
G1 X110.314 Y138.237 E149.23868
G1 X110.379 Y138.743 E149.26244
G1 X110.343 Y139.219 E149.28467
G1 F1139.2 X110.269 Y139.795 E149.31671
G1 F1500 E142.81671
G0 F7500 X120.667 Y122.276
G0 X122.891 Y123.561
G0 X123.792 Y124.082
G1 F1500 E149.31671
G1 F983.6 X124.268 Y123.961 E149.3481
G1 X124.628 Y123.903 E149.3714
G1 X124.623 Y123.615 E149.38981
G1 X124.674 Y122.553 E149.45776
G1 X123.792 Y124.082 E149.57057
G0 F7500 X122.657 Y125.102
G1 F1350 X123.503 Y124.65 E149.61524
G1 X124.344 Y124.429 E149.65573
G1 X125.124 Y124.301 E149.69253
G1 X125.096 Y123.721 E149.71957
G1 X125.148 Y122.574 E149.77303
G1 X125.204 Y122.018 E149.79905
G1 X125.495 Y120.595 E149.86669
G1 X125.793 Y119.665 E149.91216
G1 X122.657 Y125.102 E150.20442
G0 F7500 X122.015 Y125.939
G0 X119.288 Y131.027
G1 F1250 X121.907 Y126.491 E150.46783
G1 F1200 X122.28 Y125.952 E150.50217
G1 F1197.3 X122.951 Y125.399 E150.54782
G1 F1267.6 X123.651 Y125.025 E150.58717
G1 F1323.5 X124.408 Y124.823 E150.62439
G1 F1350 X125.559 Y124.637 E150.67868
G1 X125.514 Y124.187 E150.69974
G1 X125.496 Y123.655 E150.72452
G1 X125.546 Y122.61 E150.77324
G1 X125.596 Y122.099 E150.79715
G1 X125.887 Y120.675 E150.86482
G1 F1235.7 X126.514 Y118.629 E150.97368
G1 F1213.5 X126.895 Y117.799 E151.02099
G1 F1399 X127.276 Y116.968 E151.06207
G1 F1050.6 X127.292 Y116.544 E151.08746
G1 X126.957 Y116.811 E151.11309
G1 F1399 X126.52 Y117.624 E151.15457
G1 F1213.5 X126.084 Y118.438 E151.2024
G1 F1235.7 X125.017 Y120.212 E151.30771
G1 F1350 X122.287 Y124.942 E151.56201
G1 F1295 X121.974 Y125.517 E151.59379
G1 F1197.3 X121.89 Y125.697 E151.60422
G1 F1200 X121.546 Y126.255 E151.63856
G1 F1250 X116.26 Y135.411 E152.17024
G1 F1179 X115.64 Y136.536 E152.23872
G1 F1221.7 X114.972 Y137.612 E152.30389
G1 F1350 X113.086 Y140.878 E152.4795
G1 F1127.3 X112.948 Y141.276 E152.50299
G1 X113.295 Y141.039 E152.52642
G1 F1350 X113.38 Y140.969 E152.53155
G1 X113.769 Y140.702 E152.55352
G1 X114.3 Y140.488 E152.58018
G1 X115.143 Y140.308 E152.62032
G1 X115.68 Y140.271 E152.64538
G1 X115.636 Y140.018 E152.65734
G1 X115.606 Y139.294 E152.69108
G1 X115.756 Y138.044 E152.7497
G1 F1221.7 X116.077 Y136.74 E152.8188
G1 F1179 X116.64 Y135.611 E152.88606
G1 F1252.9 X119.288 Y131.027 E153.15167
G0 F7500 X122.015 Y125.939
G0 X127.292 Y116.544
G1 F858.5 X128.288 Y114.733 E153.30301
G1 F919.9 X153.842 Y70.47 E156.7955
G1 F964.3 X154.789 Y68.774 E156.92213
G1 F1093.1 X155.16 Y68.058 E156.9685
G1 F1285.7 X155.531 Y67.341 E157.00797
G1 F1500 E150.50797
G0 F7500 X153.179 Y65.972
G0 X153.037 Y65.891
G1 F1500 E157.00797
G1 F1279.6 X152.566 Y66.633 E157.05115
G1 F1088.7 X152.094 Y67.375 E157.10192
G1 F962.6 X151.164 Y68.932 E157.22036
G1 F919.9 X138.388 Y91.059 E158.96631
G1 F923.1 X125.611 Y113.187 E160.7064
G1 F859.9 X124.544 Y114.951 E160.85711
G1 F1500 E154.35711
G0 F7500 X150.936 Y68.801
G0 X150.004 Y68.228
G0 X150.986 Y66.636
G0 X152.069 Y65.086
G0 X152.733 Y64.245
G0 X154.602 Y62.051
G0 X155.42 Y62.768
G0 X156.727 Y62.867
G1 F1500 E160.85711
G1 F1424.8 X156.994 Y61.921 E160.90048
G1 X156.31 Y62.626 E160.94382
G1 X156.727 Y62.867 E160.96507
G0 F7500 X156.953 Y63.447
G1 F1350 X157.16 Y62.775 E160.99781
G1 X157.774 Y60.568 E161.10448
G1 X156.159 Y62.219 E161.21202
G1 X155.695 Y62.721 E161.24385
G1 X156.953 Y63.447 E161.31148
G0 F7500 X157.043 Y64.124
;TYPE:WALL-OUTER
G1 F904.5 X157.021 Y64.179 E161.3156
G0 F7500 X157.043 Y64.124
G1 F1086.5 X157.292 Y63.692 E161.34445
G1 F1350 X157.383 Y63.423 E161.35767
G1 X157.546 Y62.883 E161.38394
G1 X158.191 Y60.558 E161.49629
G1 X158.45 Y59.395 E161.55177
G1 X157.561 Y60.215 E161.60808
G1 X155.867 Y61.946 E161.72086
G1 X155.494 Y62.344 E161.74626
G1 X155.313 Y62.551 E161.75906
G1 F1080 X155.062 Y62.983 E161.78815
G1 X155.388 Y63.006 E161.80717
G1 F1350 X156.86 Y63.854 E161.88627
G1 F1086.5 X157.043 Y64.124 E161.90514
G1 F1500 E155.40514
G0 F7500 X157.024 Y63.634
G0 X155.499 Y62.755
G0 X155.062 Y62.983
G1 F1500 E161.90514
G1 F897 X155.027 Y63.029 E161.90919
G1 F1500 E155.40919
G0 F7500 X155.499 Y62.755
G0 X157.052 Y63.709
G0 X154.068 Y70.609
G0 X116.093 Y136.198
G0 X119.293 Y131.841
G1 F1500 E161.90919
G1 F1350 X122.23 Y126.755 E162.18267
G1 X122.63 Y126.209 E162.21419
G1 X123.193 Y125.723 E162.24882
G1 X123.819 Y125.394 E162.28175
G1 X124.472 Y125.218 E162.31324
G1 X125.994 Y124.972 E162.38503
G1 X125.912 Y124.148 E162.42359
G1 X125.896 Y123.674 E162.44567
G1 X125.944 Y122.646 E162.49359
G1 X125.984 Y122.202 E162.51435
G1 X126.285 Y120.733 E162.58417
G1 X126.935 Y118.75 E162.68134
G1 X127.746 Y116.831 E162.77835
G1 X128.714 Y114.979 E162.87566
G1 X154.276 Y70.705 E165.25618
G1 X155.247 Y68.906 E165.35137
G1 X155.238 Y68.895 E165.35203
G1 X155.884 Y67.507 E165.42332
G1 F1120.3 X155.97 Y67.087 E165.44738
G1 F1058.8 X156.582 Y65.697 E165.53754
G1 F1097.6 X156.802 Y64.938 E165.5828
G1 F957.4 X157.021 Y64.179 E165.63467
G1 X156.596 Y64.842 E165.68638
G1 F1097.6 X156.172 Y65.504 E165.7314
G1 F1058.8 X155.464 Y66.842 E165.82127
G1 F1120.3 X155.193 Y67.146 E165.84412
G1 F1350 X99.979 Y162.782 E170.98622
G1 F989 X99.882 Y163.24 E171.01597
G1 X100.307 Y163.058 E171.04536
G1 F1350 X100.698 Y162.862 E171.06572
G1 X101.124 Y162.796 E171.0858
G1 X101.528 Y162.835 E171.1047
G1 X101.909 Y162.978 E171.12365
G1 X102.224 Y163.196 E171.14148
G1 X102.482 Y163.497 E171.15994
G1 X102.668 Y163.872 E171.17944
G1 X102.74 Y164.247 E171.19722
G1 X102.903 Y164.15 E171.20605
G1 X103.465 Y163.961 E171.23366
G1 X104.062 Y163.91 E171.26156
G1 X104.607 Y163.99 E171.28721
G1 X105.162 Y164.214 E171.31508
G1 X105.645 Y164.559 E171.34271
G1 X106.027 Y165.013 E171.37034
G1 X106.292 Y165.539 E171.39777
G1 X106.421 Y166.12 E171.42548
G1 X106.502 Y166.571 E171.44682
G1 X106.68 Y167.05 E171.47061
G1 X106.873 Y166.782 E171.48599
G1 X107.182 Y166.514 E171.50504
G1 X107.541 Y166.344 E171.52353
G1 X107.9 Y166.274 E171.54056
G1 X108.292 Y166.297 E171.55885
G1 X108.673 Y166.418 E171.57746
G1 X109.02 Y166.648 E171.59685
G1 X109.75 Y167.441 E171.64704
G1 X110.353 Y167.824 E171.6803
G1 X111.027 Y168.033 E171.71316
G1 X111.389 Y168.047 E171.73003
G1 F1156.3 X111.7 Y167.998 E171.74714
G1 F985.4 X111.868 Y167.958 E171.75816
G1 F994.5 X112.146 Y167.915 E171.77594
G1 F1046.5 X112.67 Y167.807 E171.80808
G1 F1093.1 X113.28 Y167.633 E171.84456
G1 F1227.3 X113.662 Y167.698 E171.8644
G1 F1350 X114.283 Y167.696 E171.89332
G1 X115.183 Y167.899 E171.93628
G1 X115.489 Y168.051 E171.95219
G1 X115.676 Y168.222 E171.96399
G1 X115.708 Y168.401 E171.97246
G1 F1500 X115.518 Y168.735 E171.99035
G1 X115.394 Y168.78 E171.99649
G1 F1350 X115.368 Y168.789 E171.99777
G1 X115.057 Y168.674 E172.01321
G1 X114.831 Y168.729 E172.02404
G1 X114.707 Y168.882 E172.03321
G1 X114.627 Y169.125 E172.04513
G1 X114.614 Y169.396 E172.05776
G1 X114.667 Y169.653 E172.06998
G1 X114.791 Y169.898 E172.08276
G1 X114.965 Y170.096 E172.09504
G1 X115.193 Y170.246 E172.10775
G1 X115.44 Y170.33 E172.11989
G1 X115.719 Y170.35 E172.13292
G1 X115.977 Y170.3 E172.14516
G1 X116.23 Y170.182 E172.15816
G1 X116.425 Y170.013 E172.17017
G1 X116.58 Y169.788 E172.18289
G1 X116.67 Y169.532 E172.19553
G1 X116.722 Y168.968 E172.2219
G1 X116.63 Y168.401 E172.24865
G1 X116.402 Y167.87 E172.27556
G1 X116.06 Y167.418 E172.30195
G1 X115.611 Y167.069 E172.32843
G1 X115.082 Y166.828 E172.3555
G1 X114.565 Y166.729 E172.38001
G1 X114.034 Y166.732 E172.40474
G1 X113.502 Y166.845 E172.43006
G1 F1125 X113.123 Y167.1 E172.45559
G1 F1011.2 X112.593 Y167.303 E172.49087
G1 F1034.5 X111.894 Y167.424 E172.53397
G1 F1120.3 X111.508 Y167.31 E172.55656
G1 F1304.3 X111.487 Y167.292 E172.55789
G1 F1350 X111.183 Y167.187 E172.57287
G1 X110.933 Y167.029 E172.58664
G1 X110.745 Y166.849 E172.59876
G1 X110.556 Y166.558 E172.61491
G1 X110.468 Y166.322 E172.62664
G1 X110.456 Y166.074 E172.6382
G1 X110.573 Y165.827 E172.65093
G1 X110.799 Y165.634 E172.66477
G1 X110.96 Y165.371 E172.67913
G1 X110.984 Y165.084 E172.69254
G1 X110.148 Y165.2 E172.73184
G1 X109.171 Y165.123 E172.77747
G1 X108.158 Y164.819 E172.82672
G1 X107.31 Y164.343 E172.872
G1 X106.934 Y164.004 E172.89558
G1 X106.682 Y163.612 E172.91728
G1 X106.524 Y163.141 E172.94041
G1 X106.497 Y162.649 E172.96335
G1 X106.583 Y162.213 E172.98405
G1 X106.669 Y162.022 E172.9938
G1 X106.553 Y162.006 E172.99925
G1 X106.182 Y162.031 E173.01657
G1 X105.834 Y162.128 E173.03339
G1 X105.263 Y162.419 E173.06323
G1 X104.983 Y162.491 E173.07669
G1 X104.662 Y162.494 E173.09164
G1 X104.271 Y162.398 E173.11039
G1 X103.834 Y162.093 E173.1352
G1 X103.573 Y161.88 E173.15089
G1 X103.324 Y161.652 E173.16661
G1 X102.932 Y161.226 E173.19357
G1 X102.91 Y161.091 E173.19994
G1 X102.934 Y161.038 E173.20265
G1 F1500 X102.954 Y160.991 E173.20502
G1 X103.107 Y160.918 E173.21292
G1 F1350 X103.162 Y160.891 E173.21577
G1 X103.185 Y160.722 E173.22371
G1 X103.35 Y160.216 E173.24849
G1 X103.458 Y159.952 E173.26178
G1 X103.746 Y159.466 E173.28808
G1 X103.932 Y159.212 E173.30274
G1 X104.309 Y158.824 E173.32793
G1 X104.525 Y158.648 E173.34091
G1 X104.982 Y158.348 E173.36636
G1 X105.283 Y158.208 E173.38182
G1 X105.811 Y158.021 E173.4079
G1 X106.092 Y157.986 E173.42109
G1 X106.005 Y157.648 E173.43734
G1 X106 Y156.772 E173.47813
G1 X106.176 Y155.984 E173.51573
G1 X106.546 Y155.196 E173.55626
G1 X107.091 Y154.514 E173.59691
G1 X107.724 Y154.006 E173.63471
G1 X108.064 Y153.843 E173.65226
G1 X107.933 Y153.617 E173.66443
G1 X107.748 Y153.014 E173.6938
G1 X107.707 Y152.296 E173.72728
G1 X107.844 Y151.561 E173.7621
G1 X108.111 Y150.943 E173.79345
G1 X109.315 Y148.871 E173.90503
G1 X109.439 Y148.777 E173.91228
G1 X110.616 Y148.481 E173.96879
G1 X110.558 Y147.164 E174.03018
G1 X112.757 Y143.354 E174.23501
G1 X112.537 Y143.055 E174.2523
G1 X112.524 Y142.887 E174.26015
G1 X113.044 Y141.978 E174.30891
G1 X113.286 Y141.614 E174.32926
G1 X113.578 Y141.322 E174.34849
G1 X113.976 Y141.05 E174.37094
G1 X114.4 Y140.878 E174.39224
G1 X115.256 Y140.696 E174.43299
G1 X115.982 Y140.657 E174.46685
G1 X116.171 Y140.678 E174.4757
G1 X116.036 Y140.001 E174.50785
G1 X116.009 Y139.292 E174.54089
G1 X116.159 Y138.061 E174.59863
G1 X116.492 Y136.891 E174.65527
G1 X117.022 Y135.775 E174.7128
G1 X119.293 Y131.841 E174.92432
G1 F1500 E168.42432
G0 F7500 X116.093 Y136.198
G0 X104.419 Y156.64
G0 X104.91 Y157.841
G0 X102.953 Y159.121
G0 X102.057 Y159.625
G0 X99.882 Y163.24
G1 F1500 E174.92432
G1 F797.6 X99.648 Y163.616 E174.95922
G1 F1500 E168.45922
G0 F7500 X100.489 Y164.222
G0 X100.6 Y165.081
G0 X99.093 Y166.641
G0 X98.364 Y166.222
G1 F1500 E174.95922
G1 F1551.7 X99.361 Y164.493 E175.04007
G1 F1424.8 X99.463 Y164.38 E175.04679
G1 F1317.1 X99.604 Y164.4 E175.05359
G1 F1391.8 X99.66 Y164.023 E175.0708
G1 F1050.6 X99.648 Y163.616 E175.09517
G1 X99.33 Y163.872 E175.11959
G1 F1391.8 X99.237 Y164.078 E175.1298
G1 F1424.8 X99.061 Y164.319 E175.14297
G1 F1551.7 X98.15 Y165.898 E175.21682
G1 F1836.7 X97.991 Y166.095 E175.22548
G1 F2040.8 X97.928 Y166.173 E175.22891
G1 F2173.9 X98.042 Y166.125 E175.23289
G1 F1956.5 X98.11 Y166.096 E175.23526
G1 F1636.4 X98.364 Y166.222 E175.24615
G0 F7500 X97.928 Y166.173
G1 F1851.9 X97.88 Y166.335 E175.25253
G1 F1666.7 X97.824 Y166.522 E175.25989
G1 F1093.1 X97.72 Y166.871 E175.28083
G1 F876.6 X97.561 Y167.223 E175.30853
G1 F841.1 X97.411 Y167.461 E175.32955
G1 F1500 E168.82955
G0 F7500 X96.435 Y169.174
G1 F1500 E175.32955
G1 F845.1 X96.284 Y169.411 E175.35046
G1 F1500 E168.85046
G0 F7500 X95.308 Y171.125
G1 F1500 E175.35046
G1 F847.7 X95.159 Y171.363 E175.37128
G1 F1500 E168.87128
G0 F7500 X94.183 Y173.075
G1 F1500 E175.37128
G1 F845.1 X94.031 Y173.315 E175.39241
G1 F1500 E168.89241
G0 F7500 X93.055 Y175.029
G1 F1500 E175.39241
G1 F845.1 X92.908 Y175.259 E175.41272
G1 F1500 E168.91272
G0 F7500 X91.927 Y176.983
G1 F1500 E175.41272
G1 F843.8 X91.782 Y177.21 E175.43278
G1 F1500 E168.93278
G0 F7500 X90.801 Y178.931
G1 F1500 E175.43278
G1 F839.8 X90.654 Y179.165 E175.45347
G1 F1500 E168.95347
G0 F7500 X89.674 Y180.883
G1 F1500 E175.45347
G1 F841.1 X89.53 Y181.109 E175.4735
G1 F1500 E168.9735
G0 F7500 X88.548 Y182.834
G1 F1500 E175.4735
G1 F845.1 X88.403 Y183.063 E175.49366
G1 F1500 E168.99366
G0 F7500 X87.422 Y184.785
G1 F1500 E175.49366
G1 F841.1 X87.275 Y185.013 E175.51393
G1 F1500 E169.01393
G0 F7500 X86.294 Y186.734
G1 F1500 E175.51393
G1 F841.1 X86.149 Y186.962 E175.53413
G1 F1500 E169.03413
G0 F7500 X84.153 Y185.743
G1 F1500 E175.53413
G1 F843.8 X84.316 Y185.46 E175.55846
G1 F1500 E169.05846
G0 F7500 X85.281 Y183.79
G1 F1500 E175.55846
G1 F843.8 X85.441 Y183.508 E175.58261
G1 F1500 E169.08261
G0 F7500 X86.406 Y181.842
G1 F1500 E175.58261
G1 F847.7 X86.569 Y181.555 E175.60709
G1 F1500 E169.10709
G0 F7500 X87.533 Y179.887
G1 F1500 E175.60709
G1 F843.8 X87.695 Y179.605 E175.63132
G1 F1500 E169.13132
G0 F7500 X88.66 Y177.933
G1 F1500 E175.63132
G1 F846.4 X88.819 Y177.652 E175.6553
G1 F1500 E169.1553
G0 F7500 X89.783 Y175.99
G1 F1500 E175.6553
G1 F849.1 X89.947 Y175.702 E175.67983
G1 F1500 E169.17983
G0 F7500 X90.911 Y174.033
G1 F1500 E175.67983
G1 F849.1 X91.071 Y173.751 E175.70384
G1 F1500 E169.20384
G0 F7500 X92.038 Y172.087
G1 F1500 E175.70384
G1 F849.1 X92.2 Y171.802 E175.72811
G1 F1500 E169.22811
G0 F7500 X93.164 Y170.131
G1 F1500 E175.72811
G1 F849.1 X93.325 Y169.851 E175.75202
G1 F1500 E169.25202
G0 F7500 X94.291 Y168.181
G1 F1500 E175.75202
G1 F849.1 X94.451 Y167.899 E175.77603
G1 F1500 E169.27603
G0 F7500 X95.414 Y166.234
G1 F1500 E175.77603
G1 F854.4 X95.577 Y165.946 E175.80038
G1 F900 X95.752 Y165.713 E175.82073
G1 F1192.1 X96.05 Y165.421 E175.84273
G1 F1661.5 X96.13 Y165.317 E175.84769
G1 F1646.3 X96.133 Y165.311 E175.84795
G1 F1829.3 X96.249 Y165.09 E175.85748
G1 F1646.3 X96.362 Y164.876 E175.86672
G1 F1551.7 X97.306 Y163.239 E175.94327
G1 F1421.1 X97.398 Y163.019 E175.95382
G1 F1399 X97.536 Y162.827 E175.96445
G1 F1556.2 X97.737 Y162.511 E175.97957
G1 F1592.9 X97.965 Y162.101 E175.99809
G1 F1443.9 X98.148 Y161.728 E176.01618
G1 F1350 X153.376 Y66.087 E181.1588
G1 F1120.3 X153.505 Y65.701 E181.18163
G1 F1054.7 X154.295 Y64.441 E181.27027
G1 F1090.9 X154.661 Y63.735 E181.3161
G1 F950.7 X155.027 Y63.029 E181.36868
G1 X154.472 Y63.606 E181.42161
G1 F1090.9 X153.917 Y64.184 E181.46779
G1 F1054.7 X153.039 Y65.384 E181.55641
G1 F1030.5 X152.733 Y65.642 E181.58083
G1 F1224.5 X151.704 Y67.119 E181.67324
G1 F1350 X150.737 Y68.685 E181.75894
G1 X125.181 Y112.948 E184.13888
G1 X124.06 Y114.713 E184.23624
G1 X122.798 Y116.374 E184.33337
G1 X121.39 Y117.942 E184.4315
G1 X120.291 Y118.921 E184.50003
G1 X119.929 Y119.173 E184.52057
G1 X119.05 Y119.737 E184.5692
G1 X118.655 Y119.947 E184.59003
G1 X117.891 Y120.293 E184.62909
G1 X118.446 Y121.75 E184.70169
G1 X118.616 Y122.428 E184.73424
G1 X118.637 Y123.139 E184.76736
G1 X118.496 Y123.828 E184.8001
G1 X118.226 Y124.445 E184.83146
G1 X113.018 Y133.465 E185.31646
G1 X112.308 Y134.492 E185.37459
G1 X111.444 Y135.381 E185.43232
G1 X110.449 Y136.118 E185.48997
G1 X109.791 Y136.459 E185.52448
G1 X109.197 Y136.65 E185.55354
G1 X109.332 Y136.834 E185.56416
G1 X109.668 Y137.51 E185.59932
G1 X109.923 Y138.334 E185.63948
G1 X109.976 Y138.78 E185.66039
G1 X109.937 Y139.226 E185.68124
G1 X109.824 Y139.633 E185.70091
G1 X109.63 Y140.021 E185.72111
G1 X109.13 Y140.885 E185.76759
G1 X108.973 Y140.984 E185.77623
G1 X108.588 Y140.951 E185.79423
G1 X106.422 Y144.704 E185.996
G1 X106.341 Y144.782 E186.00123
G1 X105.218 Y145.366 E186.06017
G1 X105.553 Y146.532 E186.11666
G1 X105.548 Y146.657 E186.12249
G1 X104.325 Y148.784 E186.23674
G1 X103.879 Y149.376 E186.27125
G1 X103.347 Y149.808 E186.30316
G1 X102.667 Y150.136 E186.33832
G1 X102.115 Y150.256 E186.36462
G1 X101.849 Y150.257 E186.37701
G1 X101.878 Y150.634 E186.39461
G1 X101.746 Y151.471 E186.43407
G1 X101.434 Y152.248 E186.47306
G1 X100.94 Y152.96 E186.51341
G1 X100.269 Y153.568 E186.55557
G1 X99.589 Y153.94 E186.59166
G1 X99.249 Y154.036 E186.60811
G1 X99.374 Y154.341 E186.62346
G1 X99.462 Y154.841 E186.6471
G1 X99.488 Y155.155 E186.66177
G1 X99.458 Y155.725 E186.68835
G1 X99.414 Y155.993 E186.701
G1 X99.264 Y156.533 E186.7271
G1 X99.132 Y156.828 E186.74214
G1 X98.886 Y157.28 E186.76611
G1 X98.677 Y157.542 E186.78171
G1 X98.337 Y157.922 E186.80546
G1 X98.199 Y158.027 E186.81353
G1 X98.207 Y158.089 E186.81644
G1 F1500 X98.225 Y158.228 E186.82297
G1 X98.182 Y158.298 E186.82679
G1 F1350 X98.152 Y158.346 E186.82943
G1 X98.022 Y158.393 E186.83587
G1 X97.45 Y158.263 E186.86318
G1 X97.119 Y158.155 E186.87939
G1 X96.8 Y158.03 E186.89535
G1 X96.341 Y157.817 E186.91891
G1 X96.06 Y157.53 E186.93761
G1 X95.922 Y157.292 E186.95042
G1 X95.826 Y156.994 E186.965
G1 X95.793 Y156.335 E186.99572
G1 X95.699 Y155.975 E187.01305
G1 X95.538 Y155.648 E187.03002
G1 X95.466 Y155.555 E187.0355
G1 X95.348 Y155.719 E187.04491
G1 X95.009 Y156.016 E187.06589
G1 X94.547 Y156.244 E187.08988
G1 X94.123 Y156.336 E187.11008
G1 X93.618 Y156.318 E187.13361
G1 X93.178 Y156.179 E187.1551
G1 X92.301 Y155.66 E187.20255
G1 X91.528 Y154.942 E187.25168
G1 X90.964 Y154.104 E187.29871
G1 X90.656 Y153.346 E187.33681
G1 X90.418 Y153.513 E187.35035
G1 X90.272 Y153.782 E187.3646
G1 X90.22 Y154.073 E187.37837
G1 X90.064 Y154.302 E187.39127
G1 X89.847 Y154.414 E187.40264
G1 X89.547 Y154.46 E187.41677
G1 X89.243 Y154.436 E187.43097
G1 X88.961 Y154.349 E187.44471
G1 X88.723 Y154.221 E187.4573
G1 X88.491 Y154.019 E187.47162
G1 F1285.7 X88.455 Y154.006 E187.47349
G1 F1106.6 X88.176 Y153.734 E187.49563
G1 F1038.5 X87.945 Y153.112 E187.53579
G1 F1015 X87.844 Y152.509 E187.57366
G1 F1125 X87.874 Y152.054 E187.59914
G1 F1350 X87.704 Y151.522 E187.62514
G1 X87.444 Y151.069 E187.64946
G1 X87.096 Y150.673 E187.67401
G1 X86.626 Y150.329 E187.70113
G1 X86.101 Y150.124 E187.72737
G1 X85.527 Y150.046 E187.75435
G1 X84.961 Y150.116 E187.7809
G1 X84.431 Y150.318 E187.80732
G1 X83.957 Y150.653 E187.83434
G1 X83.79 Y150.853 E187.84647
G1 X83.672 Y151.1 E187.85922
G1 X83.622 Y151.36 E187.87155
G1 X83.642 Y151.631 E187.8842
G1 X83.729 Y151.881 E187.89653
G1 X83.88 Y152.107 E187.90919
G1 X84.081 Y152.284 E187.92166
G1 X84.322 Y152.405 E187.93421
G1 X84.586 Y152.458 E187.94675
G1 X84.854 Y152.442 E187.95925
G1 X85.113 Y152.357 E187.97195
G1 X85.338 Y152.213 E187.98438
G1 X85.509 Y152.025 E187.99622
G1 X85.574 Y151.85 E188.00491
G1 X85.518 Y151.617 E188.01607
G1 X85.292 Y151.428 E188.02979
G1 X85.268 Y151.38 E188.03229
G1 F1500 X85.242 Y151.327 E188.03504
G1 X85.265 Y151.193 E188.04137
G1 X85.428 Y150.918 E188.05625
G1 F1350 X85.603 Y150.853 E188.06494
G1 X85.865 Y150.944 E188.07786
G1 X86.126 Y151.121 E188.09254
G1 X86.745 Y151.793 E188.13509
G1 X87.057 Y152.338 E188.16433
G1 F1227.3 X87.304 Y152.637 E188.18419
G1 F1093.1 X87.438 Y153.172 E188.21591
G1 F1040.5 X87.645 Y153.812 E188.25655
G1 F1163.8 X87.893 Y154.49 E188.29554
G1 F1350 X88.075 Y154.778 E188.31141
G1 X88.604 Y155.266 E188.34492
G1 X89.234 Y155.594 E188.37799
G1 X90.285 Y155.832 E188.42817
G1 X90.661 Y156.024 E188.44783
G1 X90.953 Y156.287 E188.46613
G1 X91.169 Y156.621 E188.48465
G1 X91.287 Y156.962 E188.50145
G1 X91.32 Y157.336 E188.51894
G1 X91.257 Y157.712 E188.53669
G1 X91.107 Y158.057 E188.5542
G1 X91.608 Y157.973 E188.57786
G1 X92.043 Y157.813 E188.59944
G1 X92.61 Y157.64 E188.62704
G1 X93.202 Y157.606 E188.65466
G1 X93.778 Y157.709 E188.6819
G1 X94.304 Y157.944 E188.70873
G1 X94.797 Y158.33 E188.73788
G1 X95.145 Y158.765 E188.76382
G1 X95.397 Y159.321 E188.79225
G1 X95.505 Y159.878 E188.81867
G1 X95.505 Y160.067 E188.82747
G1 X95.892 Y159.944 E188.84638
G1 X96.277 Y159.914 E188.86436
G1 X96.67 Y159.993 E188.88302
G1 X97.043 Y160.166 E188.90217
G1 X97.364 Y160.449 E188.9221
G1 X97.593 Y160.788 E188.94115
G1 X97.722 Y161.15 E188.95904
G1 X97.75 Y161.583 E188.97924
G1 F1428.6 X97.667 Y161.927 E188.99482
G1 F1578.9 X97.483 Y162.298 E189.0113
G1 F1525.4 X97.206 Y162.662 E189.03015
G1 F1367.1 X96.937 Y162.862 E189.04557
G1 F1317.1 X97.025 Y162.974 E189.05236
G1 F1421.1 X96.992 Y163.092 E189.05778
G1 F1551.7 X95.977 Y164.848 E189.13995
G1 F1556.2 X96.104 Y164.924 E189.14593
G1 F1588.2 X96.146 Y165.031 E189.15048
G1 F1764.7 X96.162 Y165.07 E189.15215
G1 F1863.4 X96.131 Y165.312 E189.16129
G1 F1677 X96.13 Y165.317 E189.16148
G1 F1500 E182.66148
G0 F7500 X82.957 Y187.627
G0 X82.493 Y188.704
G1 F1500 E189.16148
G1 F969.5 X83.263 Y187.368 E189.26147
G1 X82.907 Y187.494 E189.28595
G1 X82.362 Y187.588 E189.32181
G1 X82.492 Y188.375 E189.37354
G1 X82.493 Y188.704 E189.39487
G1 F1500 E182.89487
G0 F7500 X82.622 Y188.152
G0 X84.836 Y189.43
G0 X84.44 Y189.844
G1 F1500 E189.39487
G1 F973 X84.733 Y189.672 E189.41682
G1 X85.491 Y189.385 E189.46918
G1 X85.399 Y189.214 E189.48173
G1 X85.291 Y188.862 E189.50552
G1 X85.225 Y188.48 E189.53056
G1 X84.44 Y189.844 E189.63224
G1 F1500 E183.13224
G0 F7500 X84.865 Y189.447
G0 X85.124 Y190.532
G0 X84.223 Y192.175
G0 X82.601 Y193.893
G1 F1500 E189.63224
G1 F1350 X83.834 Y193.567 E189.69163
G1 X83.606 Y193.184 E189.71238
G1 X83.414 Y192.601 E189.74096
G1 X83.302 Y191.925 E189.77287
G1 X83.312 Y191.644 E189.78596
G1 F1370.6 X82.22 Y193.525 E189.88572
G1 F1500 X82.095 Y193.558 E189.89114
G1 F1666.7 X82.082 Y193.561 E189.8917
G1 F1500 X81.995 Y193.584 E189.89547
G1 X82.269 Y193.707 E189.90806
G1 F1370.6 X82.601 Y193.893 E189.92551
G0 F7500 X81.874 Y193.514
G1 F1636.4 X81.995 Y193.584 E189.93088
G1 X81.874 Y193.514 E189.93625
G0 F7500 X81.262 Y193.542
G1 F1516.9 X81.817 Y193.483 E189.95938
G1 X81.355 Y193.237 E189.98107
G1 F1521.1 X80.649 Y192.808 E190.01521
G1 X80.875 Y193.32 E190.03834
G1 F1483.5 X81.035 Y193.477 E190.04784
G1 X81.262 Y193.542 E190.05784
G0 F7500 X80.617 Y192.789
G1 F1651.4 X80.494 Y192.717 E190.06327
G1 F1500 X80.461 Y192.627 E190.06729
G1 F1666.7 X80.451 Y192.6 E190.06849
G1 F1500 X80.406 Y192.477 E190.07398
G1 F1363.6 X81.503 Y190.574 E190.17524
G1 F1350 X81.216 Y190.753 E190.19099
G1 X80.447 Y191.023 E190.22894
G1 X79.811 Y191.107 E190.25881
G1 X79.564 Y191.103 E190.27032
G1 X79.9 Y192.331 E190.3296
G1 F1363.6 X80.228 Y192.525 E190.34717
G1 F1500 X80.494 Y192.717 E190.36091
G1 F1500 E183.86091
;MESH:NONMESH
G0 F300 X80.494 Y192.717 Z0.84
G0 F7500 X80.24 Y192.206
G0 X79.986 Y193.379
G0 X84.197 Y204.191
;TIME_ELAPSED:298.654449
;LAYER:2
M106 S170
;TYPE:SKIRT
G1 F1500 E190.36091
G1 F1200 X83.299 Y204.293 E190.403
G1 X82.397 Y204.314 E190.44501
G1 X81.358 Y204.239 E190.49352
G1 X80.124 Y204.084 E190.55143
G1 X79.355 Y203.97 E190.58763
G1 X78.469 Y203.798 E190.62965
G1 X77.601 Y203.548 E190.67171
G1 X76.758 Y203.223 E190.71378
G1 X75.948 Y202.824 E190.75583
G1 X75.176 Y202.356 E190.79786
G1 X74.449 Y201.82 E190.83992
G1 X73.771 Y201.223 E190.88199
G1 X73.137 Y200.557 E190.9248
G1 X72.684 Y200.017 E190.95763
G1 X71.676 Y198.73 E191.03375
G1 X71.151 Y197.995 E191.07581
G1 X70.693 Y197.217 E191.11784
G1 X70.306 Y196.401 E191.1599
G1 X69.926 Y195.337 E191.21251
G1 X69.703 Y194.57 E191.2497
G1 X69.415 Y193.475 E191.30242
G1 X69.225 Y192.592 E191.34448
G1 X69.113 Y191.696 E191.38652
G1 X69.08 Y190.793 E191.4286
G1 X69.128 Y189.891 E191.47066
G1 X69.255 Y188.997 E191.51271
G1 X69.495 Y188.001 E191.56041
G1 X69.748 Y187.141 E191.60215
G1 X70.028 Y186.234 E191.64635
G1 X70.715 Y183.771 E191.76542
G1 X71.332 Y181.286 E191.88465
G1 X71.872 Y178.819 E192.00224
G1 X72.343 Y176.331 E192.12015
G1 X72.748 Y173.798 E192.23959
G1 X73.075 Y171.307 E192.35658
G1 X73.335 Y168.767 E192.47547
G1 X73.523 Y166.227 E192.59407
G1 X73.639 Y163.697 E192.712
G1 X73.682 Y161.165 E192.82992
G1 X73.654 Y158.63 E192.94796
G1 X73.555 Y156.114 E193.06521
G1 X73.26 Y152.128 E193.25132
G1 X73.233 Y151.225 E193.29339
G1 X73.286 Y150.323 E193.33546
G1 X73.382 Y149.633 E193.3679
G1 X73.438 Y149.31 E193.38317
G1 X73.631 Y148.427 E193.42525
G1 X73.902 Y147.566 E193.46728
G1 X74.224 Y146.784 E193.50666
G1 X74.359 Y146.491 E193.52168
G1 X74.773 Y145.688 E193.56375
G1 X75.256 Y144.925 E193.6058
G1 X75.797 Y144.217 E193.64729
G1 X76.006 Y143.967 E193.66246
G1 X76.616 Y143.3 E193.70455
G1 X77.282 Y142.69 E193.74661
G1 X77.945 Y142.18 E193.78556
G1 X78.46 Y141.816 E193.81492
G1 X79.208 Y141.334 E193.85636
G1 X81.774 Y139.837 E193.99469
G1 X83.923 Y138.495 E194.11266
G1 X86.048 Y137.085 E194.23141
G1 X88.111 Y135.628 E194.34902
G1 X90.146 Y134.105 E194.46737
G1 X92.13 Y132.529 E194.58536
G1 X94.09 Y130.881 E194.7046
G1 X95.966 Y129.209 E194.82161
G1 X97.831 Y127.452 E194.94092
G1 X99.62 Y125.666 E195.05863
G1 X101.382 Y123.807 E195.1779
G1 X103.052 Y121.939 E195.29457
G1 X104.691 Y120.001 E195.41276
G1 X106.306 Y117.978 E195.53329
G1 X107.805 Y115.987 E195.64934
G1 X109.114 Y114.153 E195.75426
G1 X109.96 Y113.12 E195.81643
G1 X110.471 Y112.573 E195.85129
G1 X112.23 Y110.636 E195.97313
G1 X113.889 Y108.703 E196.09174
G1 X115.479 Y106.741 E196.20933
G1 X117.035 Y104.704 E196.32869
G1 X118.496 Y102.677 E196.44504
G1 X119.946 Y100.54 E196.56529
G1 X121.295 Y98.424 E196.68214
G1 X122.743 Y95.998 E196.81369
G1 X141.262 Y63.924 E198.53826
G1 X142.03 Y62.637 E198.60805
G1 X142.93 Y61.213 E198.68649
G1 X143.519 Y60.348 E198.73522
G1 X144.166 Y59.442 E198.78706
G1 X144.404 Y59.123 E198.80559
G1 X145.241 Y58.046 E198.86911
G1 X145.894 Y57.247 E198.91716
G1 X146.358 Y56.708 E198.95027
G1 X147.467 Y55.455 E199.02819
G1 X148.262 Y54.59 E199.08289
G1 X149.638 Y53.181 E199.1746
G1 X150.437 Y52.397 E199.22672
G1 X151.79 Y51.145 E199.31256
G1 X152.286 Y50.702 E199.34353
G1 X152.986 Y50.13 E199.38562
G1 X153.733 Y49.623 E199.42766
G1 X154.523 Y49.184 E199.46974
G1 X155.347 Y48.817 E199.51174
G1 X156.202 Y48.524 E199.55383
G1 X157.079 Y48.307 E199.5959
G1 X157.971 Y48.17 E199.63792
G1 X158.872 Y48.111 E199.67996
G1 X159.775 Y48.133 E199.72202
G1 X160.673 Y48.234 E199.7641
G1 X161.557 Y48.414 E199.80611
G1 X162.423 Y48.672 E199.84819
G1 X163.262 Y49.005 E199.89022
G1 X164.069 Y49.412 E199.9323
G1 X164.836 Y49.888 E199.97434
G1 X165.559 Y50.43 E200.01641
G1 X166.23 Y51.034 E200.05845
G1 X166.846 Y51.695 E200.10052
G1 X167.4 Y52.407 E200.14253
G1 X167.89 Y53.166 E200.1846
G1 X168.31 Y53.966 E200.22667
G1 X168.658 Y54.799 E200.26871
G1 X168.931 Y55.66 E200.31077
G1 X169.127 Y56.542 E200.35284
G1 X169.244 Y57.437 E200.39487
G1 X169.281 Y58.339 E200.4369
G1 X169.238 Y59.241 E200.47895
G1 X169.109 Y60.176 E200.5229
G1 X168.994 Y60.756 E200.55044
G1 X168.655 Y62.277 E200.623
G1 X168.362 Y63.483 E200.68079
G1 X167.843 Y65.356 E200.77129
G1 X167.435 Y66.719 E200.83754
G1 X166.806 Y68.601 E200.92994
G1 X166.466 Y69.549 E200.97683
G1 X165.973 Y70.81 E201.03988
G1 X165.555 Y71.801 E201.08996
G1 X165.097 Y72.806 E201.14139
G1 X164.509 Y74.01 E201.20378
G1 X163.85 Y75.255 E201.26937
G1 X163.092 Y76.611 E201.34171
G1 X144.564 Y108.703 E203.06721
G1 X143.305 Y110.958 E203.18747
G1 X142.137 Y113.195 E203.30498
G1 X141.013 Y115.503 E203.42452
G1 X139.98 Y117.789 E203.54133
G1 X138.978 Y120.185 E203.66226
G1 X138.087 Y122.497 E203.77763
G1 X137.232 Y124.916 E203.8971
G1 X136.446 Y127.357 E204.01651
G1 X136.18 Y128.238 E204.05936
G1 X135.881 Y129.09 E204.10141
G1 X135.702 Y129.509 E204.12262
G1 X134.991 Y131.074 E204.20266
G1 X133.956 Y133.476 E204.32445
G1 X133.023 Y135.819 E204.44188
G1 X132.152 Y138.201 E204.55998
G1 X131.344 Y140.621 E204.67878
G1 X130.612 Y143.04 E204.79647
G1 X129.943 Y145.497 E204.91504
G1 X129.337 Y148.007 E205.03527
G1 X128.816 Y150.456 E205.15186
G1 X128.358 Y152.964 E205.27058
G1 X127.976 Y155.448 E205.3876
G1 X127.659 Y157.982 E205.50651
G1 X127.417 Y160.495 E205.62407
G1 X127.244 Y163.055 E205.74355
G1 X127.143 Y165.597 E205.86201
G1 X127.114 Y167.978 E205.97289
G1 X127.115 Y169.026 E206.02168
G1 X127.062 Y170.077 E206.07069
G1 X127.007 Y170.613 E206.09578
G1 X126.875 Y171.507 E206.13785
G1 X126.664 Y172.385 E206.1799
G1 X126.47 Y172.99 E206.20949
G1 X126.364 Y173.288 E206.22421
G1 X126.024 Y174.125 E206.26628
G1 X125.611 Y174.928 E206.30833
G1 X125.19 Y175.604 E206.34541
G1 X125.016 Y175.86 E206.35982
G1 X124.476 Y176.583 E206.40184
G1 X123.874 Y177.257 E206.44392
G1 X123.322 Y177.78 E206.47933
G1 X123.087 Y177.987 E206.49391
G1 X122.384 Y178.553 E206.53594
G1 X121.633 Y179.055 E206.578
G1 X120.766 Y179.525 E206.62392
G1 X117.777 Y180.963 E206.77837
G1 X115.53 Y182.123 E206.89612
G1 X113.327 Y183.339 E207.01329
G1 X111.1 Y184.654 E207.13372
G1 X108.974 Y185.99 E207.25064
G1 X106.851 Y187.411 E207.3696
G1 X104.792 Y188.874 E207.48721
G1 X102.753 Y190.412 E207.60614
G1 X100.793 Y191.979 E207.72298
G1 X98.822 Y193.649 E207.84328
G1 X96.96 Y195.319 E207.95974
G1 X95.107 Y197.078 E208.07871
G1 X93.32 Y198.873 E208.19665
G1 X91.595 Y200.698 E208.31358
G1 X90.946 Y201.326 E208.35564
G1 X90.244 Y201.894 E208.39768
G1 X89.495 Y202.398 E208.43972
G1 X88.704 Y202.834 E208.48178
G1 X87.878 Y203.199 E208.52383
G1 X86.966 Y203.504 E208.56861
G1 X85.746 Y203.845 E208.62759
G1 X85.082 Y204.011 E208.65946
G1 X84.197 Y204.191 E208.70152
G1 F1500 E202.20152
;MESH:Sunraiser_3_v0.stl
G0 F9000 X82.79 Y194.662
G0 X82.572 Y193.413
;TYPE:WALL-INNER
G1 F1500 E208.70152
G1 F1488.8 X83.185 Y193.271 E208.73104
G1 X82.945 Y192.664 E208.76166
G1 X82.528 Y193.388 E208.80085
G1 X82.572 Y193.413 E208.80323
G1 F1500 E202.30323
G0 F9000 X80.522 Y192.228
G0 X80.372 Y192.144
G1 F1500 E208.80323
G1 F1496.3 X80.786 Y191.429 E208.84179
G1 X80.142 Y191.518 E208.87214
G1 X80.328 Y192.118 E208.90147
G1 X80.372 Y192.144 E208.90385
G1 F1500 E202.40385
G0 F9000 X81.194 Y191.091
G0 X81.031 Y190.005
G0 X81.646 Y188.626
G0 X82.868 Y187.904
G1 F1500 E208.90385
G1 F1477.8 X82.793 Y187.861 E208.90794
G1 X82.793 Y187.947 E208.912
G1 X82.868 Y187.904 E208.91609
G1 F1500 E202.41609
G0 F9000 X84.842 Y189.045
G0 X85.029 Y189.152
G1 F1500 E208.91609
G1 F1470.6 X84.952 Y189.108 E208.9203
G1 X84.953 Y189.196 E208.92448
G1 X85.029 Y189.152 E208.92865
G1 F1500 E202.42865
G0 F9000 X85.028 Y188.697
G0 X99.309 Y163.975
G0 X99.843 Y163.122
G0 X101.826 Y161.658
G1 F1500 E208.92865
G1 F1463.4 X101.749 Y161.614 E208.93288
G1 X101.75 Y161.702 E208.93708
G1 X101.826 Y161.658 E208.94128
G0 F9000 X103.228 Y163.18
G1 F1488.8 X103.891 Y163.115 E208.97253
G1 X103.485 Y162.827 E208.99588
G1 F1566.6 X102.748 Y162.18 E209.03961
G1 F1570.7 X102.4 Y161.828 E209.06162
G1 F1500 X102.116 Y161.441 E209.08397
G1 F1456.3 X101.953 Y160.794 E209.11597
G1 F1339.3 X101.988 Y160.549 E209.12888
G1 X101.843 Y160.758 E209.14214
G1 F1456.3 X101.116 Y161.991 E209.21079
G1 F1500 X101.681 Y162.042 E209.23721
G1 F1558.4 X102.271 Y162.253 E209.26529
G1 F1685.4 X102.747 Y162.631 E209.29048
G1 F1612.9 X103.167 Y163.075 E209.31695
G1 F1488.8 X103.228 Y163.18 E209.32264
G0 F9000 X104.644 Y163.346
G0 X105.909 Y163.785
G1 F1626 X105.756 Y163.301 E209.34445
G1 X105.732 Y163.059 E209.3549
G1 X105.512 Y163.165 E209.36539
G1 X104.991 Y163.297 E209.38847
G1 X105.564 Y163.533 E209.41509
G1 X105.909 Y163.785 E209.43344
G0 F9000 X106.459 Y164.503
G0 X107.126 Y165.673
G1 F1639.3 X107.313 Y165.595 E209.44208
G1 X107.775 Y165.501 E209.46216
G1 X106.902 Y165.007 E209.5049
G1 X107.074 Y165.424 E209.52412
G1 X107.126 Y165.673 E209.53496
G0 F9000 X107.879 Y165.621
G0 X108.327 Y165.65
G0 X109.664 Y166.017
G1 F1162.8 X109.632 Y165.962 E209.53878
G1 X109.568 Y165.962 E209.54262
G1 X109.536 Y166.017 E209.54645
G1 X109.568 Y166.072 E209.55027
G1 X109.632 Y166.072 E209.55411
G1 X109.664 Y166.017 E209.55794
G0 F9000 X110.957 Y167.557
G1 F1307.2 X111.09 Y167.609 E209.56557
G1 F1477.8 X111.409 Y167.665 E209.58087
G0 F9000 X103.419 Y162.075
G0 X101.8 Y160.533
G0 X101.988 Y160.549
G1 F1276.6 X102.166 Y160.24 E209.60038
G1 F1207.2 X102.291 Y160.079 E209.61218
G1 F1276.6 X102.627 Y159.388 E209.65422
G1 F1418.4 X102.881 Y158.964 E209.67855
G1 F1315.8 X103.144 Y158.561 E209.7041
G0 F9000 X103.286 Y158.673
G0 X104.833 Y157.981
G0 X104.897 Y156.631
G0 X104.466 Y157.038
G1 F1318.7 X104.581 Y156.98 E209.71092
G0 F9000 X104.897 Y156.631
G0 X104.91 Y157.841
G0 X103.286 Y158.673
G0 X103.144 Y158.561
G1 F1360.5 X103.613 Y158.131 E209.74359
G1 F1500 X104.072 Y157.764 E209.77095
G1 X104.454 Y157.509 E209.79234
G1 X105.009 Y157.26 E209.82066
G1 F1519 X105.017 Y156.657 E209.84839
G1 F1554.4 X105.159 Y156.071 E209.87549
G1 F1530.6 X105.234 Y155.665 E209.89433
G1 F1507.5 X105.736 Y154.666 E209.94613
G1 F1467 X106.355 Y153.823 E209.99592
G1 F1339.3 X106.778 Y153.399 E210.02716
G1 F1209.7 X106.698 Y153.058 E210.04738
G1 F1156.1 X106.671 Y152.49 E210.08174
G1 X106.268 Y153.189 E210.13048
G1 F1271.2 X105.93 Y153.686 E210.16351
G1 F1522.8 X105.402 Y154.53 E210.20917
G1 F1550.4 X104.815 Y155.601 E210.26419
G1 F1463.4 X104.822 Y155.705 E210.26917
G1 F1492.5 X104.774 Y156.091 E210.28737
G1 F1511.3 X104.624 Y156.36 E210.3016
G1 F1507.5 X104.489 Y156.512 E210.31102
G1 F1500 X104.274 Y156.66 E210.32318
G1 X104.188 Y156.671 E210.32721
G1 X103.368 Y158.092 E210.40361
G1 F1360.5 X103.144 Y158.561 E210.43029
G1 F1500 E203.93029
G0 F9000 X103.286 Y158.673
G0 X100.061 Y157.023
G0 X100.257 Y156.814
G1 F1500 E210.43029
G1 F1312.9 X100.007 Y157.309 E210.45979
G1 F1425.2 X99.769 Y157.735 E210.48371
G1 F1279.3 X99.336 Y158.373 E210.5258
G1 F1232 X99.177 Y158.721 E210.54749
G0 F9000 X99.183 Y159.048
G0 X98.278 Y159.61
G1 F1477.8 X98.203 Y159.567 E210.55158
G1 X98.203 Y159.653 E210.55564
G1 X98.278 Y159.61 E210.55973
G0 F9000 X98.27 Y160.344
G1 F1500 X98.984 Y159.108 E210.6262
G1 F1408.5 X99.177 Y158.721 E210.64764
G1 X98.88 Y159.014 E210.66833
G1 F1500 X98.245 Y159.208 E210.69925
G1 X97.736 Y159.148 E210.72311
G1 F1570.7 X97.296 Y159.031 E210.74336
G1 F1562.5 X96.4 Y158.73 E210.78561
G1 F1477.8 X95.943 Y158.541 E210.80899
G1 F1467 X96.183 Y159.117 E210.8387
G1 F1477.8 X96.306 Y159.114 E210.84451
G1 F1604.3 X96.908 Y159.258 E210.87146
G1 F1680.7 X97.463 Y159.48 E210.8963
G1 F1554.4 X97.936 Y159.873 E210.92393
G1 F1500 X98.27 Y160.344 E210.95082
G0 F9000 X95.206 Y157.648
G1 F1626 X95.064 Y157.182 E210.97175
G1 X95.035 Y156.883 E210.98465
G1 X94.814 Y156.983 E210.99507
G1 X94.322 Y157.094 E211.01674
G1 X94.734 Y157.28 E211.03615
G1 X95.206 Y157.648 E211.06186
G0 F9000 X93.956 Y157.08
G0 X93.356 Y156.976
G0 X92.077 Y156.981
G1 F1639.3 X92.328 Y156.902 E211.07307
G1 X92.766 Y156.845 E211.09189
G1 X91.899 Y156.333 E211.13479
G1 X92.05 Y156.783 E211.15502
G1 X92.077 Y156.981 E211.16353
G0 F9000 X91.748 Y156.309
G0 X91.5 Y155.934
G0 X90.606 Y155.014
G1 F1162.8 X90.574 Y154.959 E211.16735
G1 X90.51 Y154.959 E211.1712
G1 X90.478 Y155.014 E211.17502
G1 X90.51 Y155.069 E211.17884
G1 X90.574 Y155.069 E211.18269
G1 X90.606 Y155.014 E211.18651
G0 F9000 X88.492 Y154.581
G1 F1324.5 X88.403 Y154.505 E211.19268
G1 F1474.2 X88.215 Y154.284 E211.20643
G1 F1500 E204.70643
G0 F9000 X89.037 Y154.615
G0 X91.363 Y155.102
G0 X92.198 Y154.386
G0 X95.419 Y154.12
G0 X98.726 Y154.565
G0 X99.784 Y154.308
G0 X101.023 Y154.395
G0 X100.878 Y154.84
G1 F1500 E211.20643
G1 F1312.9 X100.884 Y154.964 E211.21303
G0 F9000 X101.023 Y154.395
G0 X99.887 Y155.125
G0 X100.087 Y156.745
G0 X100.257 Y156.814
G1 F1351.4 X100.522 Y156.44 E211.23672
G1 F1500 X101.342 Y155.022 E211.313
G1 X101.309 Y154.943 E211.31698
G1 X101.339 Y154.582 E211.33385
G1 F1519 X101.568 Y154.218 E211.35362
G1 F1500 X101.874 Y153.985 E211.37153
G1 F1456.3 X101.954 Y153.946 E211.3758
G1 F1542.4 X102.539 Y152.986 E211.42671
G1 F1643.8 X102.665 Y152.765 E211.43752
G1 F1515.2 X103.055 Y152.029 E211.47592
G1 F1271.2 X103.314 Y151.486 E211.50897
G1 F1153.8 X103.705 Y150.807 E211.5564
G1 X103.198 Y151.049 E211.59041
G1 F1188.1 X102.874 Y151.153 E211.61041
G1 F1310 X102.732 Y151.719 E211.64153
G1 F1467 X102.3 Y152.685 E211.69191
G1 F1507.5 X101.691 Y153.613 E211.74334
G1 F1522.8 X101.249 Y154.005 E211.77043
G1 F1530.6 X100.95 Y154.29 E211.78928
G1 F1500 X100.422 Y154.61 E211.81803
G1 X100.479 Y155.212 E211.84619
G1 X100.456 Y155.668 E211.86745
G1 X100.364 Y156.261 E211.89539
G1 F1351.4 X100.257 Y156.814 E211.9245
G0 F9000 X100.087 Y156.745
G0 X99.887 Y155.125
G0 X100.703 Y154.81
G0 X101.081 Y154.462
G0 X106.569 Y145.914
G1 F1027.4 X106.532 Y145.851 E211.92947
G1 X106.459 Y145.851 E211.93443
G1 X106.423 Y145.914 E211.93937
G1 X106.46 Y145.977 E211.94433
G1 X106.533 Y145.977 E211.9493
G1 X106.569 Y145.914 E211.95423
G1 F1500 E205.45423
G0 F9000 X104.701 Y149.005
G0 X99.887 Y155.125
G0 X100.188 Y155.917
G0 X99.363 Y157.33
G0 X99.005 Y157.771
G0 X99.148 Y158.609
G0 X98.247 Y160.684
G0 X98.14 Y161.367
G1 F1500 E211.95423
G1 X101.772 Y155.077 E212.29244
G1 X101.708 Y154.923 E212.3002
G1 X101.752 Y154.664 E212.31244
G1 X101.892 Y154.459 E212.324
G1 X102.241 Y154.264 E212.34261
G1 F1470.6 X104.759 Y149.888 E212.5824
G1 F1519 X105.154 Y149.245 E212.6171
G1 F1583.1 X106.461 Y146.976 E212.73263
G1 F1530.6 X106.712 Y146.521 E212.75634
G1 F1500 X107.139 Y145.781 E212.79613
G1 F1351.4 X107.36 Y145.31 E212.82302
G1 F1229.5 X109.403 Y141.769 E213.05525
G1 F1171.9 X109.747 Y141.126 E213.09872
G1 X109.2 Y141.436 E213.13619
G1 F1227 X109.027 Y141.444 E213.14605
G1 F1229.5 X106.938 Y145.066 E213.38358
G1 F1351.4 X106.657 Y145.277 E213.40174
G1 F1500 X105.914 Y145.663 E213.44073
G1 X106.138 Y146.448 E213.47874
G1 F1530.6 X106.116 Y146.815 E213.49552
G1 F1583.1 X104.829 Y149.058 E213.60961
G1 F1534.5 X104.389 Y149.696 E213.64489
G1 F1485.1 X104.049 Y149.993 E213.66612
G1 F1500 X103.705 Y150.264 E213.68651
G1 X103.36 Y150.462 E213.70503
G1 X102.992 Y150.632 E213.72391
G1 X102.445 Y150.808 E213.75067
G1 X102.32 Y151.624 E213.78911
G1 X101.944 Y152.536 E213.83504
G1 X101.41 Y153.314 E213.87898
G1 X101.046 Y153.666 E213.90256
G1 X100.695 Y153.977 E213.92439
G1 X100.267 Y154.24 E213.94779
G1 X99.978 Y154.396 E213.96308
G1 X100.03 Y154.69 E213.97698
G1 X100.076 Y155.264 E214.00379
G1 X100.049 Y155.715 E214.02483
G1 X99.969 Y156.195 E214.04749
G1 X99.855 Y156.617 E214.06785
G1 X99.63 Y157.143 E214.09449
G1 X99.416 Y157.532 E214.11516
G1 X99.048 Y158.004 E214.14303
G1 X98.878 Y158.197 E214.155
G1 X98.808 Y158.508 E214.16985
G1 X98.643 Y158.692 E214.18136
G1 X98.262 Y158.808 E214.1999
G1 X97.824 Y158.758 E214.22043
G1 X97.351 Y158.651 E214.24301
G1 X96.974 Y158.528 E214.26148
G1 X96.666 Y158.408 E214.27687
G1 F1481.5 X96.204 Y158.203 E214.3007
G1 F1234.6 X95.971 Y158.131 E214.31449
G1 F1071.4 X95.634 Y157.762 E214.34707
G1 F1176.5 X95.547 Y157.507 E214.36307
G1 F1388.9 X95.523 Y157.37 E214.37006
G1 F1500 X95.432 Y157.062 E214.38502
G1 X95.396 Y156.395 E214.41612
G1 X95.356 Y156.244 E214.42339
G1 X95.157 Y156.393 E214.43497
G1 F1463.4 X94.706 Y156.618 E214.45903
G1 F1376.1 X93.962 Y156.785 E214.49773
G1 F1279.3 X93.457 Y156.739 E214.52541
G1 F1357.5 X92.932 Y156.503 E214.55503
G1 F1500 X92.096 Y156.004 E214.60036
G1 F1345.3 X91.673 Y155.69 E214.62771
G1 F1219.5 X91.247 Y155.293 E214.66107
G1 F1345.3 X91.031 Y154.92 E214.68344
G1 F1500 X90.578 Y154.245 E214.7213
G1 X90.47 Y154.439 E214.73164
G1 X90.287 Y154.634 E214.74409
G1 X89.916 Y154.808 E214.76317
G1 X89.59 Y154.864 E214.77857
G1 X89.193 Y154.84 E214.79709
G1 F1477.8 X88.769 Y154.707 E214.81809
G1 F1376.1 X88.492 Y154.581 E214.83354
G1 F1398.6 X88.836 Y154.936 E214.85823
G1 F1500 X89.373 Y155.215 E214.8864
G1 X90.412 Y155.452 E214.93603
G1 F1345.3 X90.93 Y155.669 E214.96519
G1 F1219.5 X91.298 Y155.996 E214.99338
G1 F1345.3 X91.541 Y156.471 E215.02108
G1 F1500 X91.677 Y156.871 E215.04076
G1 X91.72 Y157.322 E215.06185
G1 X91.701 Y157.501 E215.07023
G1 F1492.5 X92.507 Y157.247 E215.10978
G1 F1485.1 X92.975 Y157.212 E215.13185
G1 F1354.4 X93.277 Y157.173 E215.14755
G1 F1239.7 X93.813 Y157.261 E215.17816
G1 F1351.4 X94.135 Y157.43 E215.19695
G1 F1500 X94.528 Y157.607 E215.21702
G1 X94.835 Y157.846 E215.23514
G1 F1260.5 X95.167 Y158.033 E215.25626
G1 F1077.2 X95.54 Y158.49 E215.2945
G1 F1234.6 X95.607 Y158.795 E215.31217
G1 F1481.5 X95.784 Y159.218 E215.33379
G1 F1500 X95.849 Y159.547 E215.34941
G1 X96.286 Y159.516 E215.36981
G1 X96.794 Y159.612 E215.39388
G1 X97.251 Y159.823 E215.41732
G1 X97.638 Y160.153 E215.441
G1 X97.941 Y160.57 E215.465
G1 X98.086 Y160.979 E215.48521
G1 X98.14 Y161.367 E215.50345
G1 F1500 E209.00345
G0 F9000 X98.247 Y160.684
G0 X100.259 Y158.078
G0 X101.192 Y158.616
G0 X81.649 Y192.442
G0 X103.27 Y154.938
G0 X104.223 Y155.473
G0 X109.577 Y147.649
G1 F1500 E215.50345
G1 F1027.4 X109.54 Y147.586 E215.50842
G1 X109.467 Y147.586 E215.51338
G1 X109.431 Y147.649 E215.51831
G1 X109.468 Y147.712 E215.52328
G1 X109.541 Y147.712 E215.52824
G1 X109.577 Y147.649 E215.53317
G1 F1500 E209.03317
G0 F9000 X109.087 Y148.44
G0 X109.8 Y149.384
G0 X109.32 Y164.269
G0 X110.957 Y167.557
G1 F1500 E215.53317
G1 F1345.3 X110.753 Y167.406 E215.54635
G1 F1456.3 X110.418 Y167.09 E215.56844
G1 F1500 X110.207 Y166.764 E215.58652
G1 X110.093 Y166.462 E215.60155
G1 X110.057 Y166.047 E215.62095
G1 X110.131 Y165.796 E215.63313
G1 X110.24 Y165.609 E215.64321
G1 X109.448 Y165.547 E215.6802
G1 F1339.3 X109.028 Y165.549 E215.70211
G1 F1209.7 X108.403 Y165.365 E215.73973
G1 F1339.3 X107.962 Y165.168 E215.76492
G1 F1500 X107.114 Y164.692 E215.8102
G1 F1354.4 X106.658 Y164.368 E215.83904
G1 F1287.6 X106.355 Y163.935 E215.86771
G1 F1421.8 X106.132 Y163.223 E215.90437
G1 F1500 X106.092 Y162.644 E215.93139
G1 X106.126 Y162.461 E215.94006
G1 X105.98 Y162.502 E215.94712
G1 X105.379 Y162.804 E215.97844
G1 X105.075 Y162.88 E215.99303
G1 F1369.9 X104.936 Y162.933 E216.00062
G1 F1162.8 X104.69 Y162.981 E216.01567
G1 F1071.4 X104.198 Y162.879 E216.04843
G1 F1244.8 X104.008 Y162.705 E216.06288
G1 F1500 X103.575 Y162.395 E216.08768
G1 X103.315 Y162.186 E216.10321
G1 X103.029 Y161.922 E216.12134
G1 X102.704 Y161.567 E216.14375
G1 X102.453 Y161.226 E216.16346
G1 X102.363 Y160.839 E216.18196
G1 X102.499 Y160.519 E216.19816
G1 X102.672 Y160.387 E216.20829
G1 X102.761 Y160.133 E216.22082
G1 X102.98 Y159.592 E216.248
G1 X103.215 Y159.209 E216.26892
G1 X103.499 Y158.821 E216.29131
G1 X103.865 Y158.442 E216.31584
G1 X104.294 Y158.096 E216.34151
G1 X104.691 Y157.841 E216.36348
G1 X105.131 Y157.641 E216.38598
G1 X105.414 Y157.537 E216.40002
G1 X105.408 Y157.188 E216.41628
G1 X105.417 Y156.7 E216.439
G1 X105.631 Y155.756 E216.48408
G1 X106.058 Y154.872 E216.52979
G1 X106.648 Y154.126 E216.57408
G1 X107.291 Y153.599 E216.61279
G1 X107.152 Y152.95 E216.64369
G1 X107.132 Y152.599 E216.66006
G1 X107.127 Y152.177 E216.67972
G1 F1463.4 X107.283 Y151.366 E216.71913
G1 F1507.5 X107.619 Y150.654 E216.75561
G1 F1600 X108.855 Y148.514 E216.86349
G1 F1546.4 X109.22 Y148.225 E216.88452
G1 F1500 X110.012 Y148.03 E216.9225
G1 F1339.3 X109.967 Y146.941 E216.97934
G1 F1214.6 X112.108 Y143.22 E217.22622
G1 F1224.5 X112.034 Y143.086 E217.23495
G1 F1156.1 X111.967 Y142.545 E217.26788
G1 X111.617 Y143.095 E217.30727
G1 F1214.6 X109.52 Y146.732 E217.5487
G1 F1327.4 X109.301 Y147.024 E217.5679
G1 F1534.5 X108.531 Y148.326 E217.63675
G1 F1600 X107.295 Y150.467 E217.74467
G1 F1507.5 X106.905 Y151.19 E217.78273
G1 F1463.4 X106.396 Y152.05 E217.83043
G1 F1500 X104.397 Y155.512 E218.01658
G1 X104.42 Y155.73 E218.02679
G1 X104.376 Y156 E218.03953
G1 X104.222 Y156.215 E218.05184
G1 X104.092 Y156.303 E218.05915
G1 X103.926 Y156.324 E218.06694
G1 X100.295 Y162.612 E218.40505
G1 X100.664 Y162.464 E218.42356
G1 X101.089 Y162.391 E218.44364
G1 X101.596 Y162.437 E218.46734
G1 X102.084 Y162.611 E218.49147
G1 X102.497 Y162.904 E218.51505
G1 X102.83 Y163.292 E218.53886
G1 X103.022 Y163.684 E218.55918
G1 X103.374 Y163.568 E218.57644
G1 X103.787 Y163.529 E218.59576
G1 F1244.8 X104.104 Y163.431 E218.61437
G1 F1075.3 X104.689 Y163.521 E218.65282
G1 F1260.5 X105.008 Y163.719 E218.67362
G1 F1500 X105.371 Y163.867 E218.69188
G1 X105.716 Y164.118 E218.71174
G1 F1348.3 X106.018 Y164.304 E218.73012
G1 F1244.8 X106.235 Y164.583 E218.74995
G1 F1255.2 X106.377 Y164.743 E218.76185
G1 F1342.3 X106.481 Y165.006 E218.77657
G1 F1467 X106.685 Y165.435 E218.79919
G1 F1488.8 X106.854 Y166.269 E218.83911
G1 F1500 X107.017 Y166.15 E218.84851
G1 X107.425 Y165.962 E218.86942
G1 X107.836 Y165.879 E218.88895
G1 F1339.3 X108.352 Y165.847 E218.91591
G1 F1212.1 X108.86 Y166.013 E218.94671
G1 F1339.3 X109.285 Y166.349 E218.97496
G1 F1500 X110.009 Y167.131 E219.02458
G1 X110.522 Y167.458 E219.05291
G1 F1382.5 X110.957 Y167.557 E219.07545
G1 F1500 E212.57545
G0 F9000 X110.553 Y166.982
G0 X104.223 Y155.473
G0 X111.831 Y143.155
G0 X111.967 Y142.545
G1 F1500 E219.07545
G1 F1107 X112.48 Y141.647 E219.1407
G1 F1071.4 X112.799 Y141.143 E219.17959
G0 F9000 X113.338 Y140.493
G0 X114.667 Y139.406
G1 F1515.2 X114.593 Y139.364 E219.18351
G1 X114.594 Y139.448 E219.18738
G1 X114.667 Y139.406 E219.19126
G0 F9000 X113.778 Y140.065
G1 F1500 X114.122 Y139.932 E219.20844
G1 X114.411 Y139.858 E219.22233
G1 X115.034 Y139.733 E219.25192
G1 X115.013 Y139.335 E219.27047
G1 X115.183 Y137.883 E219.33855
G1 X115.33 Y137.374 E219.36322
G1 X113.778 Y140.065 E219.50787
G1 F1500 E213.00787
G0 F9000 X112.541 Y141.068
G0 X110.681 Y139.992
G0 X110.457 Y139.863
G1 F1500 E219.50787
G1 F1081.1 X110.214 Y140.318 E219.54119
G1 F1117.3 X109.747 Y141.126 E219.59953
G0 F9000 X109.228 Y141.652
G0 X110.133 Y139.977
G0 X111.127 Y137.362
G1 F1507.5 X111.053 Y137.32 E219.60348
G1 X111.054 Y137.404 E219.60737
G1 X111.127 Y137.362 E219.61127
G0 F9000 X110.926 Y138.424
G1 F1500 X112.48 Y135.73 E219.75609
G1 X112.118 Y136.108 E219.78046
G1 X110.934 Y136.989 E219.84918
G1 X110.585 Y137.165 E219.86738
G1 X110.683 Y137.43 E219.88054
G1 X110.863 Y138.034 E219.90988
G1 X110.926 Y138.424 E219.92828
G0 F9000 X113.729 Y133.912
G0 X118.973 Y124.828
G0 X119.246 Y124.201
G0 X119.967 Y121.83
G1 F1121.5 X120.856 Y120.293 E220.03886
G1 X120.525 Y120.526 E220.06407
G1 X119.729 Y121.032 E220.12281
G1 X119.85 Y121.371 E220.14523
G1 X119.967 Y121.83 E220.17473
G0 F9000 X119.586 Y123.424
G1 F1500 X122.812 Y117.835 E220.47522
G1 X122.067 Y118.658 E220.52691
G1 X120.914 Y119.681 E220.59869
G1 X120.274 Y120.132 E220.63514
G1 X119.662 Y120.521 E220.66891
G1 X119.142 Y120.803 E220.69645
G1 X119.363 Y121.378 E220.72514
G1 X119.596 Y122.26 E220.76762
G1 X119.628 Y123.072 E220.80546
G1 X119.586 Y123.424 E220.82196
G0 F9000 X110.457 Y139.863
G1 F1234.6 X110.781 Y139.471 E220.85074
G1 F1500 X112.604 Y136.315 E221.02045
G1 F1327.4 X113.173 Y135.226 E221.0851
G1 F1271.2 X113.925 Y133.99 E221.16459
G1 F1363.6 X119.13 Y124.974 E221.69783
G1 F1293.1 X119.536 Y124.225 E221.74385
G1 F1271.2 X119.617 Y124.113 E221.75144
G1 F1401.9 X119.992 Y123.52 E221.7864
G1 F1500 X122.658 Y118.901 E222.03473
G1 F1351.4 X123.66 Y117.079 E222.14221
G1 F1327.4 X124.273 Y116.089 E222.20348
G1 F1570.7 X124.886 Y115.099 E222.25526
G1 F1174.2 X124.943 Y114.672 E222.28088
G1 F1098.9 X124.609 Y114.908 E222.30688
G1 F1327.4 X123.268 Y116.795 E222.42868
G1 F1351.4 X121.801 Y118.36 E222.53955
G1 F1500 X120.683 Y119.354 E222.60921
G1 X120.059 Y119.794 E222.64477
G1 X119.458 Y120.177 E222.67795
G1 X118.643 Y120.618 E222.7211
G1 X118.992 Y121.529 E222.76653
G1 F1463.4 X119.197 Y122.317 E222.80539
G1 F1388.9 X119.23 Y123.142 E222.84691
G1 F1290.3 X119.097 Y124.02 E222.89498
G1 F1293.1 X118.75 Y124.754 E222.93883
G1 F1363.6 X113.545 Y133.77 E223.47207
G1 F1271.2 X112.774 Y134.925 E223.54837
G1 F1327.4 X111.811 Y135.838 E223.6182
G1 F1500 X110.694 Y136.662 E223.68283
G1 X110.063 Y136.982 E223.71577
G1 X110.172 Y137.208 E223.72746
G1 X110.286 Y137.504 E223.74223
G1 X110.492 Y138.192 E223.77567
G1 X110.563 Y138.741 E223.80145
G1 X110.528 Y139.244 E223.82492
G1 X110.508 Y139.357 E223.83027
G1 F1234.6 X110.457 Y139.863 E223.85904
G1 F1500 E217.35904
G0 F9000 X120.868 Y122.349
G0 X122.711 Y123.414
G0 X123.624 Y123.942
G1 F1500 E223.85904
G1 F1123.6 X124.08 Y123.814 E223.88848
G1 X124.446 Y123.746 E223.91162
G1 X124.442 Y123.488 E223.92766
G1 X124.478 Y122.792 E223.97099
G1 X124.511 Y122.406 E223.99507
G1 X123.624 Y123.942 E224.10533
G0 F9000 X122.433 Y125.072
G1 F1500 X122.716 Y124.86 E224.12179
G1 X123.425 Y124.484 E224.15916
G1 X124.206 Y124.264 E224.19694
G1 X124.926 Y124.142 E224.23095
G1 X124.909 Y123.512 E224.2603
G1 X124.947 Y122.781 E224.29438
G1 X125.028 Y121.933 E224.33405
G1 X125.316 Y120.541 E224.40024
G1 X125.649 Y119.501 E224.45108
G1 X122.433 Y125.072 E224.75061
G0 F9000 X121.7 Y126.069
G0 X119.113 Y130.545
G0 X119.285 Y130.644
G1 F1360.5 X121.739 Y126.395 E225.00251
G1 F1301.5 X122.136 Y125.824 E225.03983
G1 F1304.3 X122.853 Y125.239 E225.08939
G1 F1428.6 X123.579 Y124.855 E225.12954
G1 F1500 X124.381 Y124.635 E225.16827
G1 X125.337 Y124.483 E225.21334
G1 X125.308 Y123.532 E225.25764
G1 X125.346 Y122.815 E225.29108
G1 X125.42 Y122.014 E225.32853
G1 X125.708 Y120.622 E225.39472
G1 F1357.5 X126.333 Y118.56 E225.50559
G1 F1327.4 X126.78 Y117.589 E225.56183
G1 F1562.5 X127.226 Y116.618 E225.6096
G1 F1724.1 X127.295 Y116.489 E225.61552
G1 F1176.5 X127.335 Y116.058 E225.64122
G1 X126.993 Y116.323 E225.66691
G1 F1574.8 X126.443 Y117.344 E225.71834
G1 F1333.3 X125.893 Y118.365 E225.7791
G1 F1357.5 X124.814 Y120.151 E225.88646
G1 F1500 X122.151 Y124.76 E226.13432
G1 F1428.6 X121.818 Y125.38 E226.16873
G1 F1304.3 X121.736 Y125.562 E226.17942
G1 X121.323 Y126.234 E226.22166
G1 F1363.6 X116.08 Y135.316 E226.7588
G1 F1276.6 X115.449 Y136.465 E226.83052
G1 F1336.3 X114.761 Y137.562 E226.8982
G1 F1500 X112.941 Y140.715 E227.06772
G1 F1219.5 X112.799 Y141.143 E227.09355
G1 X113.176 Y140.896 E227.11936
G1 F1500 X113.262 Y140.824 E227.12458
G1 X113.685 Y140.536 E227.14841
G1 X114.224 Y140.319 E227.17547
G1 X114.467 Y140.255 E227.18717
G1 X115.139 Y140.121 E227.21907
G1 X115.454 Y140.095 E227.23379
G1 X115.414 Y139.345 E227.26877
G1 X115.571 Y138.009 E227.3314
G1 F1336.3 X115.898 Y136.674 E227.40324
G1 F1279.3 X116.495 Y135.474 E227.47642
G1 F1363.6 X119.285 Y130.644 E227.76212
G0 F9000 X119.113 Y130.545
G0 X127.335 Y116.058
G1 F937.5 X128.115 Y114.636 E227.88296
G1 F990.1 X153.67 Y70.373 E231.48853
G1 F1034.5 X154.555 Y68.788 E231.61109
G1 F1169.6 X154.984 Y67.963 E231.66663
G1 F1392.1 X155.412 Y67.137 E231.7133
G1 F1500 E225.2133
G0 F9000 X153.423 Y65.962
G0 X153.28 Y65.88
G1 F1500 E231.7133
G1 F1395.3 X152.77 Y66.68 E231.76079
G1 F1167.3 X152.259 Y67.48 E231.81759
G1 F1032.7 X151.336 Y69.028 E231.93949
G1 F988.5 X125.782 Y113.284 E235.55054
G1 F934.6 X124.943 Y114.672 E235.67175
G1 F1500 E229.17175
G0 F9000 X151.098 Y68.894
G0 X150.166 Y68.321
G0 X151.142 Y66.738
G0 X152.219 Y65.197
G0 X153.236 Y63.947
G0 X154.767 Y62.141
G0 X155.581 Y62.86
G0 X156.592 Y62.712
G1 F1500 E235.67175
G1 F1321.6 X156.564 Y62.664 E235.67469
G1 X156.508 Y62.664 E235.67765
G1 X156.48 Y62.712 E235.68059
G1 X156.508 Y62.76 E235.68352
G1 X156.564 Y62.76 E235.68648
G1 X156.592 Y62.712 E235.68942
G0 F9000 X156.786 Y63.353
G1 F1500 X157.032 Y62.548 E235.72862
G1 X157.399 Y61.218 E235.79286
G1 X156.418 Y62.212 E235.85789
G1 X155.86 Y62.812 E235.89604
G1 X156.786 Y63.353 E235.94598
G0 F9000 X156.872 Y64.026
;TYPE:WALL-OUTER
G1 F977.2 X156.853 Y64.076 E235.94981
G0 F9000 X156.872 Y64.026
G1 F1185.8 X157.133 Y63.586 E235.97994
G1 F1500 X157.418 Y62.654 E236.02532
G1 X158.002 Y60.532 E236.1278
G1 X158.135 Y59.945 E236.15583
G1 X157.694 Y60.352 E236.18377
G1 X156.126 Y61.939 E236.28766
G1 X155.491 Y62.622 E236.33108
G1 F1176.5 X155.235 Y63.076 E236.36203
G1 X155.569 Y63.107 E236.38194
G1 F1500 X156.681 Y63.755 E236.44187
G1 F1185.8 X156.872 Y64.026 E236.4614
G1 F1500 E229.9614
G0 F9000 X156.863 Y63.542
G0 X155.66 Y62.848
G0 X155.235 Y63.076
G1 F1500 E236.4614
G1 F964.6 X155.198 Y63.124 E236.46579
G1 F1500 E229.96579
G0 F9000 X155.66 Y62.848
G0 X156.891 Y63.617
G0 X153.906 Y70.516
G0 X118.756 Y131.164
G0 X119.291 Y131.472
G1 F1500 E236.46579
G1 X122.078 Y126.645 E236.72533
G1 X122.49 Y126.085 E236.7577
G1 X123.053 Y125.592 E236.79255
G1 X123.75 Y125.223 E236.82927
G1 X124.444 Y125.03 E236.86281
G1 X125.785 Y124.816 E236.92604
G1 X125.732 Y124.303 E236.95006
G1 X125.708 Y123.553 E236.985
G1 X125.744 Y122.85 E237.01778
G1 X125.808 Y122.118 E237.05199
G1 X126.105 Y120.681 E237.12032
G1 X126.759 Y118.681 E237.2183
G1 X127.578 Y116.751 E237.31593
G1 X128.55 Y114.887 E237.41381
G1 X154.112 Y70.612 E239.79437
G1 X154.981 Y69.002 E239.87956
G1 X155.778 Y67.284 E239.96775
G1 F1244.8 X155.849 Y66.884 E239.99055
G1 F1162.8 X156.406 Y65.625 E240.07324
G1 F1190.5 X156.628 Y64.854 E240.12031
G1 F1041.7 X156.849 Y64.083 E240.17409
G1 X156.416 Y64.758 E240.22787
G1 F1190.5 X155.982 Y65.433 E240.27495
G1 F1162.8 X155.342 Y66.637 E240.35685
G1 F1244.8 X155.071 Y66.941 E240.3797
G1 F1500 X103.986 Y155.424 E245.13722
G1 X104.027 Y155.824 E245.15594
G1 X103.911 Y155.947 E245.16381
G1 X103.684 Y155.943 E245.17438
G1 X99.822 Y162.635 E245.53416
G1 F1408.5 X99.611 Y163.05 E245.55725
G1 F1354.4 X99.402 Y163.392 E245.57792
G1 F1301.5 X99.13 Y163.919 E245.60974
G1 F1357.5 X98.898 Y164.227 E245.62958
G1 F1522.8 X97.86 Y166.023 E245.72473
G1 F1554.4 X97.704 Y166.277 E245.73812
G1 X97.926 Y166.082 E245.7514
G1 F1522.8 X98.112 Y166.054 E245.76002
G1 F1515.2 X98.255 Y166.132 E245.76753
G1 X99.24 Y164.425 E245.85838
G1 F1357.5 X99.376 Y164.282 E245.86854
G1 F1227 X99.57 Y164.332 E245.87994
G1 X99.584 Y164.06 E245.89545
G1 F1301.5 X99.776 Y163.608 E245.9218
G1 F1354.4 X99.989 Y163.298 E245.9412
G1 F1408.5 X100.36 Y163.022 E245.96413
G1 F1500 X100.733 Y162.858 E245.9831
G1 X101.13 Y162.796 E246.00181
G1 X101.512 Y162.832 E246.01968
G1 X101.878 Y162.962 E246.03776
G1 X102.207 Y163.183 E246.05622
G1 X102.493 Y163.508 E246.07638
G1 X102.658 Y163.855 E246.09427
G1 X102.74 Y164.247 E246.11292
G1 X102.903 Y164.15 E246.12175
G1 X103.44 Y163.966 E246.14818
G1 X104.062 Y163.91 E246.17726
G1 X104.607 Y163.99 E246.20291
G1 X105.162 Y164.214 E246.23078
G1 X105.645 Y164.559 E246.25842
G1 X106.027 Y165.013 E246.28605
G1 X106.292 Y165.539 E246.31347
G1 X106.421 Y166.12 E246.34118
G1 X106.502 Y166.571 E246.36252
G1 X106.68 Y167.05 E246.38632
G1 X106.873 Y166.782 E246.40169
G1 X107.182 Y166.514 E246.42074
G1 X107.541 Y166.344 E246.43924
G1 X107.9 Y166.274 E246.45627
G1 X108.292 Y166.297 E246.47455
G1 X108.673 Y166.418 E246.49317
G1 X109.02 Y166.648 E246.51255
G1 X109.75 Y167.441 E246.56274
G1 X110.353 Y167.824 E246.596
G1 X111.027 Y168.033 E246.62886
G1 X111.389 Y168.047 E246.64573
G1 F1284.8 X111.7 Y167.998 E246.66285
G1 F1094.9 X111.868 Y167.958 E246.67386
G1 F1105 X112.146 Y167.915 E246.69164
G1 F1162.8 X112.67 Y167.807 E246.72378
G1 F1107 X113.361 Y167.612 E246.76908
G1 F1030.9 X113.582 Y167.603 E246.78407
G1 F1020.4 X114.035 Y166.828 E246.84551
G1 X113.554 Y166.931 E246.87918
G1 X113.296 Y167.041 E246.89838
G1 F1092.9 X112.593 Y167.303 E246.94633
G1 F1149.4 X111.894 Y167.424 E246.98944
G1 F1244.8 X111.508 Y167.31 E247.01202
G1 F1449.3 X111.487 Y167.292 E247.01335
G1 F1500 X111.183 Y167.187 E247.02833
G1 X110.933 Y167.029 E247.0421
G1 X110.745 Y166.849 E247.05422
G1 X110.556 Y166.558 E247.07038
G1 X110.468 Y166.322 E247.0821
G1 X110.456 Y166.074 E247.09367
G1 X110.573 Y165.827 E247.10639
G1 X110.799 Y165.634 E247.12023
G1 X110.96 Y165.371 E247.13459
G1 X110.984 Y165.084 E247.148
G1 X110.148 Y165.2 E247.1873
G1 X109.171 Y165.123 E247.23294
G1 X108.158 Y164.819 E247.28218
G1 X107.31 Y164.343 E247.32747
G1 X106.934 Y164.004 E247.35104
G1 X106.682 Y163.612 E247.37274
G1 X106.524 Y163.141 E247.39587
G1 X106.497 Y162.649 E247.41882
G1 X106.583 Y162.213 E247.43951
G1 X106.669 Y162.022 E247.44926
G1 X106.553 Y162.006 E247.45471
G1 X106.182 Y162.031 E247.47203
G1 X105.834 Y162.128 E247.48885
G1 X105.263 Y162.419 E247.51869
G1 X104.983 Y162.491 E247.53216
G1 X104.662 Y162.494 E247.5471
G1 X104.271 Y162.398 E247.56585
G1 X103.825 Y162.083 E247.59128
G1 X103.573 Y161.88 E247.60634
G1 X103.324 Y161.652 E247.62206
G1 X102.998 Y161.295 E247.64458
G1 X102.791 Y161.012 E247.6609
G1 X102.761 Y160.882 E247.66711
G1 X102.834 Y160.748 E247.67422
G1 X103.001 Y160.681 E247.6826
G1 X103.133 Y160.279 E247.7023
G1 X103.313 Y159.819 E247.7253
G1 X103.538 Y159.445 E247.74563
G1 X103.822 Y159.057 E247.76802
G1 X104.117 Y158.752 E247.78777
G1 X104.516 Y158.429 E247.81168
G1 X104.857 Y158.205 E247.83067
G1 X105.311 Y158 E247.85387
G1 X105.675 Y157.867 E247.87192
G1 X105.868 Y157.838 E247.881
G1 X105.817 Y157.637 E247.89066
G1 X105.808 Y157.196 E247.9112
G1 X105.821 Y156.727 E247.93305
G1 X106.006 Y155.908 E247.97214
G1 X106.39 Y155.1 E248.0138
G1 X106.946 Y154.399 E248.05546
G1 X107.283 Y154.115 E248.07598
G1 X107.599 Y153.864 E248.09477
G1 X107.813 Y153.758 E248.10589
G1 X107.741 Y153.629 E248.11277
G1 X107.637 Y153.302 E248.12875
G1 X107.552 Y152.925 E248.14675
G1 X107.532 Y152.595 E248.16214
G1 X107.531 Y152.197 E248.18067
G1 X107.672 Y151.496 E248.21397
G1 X107.954 Y150.848 E248.24688
G1 X109.19 Y148.707 E248.36199
G1 X109.316 Y148.613 E248.36931
G1 X110.425 Y148.34 E248.42249
G1 X110.374 Y147.12 E248.47935
G1 X112.634 Y143.198 E248.69012
G1 X112.566 Y143.122 E248.69487
G1 X112.424 Y142.873 E248.70822
G1 X112.412 Y142.707 E248.71597
G1 X112.872 Y141.902 E248.75914
G1 X113.146 Y141.49 E248.78218
G1 X113.487 Y141.154 E248.80447
G1 X113.886 Y140.887 E248.82683
G1 X114.325 Y140.706 E248.84894
G1 X114.578 Y140.64 E248.86111
G1 X115.229 Y140.512 E248.89201
G1 X115.933 Y140.464 E248.92487
G1 X115.852 Y140.059 E248.9441
G1 X115.817 Y139.348 E248.97724
G1 X115.975 Y138.024 E249.03933
G1 X116.315 Y136.84 E249.09669
G1 X116.858 Y135.684 E249.15616
G1 X119.291 Y131.472 E249.38266
G1 F1500 E242.88266
G0 F9000 X118.756 Y131.164
G0 X112.094 Y142.77
G0 X104.467 Y156.756
G0 X104.698 Y157.116
G0 X104.91 Y157.841
G0 X104.422 Y158.101
G0 X103.63 Y158.256
G0 X97.704 Y166.277
G1 F1500 E249.38266
G1 F1574.8 X97.689 Y166.306 E249.38411
G1 F1500 E242.88411
G0 F9000 X96.268 Y165.428
G1 F1500 E249.38411
G1 F1546.4 X96.283 Y165.399 E249.38558
G1 F1522.8 X97.474 Y163.324 E249.49532
G1 F1354.4 X97.591 Y163.03 E249.51164
G1 F1304.3 X97.91 Y162.533 E249.54326
G1 F1354.4 X98.118 Y162.152 E249.56565
G1 F1408.5 X98.358 Y161.789 E249.58723
G1 F1500 X102.223 Y155.098 E249.94703
G1 X102.108 Y154.903 E249.95757
G1 X102.181 Y154.729 E249.96636
G1 X102.523 Y154.576 E249.98381
G1 X153.62 Y66.077 E254.74224
G1 F1244.8 X153.749 Y65.69 E254.76513
G1 F1158.3 X154.452 Y64.569 E254.84492
G1 F1276.6 X154.922 Y63.753 E254.89644
G1 F1096.9 X155.198 Y63.124 E254.94018
G1 X154.69 Y63.587 E254.98395
G1 F1276.6 X154.066 Y64.305 E255.03599
G1 F1158.3 X153.284 Y65.374 E255.11586
G1 F1244.8 X152.971 Y65.636 E255.13876
G1 F1500 X151.86 Y67.218 E255.22878
G1 X150.901 Y68.776 E255.31397
G1 X125.342 Y113.04 E257.69402
G1 X124.212 Y114.821 E257.79223
G1 X122.937 Y116.498 E257.89032
G1 X121.534 Y118.062 E257.98816
G1 X120.452 Y119.028 E258.0557
G1 X119.844 Y119.457 E258.09035
G1 X119.248 Y119.836 E258.12324
G1 X118.607 Y120.183 E258.15718
G1 X118.131 Y120.397 E258.18148
G1 X118.622 Y121.686 E258.24571
G1 X118.8 Y122.4 E258.27997
G1 X118.825 Y123.151 E258.31496
G1 X118.681 Y123.869 E258.34906
G1 X118.386 Y124.544 E258.38336
G1 X113.173 Y133.575 E258.86891
G1 X112.469 Y134.587 E258.92632
G1 X111.572 Y135.517 E258.98648
G1 X110.495 Y136.315 E259.0489
G1 X109.854 Y136.635 E259.08226
G1 X109.501 Y136.749 E259.09953
G1 X109.82 Y137.401 E259.13333
G1 X109.916 Y137.658 E259.1461
G1 X110.103 Y138.294 E259.17697
G1 X110.16 Y138.775 E259.19953
G1 X110.122 Y139.253 E259.22185
G1 X110.001 Y139.697 E259.24328
G1 X109.79 Y140.116 E259.26513
G1 X109.342 Y140.892 E259.30685
G1 X109.178 Y140.992 E259.31579
G1 X108.784 Y140.976 E259.33416
G1 X106.554 Y144.844 E259.54206
G1 X106.473 Y144.922 E259.54729
G1 X105.441 Y145.459 E259.60146
G1 X105.753 Y146.557 E259.65461
G1 X105.748 Y146.681 E259.66039
G1 X104.494 Y148.864 E259.77762
G1 X104.058 Y149.45 E259.81163
G1 X103.795 Y149.683 E259.82799
G1 X103.505 Y149.918 E259.84537
G1 X103.187 Y150.101 E259.86246
G1 X102.87 Y150.251 E259.87879
G1 X102.527 Y150.36 E259.89554
G1 X102.199 Y150.432 E259.91118
G1 X102.048 Y150.434 E259.91821
G1 X102.062 Y150.671 E259.92927
G1 X101.922 Y151.539 E259.97021
G1 X101.598 Y152.336 E260.01027
G1 X101.102 Y153.057 E260.05102
G1 X100.781 Y153.366 E260.07177
G1 X100.442 Y153.663 E260.09275
G1 X100.076 Y153.888 E260.11276
G1 X99.692 Y154.096 E260.13309
G1 X99.488 Y154.154 E260.14297
G1 X99.562 Y154.339 E260.15225
G1 X99.632 Y154.726 E260.17056
G1 X99.676 Y155.214 E260.19338
G1 X99.654 Y155.649 E260.21366
G1 X99.574 Y156.129 E260.23632
G1 X99.464 Y156.525 E260.25545
G1 X99.264 Y156.981 E260.27864
G1 X99.053 Y157.357 E260.29872
G1 X98.747 Y157.74 E260.32154
G1 X98.461 Y158.06 E260.34153
G1 X98.486 Y158.24 E260.34999
G1 X98.407 Y158.37 E260.35707
G1 X98.279 Y158.408 E260.36329
G1 X97.912 Y158.368 E260.38048
G1 X97.45 Y158.263 E260.40254
G1 X97.119 Y158.155 E260.41875
G1 X96.8 Y158.03 E260.43471
G1 X96.341 Y157.817 E260.45827
G1 X96.06 Y157.53 E260.47697
G1 X95.922 Y157.292 E260.48978
G1 X95.826 Y156.994 E260.50436
G1 X95.793 Y156.335 E260.53509
G1 X95.699 Y155.975 E260.55241
G1 X95.538 Y155.648 E260.56938
G1 X95.467 Y155.557 E260.57476
G1 X95.347 Y155.724 E260.58433
G1 X95.009 Y156.016 E260.60513
G1 X94.547 Y156.244 E260.62912
G1 X94.123 Y156.336 E260.64932
G1 X93.618 Y156.318 E260.67285
G1 X93.178 Y156.179 E260.69434
G1 X92.301 Y155.66 E260.74179
G1 X91.528 Y154.942 E260.79092
G1 X90.964 Y154.104 E260.83795
G1 X90.656 Y153.346 E260.87605
G1 X90.418 Y153.513 E260.88959
G1 X90.272 Y153.782 E260.90384
G1 X90.22 Y154.073 E260.91761
G1 X90.064 Y154.302 E260.93051
G1 X89.847 Y154.414 E260.94188
G1 X89.547 Y154.46 E260.95601
G1 X89.243 Y154.436 E260.97021
G1 X88.961 Y154.349 E260.98395
G1 X88.723 Y154.221 E260.99654
G1 X88.491 Y154.019 E261.01086
G1 F1428.6 X88.455 Y154.006 E261.01273
G1 F1229.5 X88.176 Y153.734 E261.03487
G1 F1153.8 X87.945 Y153.114 E261.07492
G1 F1094.9 X87.807 Y152.326 E261.12595
G1 F1016.9 X87.774 Y152.052 E261.14491
G1 X87.62 Y151.58 E261.17901
G1 X87.175 Y152.358 E261.24056
G1 F1027.4 X87.281 Y152.559 E261.25601
G1 F1107 X87.473 Y153.298 E261.30419
G1 F1158.3 X87.645 Y153.812 E261.33687
G1 F1293.1 X87.893 Y154.49 E261.37587
G1 F1500 X88.075 Y154.778 E261.39173
G1 X88.604 Y155.266 E261.42524
G1 X89.234 Y155.594 E261.45832
G1 X90.285 Y155.832 E261.50849
G1 X90.661 Y156.024 E261.52815
G1 X90.953 Y156.287 E261.54645
G1 X91.169 Y156.621 E261.56497
G1 X91.287 Y156.962 E261.58178
G1 X91.32 Y157.336 E261.59926
G1 X91.257 Y157.712 E261.61701
G1 X91.107 Y158.057 E261.63453
G1 X91.608 Y157.973 E261.65818
G1 X92.043 Y157.813 E261.67976
G1 X92.61 Y157.64 E261.70737
G1 X93.202 Y157.606 E261.73498
G1 X93.778 Y157.709 E261.76223
G1 X94.304 Y157.944 E261.78905
G1 X94.797 Y158.33 E261.81821
G1 X95.145 Y158.765 E261.84415
G1 X95.398 Y159.323 E261.87268
G1 X95.505 Y159.878 E261.89899
G1 X95.5 Y160.076 E261.90822
G1 X95.862 Y159.946 E261.92613
G1 X96.268 Y159.914 E261.94509
G1 X96.67 Y159.993 E261.96417
G1 X97.057 Y160.182 E261.98422
G1 X97.344 Y160.424 E262.0017
G1 X97.585 Y160.761 E262.02099
G1 X97.72 Y161.162 E262.0407
G1 X97.752 Y161.522 E262.05753
G1 F1408.5 X97.709 Y161.962 E262.07945
G1 F1354.4 X97.536 Y162.317 E262.09982
G1 F1304.3 X97.243 Y162.709 E262.12602
G1 F1232 X97.014 Y162.856 E262.14145
G1 X97.155 Y162.998 E262.15279
G1 F1354.4 X97.116 Y163.157 E262.16124
G1 F1511.3 X96.109 Y164.897 E262.25415
G1 F1519 X96.244 Y164.98 E262.26143
G1 F1522.8 X96.308 Y165.14 E262.26934
G1 F1530.6 X96.283 Y165.399 E262.28121
G1 F1500 E255.78121
G0 F9000 X95.372 Y166.994
G1 F1500 E262.28121
G1 F1595.7 X96.268 Y165.428 E262.36018
G1 F1566.6 X96.173 Y165.508 E262.36572
G1 F1595.7 X95.95 Y165.595 E262.3762
G1 F1617.3 X95.732 Y165.748 E262.3877
G1 X95.537 Y165.963 E262.40023
G1 F1630.4 X95.397 Y166.225 E262.41296
G1 F1639.3 X95.327 Y166.511 E262.42551
G1 X95.324 Y166.806 E262.43808
G1 X95.372 Y166.994 E262.44634
G1 F1500 E255.94634
G0 F9000 X96.801 Y167.834
G1 F1500 E262.44634
G1 F1612.9 X96.924 Y167.808 E262.45179
G1 X97.276 Y167.603 E262.46943
G1 X97.486 Y167.391 E262.48235
G1 F1621.6 X97.635 Y167.125 E262.49548
G1 F1626 X97.712 Y166.845 E262.50795
G1 F1612.9 X97.717 Y166.534 E262.52142
G1 F1587.3 X97.689 Y166.306 E262.53153
G1 F1591.5 X96.801 Y167.834 E262.60909
G1 F1500 E256.10909
G0 F9000 X95.674 Y169.785
G1 F1500 E262.60909
G1 F1621.6 X95.797 Y169.761 E262.61449
G1 X96.153 Y169.552 E262.63227
G1 X96.359 Y169.343 E262.64491
G1 X96.511 Y169.078 E262.65807
G1 X96.583 Y168.794 E262.67069
G1 X96.59 Y168.486 E262.68396
G1 X96.54 Y168.285 E262.69288
G1 X95.674 Y169.785 E262.76748
G1 F1500 E256.26748
G0 F9000 X94.247 Y168.946
G1 F1500 E262.76748
G1 F1630.4 X95.113 Y167.441 E262.84187
G1 F1621.6 X94.822 Y167.548 E262.85522
G1 X94.608 Y167.696 E262.86643
G1 X94.412 Y167.915 E262.87909
G1 F1630.4 X94.269 Y168.175 E262.8918
G1 F1639.3 X94.199 Y168.462 E262.90438
G1 X94.199 Y168.757 E262.91695
G1 X94.247 Y168.946 E262.92526
G1 F1500 E256.42526
G0 F9000 X93.119 Y170.899
G1 F1500 E262.92526
G1 F1630.4 X93.986 Y169.392 E262.99974
G1 F1621.6 X93.902 Y169.409 E263.00343
G1 X93.549 Y169.572 E263.02018
G1 X93.284 Y169.867 E263.03726
G1 F1630.4 X93.141 Y170.127 E263.04997
G1 F1639.3 X93.071 Y170.414 E263.06256
G1 X93.071 Y170.709 E263.07513
G1 X93.119 Y170.899 E263.08348
G1 F1500 E256.58348
G0 F9000 X94.549 Y171.737
G1 F1500 E263.08348
G1 F1617.3 X94.673 Y171.712 E263.08894
G1 X95.021 Y171.508 E263.10636
G1 X95.234 Y171.291 E263.11949
G1 F1621.6 X95.383 Y171.029 E263.13248
G1 F1626 X95.46 Y170.745 E263.14512
G1 X95.467 Y170.437 E263.15835
G1 X95.416 Y170.231 E263.16747
G1 F1621.6 X94.549 Y171.737 E263.24231
G1 F1500 E256.74231
G0 F9000 X93.419 Y173.69
G1 F1500 E263.24231
G1 F1617.3 X93.498 Y173.674 E263.24579
G1 X93.824 Y173.528 E263.26122
G1 X94.107 Y173.242 E263.2786
G1 X94.258 Y172.981 E263.29162
G1 X94.331 Y172.702 E263.30408
G1 X94.338 Y172.386 E263.31773
G1 X94.288 Y172.185 E263.32667
G1 X93.419 Y173.69 E263.40173
G1 F1500 E256.90173
G0 F9000 X91.994 Y172.847
G1 F1500 E263.40173
G1 F1630.4 X92.862 Y171.341 E263.47619
G1 F1626 X92.57 Y171.446 E263.48952
G1 X92.355 Y171.599 E263.50086
G1 X92.156 Y171.82 E263.51363
G1 F1630.4 X92.017 Y172.074 E263.52603
G1 F1639.3 X91.947 Y172.363 E263.5387
G1 X91.944 Y172.657 E263.55123
G1 X91.994 Y172.847 E263.5596
G1 F1500 E257.0596
G0 F9000 X90.867 Y174.799
G1 F1500 E263.5596
G1 F1630.4 X91.734 Y173.292 E263.63408
G1 F1626 X91.45 Y173.398 E263.6471
G1 X91.223 Y173.552 E263.65889
G1 X91.033 Y173.767 E263.67121
G1 F1630.4 X90.889 Y174.03 E263.68406
G1 F1639.3 X90.819 Y174.315 E263.69656
G1 X90.819 Y174.609 E263.70909
G1 X90.867 Y174.799 E263.71744
G1 F1500 E257.21744
G0 F9000 X92.295 Y175.639
G1 F1500 E263.71744
G1 F1617.3 X92.42 Y175.613 E263.72295
G1 X92.769 Y175.408 E263.74043
G1 X92.982 Y175.191 E263.75356
G1 F1621.6 X93.131 Y174.93 E263.76651
G1 X93.203 Y174.65 E263.77896
G1 X93.21 Y174.337 E263.79244
G1 X93.162 Y174.137 E263.8013
G1 X92.295 Y175.639 E263.876
G1 F1500 E257.376
G0 F9000 X91.17 Y177.589
G1 F1500 E263.876
G1 F1617.3 X91.293 Y177.564 E263.88142
G1 X91.645 Y177.356 E263.89908
G1 X91.859 Y177.139 E263.91224
G1 X92.006 Y176.882 E263.92503
G1 X92.075 Y176.602 E263.93748
G1 X92.085 Y176.288 E263.95105
G1 X92.035 Y176.089 E263.95991
G1 X91.17 Y177.589 E264.0347
G1 F1500 E257.5347
G0 F9000 X89.742 Y176.747
G1 F1500 E264.0347
G1 F1630.4 X90.605 Y175.245 E264.1089
G1 F1617.3 X90.318 Y175.351 E264.12212
G1 X90.103 Y175.5 E264.13342
G1 X89.905 Y175.72 E264.1462
G1 F1630.4 X89.765 Y175.978 E264.15877
G1 F1639.3 X89.695 Y176.267 E264.17144
G1 X89.692 Y176.557 E264.1838
G1 X89.742 Y176.747 E264.19217
G1 F1500 E257.69217
G0 F9000 X88.615 Y178.701
G1 F1500 E264.19217
G1 F1630.4 X89.478 Y177.198 E264.26642
G1 F1621.6 X89.19 Y177.304 E264.27963
G1 X88.976 Y177.452 E264.29084
G1 X88.78 Y177.671 E264.3035
G1 F1630.4 X88.637 Y177.931 E264.31621
G1 F1639.3 X88.567 Y178.218 E264.3288
G1 X88.567 Y178.509 E264.3412
G1 X88.615 Y178.701 E264.34963
G1 F1500 E257.84963
G0 F9000 X90.042 Y179.541
G1 F1500 E264.34963
G1 F1617.3 X90.165 Y179.517 E264.35504
G1 X90.52 Y179.308 E264.37283
G1 X90.73 Y179.091 E264.38587
G1 F1621.6 X90.879 Y178.833 E264.39871
G1 X90.951 Y178.554 E264.41112
G1 X90.958 Y178.242 E264.42456
G1 X90.908 Y178.04 E264.43352
G1 X90.042 Y179.541 E264.50816
G1 F1500 E258.00816
G0 F9000 X88.916 Y181.491
G1 F1500 E264.50816
G1 F1617.3 X89.04 Y181.465 E264.51363
G1 X89.389 Y181.26 E264.53111
G1 X89.603 Y181.043 E264.54428
G1 F1621.6 X89.751 Y180.785 E264.55709
G1 X89.823 Y180.501 E264.56971
G1 X89.833 Y180.188 E264.5832
G1 X89.783 Y179.989 E264.59203
G1 X88.916 Y181.491 E264.66673
G1 F1500 E258.16673
G0 F9000 X87.487 Y180.653
G1 F1500 E264.66673
G1 F1630.4 X88.355 Y179.144 E264.74131
G1 F1621.6 X88.275 Y179.161 E264.74483
G1 X87.915 Y179.327 E264.7619
G1 X87.652 Y179.623 E264.77896
G1 F1630.4 X87.509 Y179.883 E264.79167
G1 F1634.9 X87.439 Y180.167 E264.80417
G1 X87.439 Y180.465 E264.8169
G1 X87.487 Y180.653 E264.82519
G1 F1500 E258.32519
G0 F9000 X86.362 Y182.603
G1 F1500 E264.82519
G1 F1630.4 X87.231 Y181.095 E264.89975
G1 F1626 X86.939 Y181.202 E264.91311
G1 X86.723 Y181.355 E264.92448
G1 X86.524 Y181.576 E264.93725
G1 F1630.4 X86.385 Y181.83 E264.94966
G1 F1639.3 X86.315 Y182.119 E264.96233
G1 X86.312 Y182.413 E264.97485
G1 X86.362 Y182.603 E264.98322
G1 F1500 E258.48322
G0 F9000 X87.786 Y183.447
G1 F1500 E264.98322
G1 F1617.3 X87.867 Y183.43 E264.9868
G1 X88.192 Y183.288 E265.00211
G1 X88.475 Y182.995 E265.01971
G1 F1621.6 X88.627 Y182.733 E265.03275
G1 X88.699 Y182.454 E265.04516
G1 X88.706 Y182.142 E265.05861
G1 X88.656 Y181.941 E265.06753
G1 X87.786 Y183.447 E265.14244
G1 F1500 E258.64244
G0 F9000 X86.665 Y185.392
G1 F1500 E265.14244
G1 F1612.9 X86.789 Y185.367 E265.14792
G1 X87.136 Y185.163 E265.16535
G1 X87.35 Y184.947 E265.17852
G1 F1617.3 X87.499 Y184.686 E265.1915
G1 F1621.6 X87.571 Y184.406 E265.20395
G1 X87.578 Y184.093 E265.21743
G1 X87.53 Y183.893 E265.22629
G1 F1617.3 X86.665 Y185.392 E265.30104
G1 F1500 E258.80104
G0 F9000 X85.234 Y184.557
G1 F1500 E265.30104
G1 F1634.9 X86.102 Y183.048 E265.37541
G1 F1626 X85.817 Y183.151 E265.38843
G1 X85.591 Y183.307 E265.40022
G1 X85.401 Y183.522 E265.41255
G1 F1634.9 X85.26 Y183.783 E265.42522
G1 F1643.8 X85.187 Y184.071 E265.43785
G1 X85.186 Y184.365 E265.45034
G1 X85.234 Y184.557 E265.45875
G1 F1500 E258.95875
G0 F9000 X84.108 Y186.504
G1 F1500 E265.45875
G1 F1630.4 X84.976 Y184.998 E265.53321
G1 F1626 X84.89 Y185.016 E265.53699
G1 X84.534 Y185.179 E265.5538
G1 X84.273 Y185.475 E265.57076
G1 F1630.4 X84.133 Y185.734 E265.58337
G1 F1639.3 X84.063 Y186.023 E265.59604
G1 X84.059 Y186.318 E265.60861
G1 X84.108 Y186.504 E265.6168
G0 F9000 X84.031 Y186.735
;TYPE:WALL-INNER
G1 F1639.3 X83.963 Y186.696 E265.62014
G1 X83.964 Y186.774 E265.62347
G1 X84.031 Y186.735 E265.62677
G1 F1500 E259.12677
G0 F9000 X85.536 Y187.346
;TYPE:WALL-OUTER
G1 F1500 E265.62677
G1 F1617.3 X85.615 Y187.329 E265.63026
G1 X85.936 Y187.188 E265.6454
G1 X86.227 Y186.891 E265.66336
G1 X86.374 Y186.637 E265.67603
G1 X86.443 Y186.358 E265.68845
G1 X86.453 Y186.044 E265.70201
G1 X86.403 Y185.842 E265.711
G1 X85.536 Y187.346 E265.78598
G1 F1500 E259.28598
G0 F9000 X85.028 Y188.697
G0 X84.194 Y189.944
G1 F1500 E265.78598
G1 X84.635 Y189.7 E265.80945
G1 X85.541 Y189.384 E265.85412
G1 X85.434 Y189.204 E265.86388
G1 X85.278 Y188.82 E265.88318
G1 X85.184 Y188.368 E265.90467
G1 X85.169 Y188.016 E265.92108
G1 X83.94 Y190.139 E266.0353
G1 X84.194 Y189.944 E266.05021
G1 F1500 E259.55021
G0 F9000 X84.612 Y189.425
G0 X82.772 Y188.371
G0 X82.53 Y188.979
G1 F1500 E266.05021
G1 X82.481 Y189.297 E266.0652
G1 X83.7 Y187.177 E266.17907
G1 X83.34 Y187.353 E266.19773
G1 X82.919 Y187.484 E266.21826
G1 X82.341 Y187.557 E266.24539
G1 X82.513 Y188.441 E266.28732
G1 X82.508 Y188.61 E266.29519
G1 X82.53 Y188.979 E266.31241
G1 F1500 E259.81241
G0 F9000 X82.743 Y188.351
G0 X81.646 Y188.626
G0 X81.031 Y190.005
G0 X80.674 Y192.823
G1 F1500 E266.31241
G1 F1807.2 X80.846 Y192.924 E266.32011
G1 F1538.5 X81.075 Y193.121 E266.33383
G1 F1342.3 X81.325 Y193.267 E266.34889
G1 F1546.4 X81.638 Y193.378 E266.36389
G1 F1818.2 X81.815 Y193.48 E266.37174
G0 F9000 X82.508 Y193.839
G1 F1500 X83.792 Y193.54 E266.43313
G1 X83.583 Y193.211 E266.45128
G1 X83.519 Y193.023 E266.46053
G1 X83.318 Y192.519 E266.48579
G1 X83.258 Y192.135 E266.50389
G1 X83.192 Y191.817 E266.51901
G1 X83.199 Y191.426 E266.53722
G1 F1522.8 X82.04 Y193.421 E266.64305
G1 F1666.7 X81.815 Y193.48 E266.65279
G1 X82.089 Y193.603 E266.66538
G1 F1522.8 X82.508 Y193.839 E266.68744
G1 F1500 E260.18744
G0 F9000 X82.557 Y193.519
G0 X82.322 Y193.409
G0 X80.462 Y192.332
G0 X80.674 Y192.823
G1 F1500 E266.68744
G1 F1657.5 X80.585 Y192.581 E266.6983
G1 F1511.3 X81.735 Y190.58 E266.80496
G1 F1500 X81.384 Y190.798 E266.8242
G1 X80.632 Y191.047 E266.86109
G1 X79.902 Y191.144 E266.89538
G1 X79.604 Y191.13 E266.90927
G1 X79.992 Y192.386 E266.97048
G1 F1511.3 X80.405 Y192.629 E266.99263
G1 F1657.5 X80.674 Y192.823 E267.0066
G1 F1500 E260.5066
;MESH:NONMESH
G0 F300 X80.674 Y192.823 Z1.12
G0 F9000 X80.418 Y192.309
G0 X81.194 Y191.091
G0 X153.454 Y68.055
;TIME_ELAPSED:419.943780
;LAYER:3
M106 S255
;TYPE:WALL-INNER
;MESH:Sunraiser_3_v0.stl
G1 F1500 E267.0066
G1 F1395.3 X152.952 Y68.926 E267.05693
G1 F1209.7 X152.449 Y69.798 E267.11505
G1 F1134.2 X139.698 Y91.88 E268.68531
G1 F1129.9 X126.946 Y113.962 E270.26154
G1 F1060.1 X126.53 Y114.685 E270.3165
G1 F946.4 X126.112 Y115.409 E270.3782
G0 F9000 X122.63 Y122.281
G0 X121.806 Y122.869
G1 F1500 X122.509 Y122.502 E270.41513
G1 X122.786 Y122.401 E270.42886
G1 X122.864 Y121.609 E270.46592
G1 X123.046 Y120.718 E270.50826
G1 X122.366 Y121.322 E270.55061
G1 X121.72 Y121.785 E270.58762
G1 X121.783 Y122.132 E270.60404
G1 X121.806 Y122.869 E270.63838
G0 F9000 X122.673 Y122.867
G1 F1500 X123.162 Y122.689 E270.66261
G1 X123.26 Y121.668 E270.71037
G1 X123.573 Y120.152 E270.78245
G1 X123.644 Y119.888 E270.79518
G1 X123.801 Y119.407 E270.81874
G1 X123.464 Y119.784 E270.84229
G1 X123.262 Y119.986 E270.85559
G1 X122.117 Y121.009 E270.92708
G1 X121.281 Y121.604 E270.97486
G1 X121.375 Y122.117 E270.99915
G1 X121.412 Y123.044 E271.04235
G1 X121.407 Y123.317 E271.05506
G1 X121.363 Y123.635 E271.07001
G1 X121.618 Y123.438 E271.08502
G1 X121.85 Y123.298 E271.09763
G1 X122.673 Y122.867 E271.14089
G0 F9000 X123.54 Y123.011
G1 F1500 X123.655 Y121.727 E271.20092
G1 X123.986 Y120.132 E271.27677
G1 X124.68 Y118.004 E271.381
G1 X124.84 Y117.609 E271.40084
G1 X124.574 Y117.95 E271.42098
G1 X123.086 Y119.606 E271.52465
G1 X121.972 Y120.609 E271.59445
G1 X121.769 Y120.771 E271.60654
G1 X120.815 Y121.439 E271.66077
G1 X120.916 Y121.824 E271.6793
G1 X120.977 Y122.158 E271.69511
G1 X121.018 Y123.212 E271.74423
G1 X120.974 Y123.544 E271.75982
G1 X120.799 Y124.443 E271.80247
G1 X120.686 Y124.746 E271.81753
G1 X120.57 Y125.01 E271.83096
G1 X120.74 Y124.776 E271.84442
G1 X120.949 Y124.522 E271.85974
G1 X121.637 Y123.927 E271.90209
G1 X121.901 Y123.724 E271.9176
G1 X122.836 Y123.232 E271.9668
G1 X123.149 Y123.119 E271.98229
G1 X123.54 Y123.011 E272.00118
G0 F9000 X114.613 Y135.326
G1 F1351.4 X114.295 Y135.876 E272.03402
G0 F9000 X112.799 Y138.467
G1 F1117.3 X113.271 Y138.27 E272.06599
G1 X113.334 Y137.734 E272.09973
G1 X113.383 Y137.458 E272.11725
G1 X113.165 Y137.642 E272.13509
G1 X112.733 Y137.962 E272.16869
G1 X112.799 Y138.467 E272.20053
G0 F9000 X113.704 Y138.599
G1 F1492.5 X113.831 Y137.57 E272.24905
G1 F1477.8 X114.212 Y136.221 E272.3153
G1 F1327.4 X114.295 Y135.876 E272.33397
G1 X114.037 Y136.121 E272.35269
G1 F1485.1 X112.989 Y137.191 E272.42313
G1 F1500 X112.232 Y137.751 E272.46698
G1 X112.348 Y138.602 E272.50697
G1 X112.344 Y138.902 E272.52094
G1 X112.314 Y139.306 E272.5398
G1 X112.781 Y138.991 E272.56603
G1 X113.043 Y138.868 E272.57951
G1 X113.704 Y138.599 E272.61274
G0 F9000 X123 Y123.597
G1 F1500 X123.255 Y123.504 E272.62538
G1 X123.927 Y123.319 E272.65784
G1 X123.947 Y122.891 E272.67779
G1 X124.051 Y121.786 E272.72947
G1 X124.376 Y120.223 E272.8038
G1 X125.114 Y117.985 E272.91353
G1 F1562.5 X125.941 Y116.075 E273.00657
G1 F1666.7 X126.068 Y115.837 E273.01788
G1 F1176.5 X126.112 Y115.409 E273.04342
G1 X125.764 Y115.662 E273.06897
G1 F1666.7 X125.622 Y115.891 E273.08026
G1 F1562.5 X124.277 Y117.683 E273.18042
G1 F1500 X122.806 Y119.32 E273.2829
G1 X121.62 Y120.382 E273.35703
G1 X120.636 Y121.078 E273.41315
G1 X120.354 Y121.258 E273.42873
G1 X120.529 Y121.926 E273.46088
G1 X120.579 Y122.199 E273.47381
G1 X120.617 Y123.2 E273.52045
G1 X120.581 Y123.469 E273.53309
G1 X120.414 Y124.33 E273.57393
G1 X120.32 Y124.585 E273.58658
G1 F1260.5 X120.1 Y125.28 E273.62698
G1 F1100.9 X114.787 Y134.489 E274.30149
G1 F1087 X114.581 Y134.819 E274.32649
G1 F1244.8 X114.288 Y135.101 E274.34931
G1 F1500 X113.928 Y135.62 E274.37872
G1 X113.746 Y135.84 E274.39201
G1 X112.76 Y136.854 E274.45787
G1 X111.774 Y137.593 E274.51525
G1 X111.868 Y138.038 E274.53643
G1 X111.953 Y138.729 E274.56885
G1 X111.897 Y139.53 E274.60623
G1 F1496.3 X111.724 Y140.166 E274.637
G1 F1408.5 X111.616 Y140.514 E274.65507
G1 X111.866 Y140.242 E274.67339
G1 F1496.3 X112.33 Y139.776 E274.70409
G1 F1500 X112.874 Y139.411 E274.73459
G1 X113.094 Y139.279 E274.74654
G1 X113.638 Y139.057 E274.7739
G1 X114.068 Y138.927 E274.79482
G1 X114.218 Y137.694 E274.85265
G1 X114.601 Y136.332 E274.91853
G1 X114.705 Y136.057 E274.93222
G1 X114.97 Y135.495 E274.96116
G1 F1252.6 X115.076 Y135.067 E274.98574
G1 F1077.2 X119.266 Y127.817 E275.5287
G1 F1083 X120.574 Y125.553 E275.69732
G1 F1260.5 X121.063 Y125.013 E275.73769
G1 F1500 X121.232 Y124.806 E275.75013
G1 X121.899 Y124.229 E275.7912
G1 X122.117 Y124.062 E275.80399
G1 X123 Y123.597 E275.85046
G0 F9000 X111.616 Y140.514
G1 F1405.2 X110.856 Y141.833 E275.92613
G0 F9000 X110.268 Y142.853
G1 F1252.6 X108.355 Y146.166 E276.13945
G0 F9000 X107.891 Y146.969
G1 F1754.4 X108.258 Y146.698 E276.15761
G1 F1666.7 X108.342 Y146.191 E276.17915
G1 X107.941 Y146.517 E276.2008
G1 F1754.4 X107.891 Y146.969 E276.21891
G1 F1500 E269.71891
G0 F9000 X104.228 Y155.435
G0 X103.39 Y155.522
G0 X102.561 Y156.201
G1 F1500 E276.21891
G1 F1666.7 X102.971 Y155.874 E276.24089
G1 X103.12 Y155.231 E276.26855
G1 F1662 X102.636 Y155.681 E276.29632
G1 F1666.7 X102.561 Y156.201 E276.31834
G0 F9000 X103.376 Y154.796
G0 X103.251 Y154.55
G1 F1376.1 X103.068 Y154.75 E276.3321
G1 F1474.2 X102.867 Y154.949 E276.3455
G1 F1500 X102.268 Y155.505 E276.38355
G1 X102.253 Y155.715 E276.39336
G1 X102.057 Y156.915 E276.44997
G1 X101.969 Y157.241 E276.4657
G1 X102.324 Y156.887 E276.48904
G1 X103.046 Y156.3 E276.53237
G1 X103.302 Y156.128 E276.54673
G1 F1474.2 X103.563 Y155.036 E276.59993
G1 F1376.1 X103.645 Y154.777 E276.61371
G1 F1421.8 X104.066 Y153.982 E276.65791
G1 F1546.4 X104.276 Y153.619 E276.67685
G1 F1415.1 X104.887 Y152.713 E276.73079
G1 F1217 X104.884 Y152.177 E276.76155
G1 X104.425 Y152.441 E276.79194
G1 F1415.1 X103.941 Y153.426 E276.84611
G1 F1546.4 X103.723 Y153.807 E276.86593
G1 F1421.8 X103.251 Y154.55 E276.90918
G0 F9000 X103.376 Y154.796
G0 X100.188 Y160.439
G1 F1013.5 X100.151 Y160.375 E276.91427
G1 X100.077 Y160.375 E276.91937
G1 X100.04 Y160.439 E276.92446
G1 X100.077 Y160.503 E276.92956
G1 X100.151 Y160.503 E276.93466
G1 X100.188 Y160.439 E276.93975
G0 F9000 X102.989 Y156.614
G0 X103.662 Y156.374
G1 F1500 X103.916 Y155.249 E276.99346
G1 X104.033 Y154.958 E277.00806
G1 X104.486 Y154.015 E277.05677
G1 X104.667 Y153.752 E277.07164
G1 X105.353 Y152.882 E277.12323
G1 X105.348 Y152.16 E277.15685
G1 X105.363 Y151.905 E277.16875
G1 X105.529 Y151.056 E277.20903
G1 X104.993 Y151.539 E277.24262
G1 X104.783 Y151.701 E277.25497
G1 X104.045 Y152.122 E277.29454
G1 X103.569 Y153.303 E277.35383
G1 X103.399 Y153.584 E277.36912
G1 X102.818 Y154.424 E277.41668
G1 X102.595 Y154.656 E277.43166
G1 X101.871 Y155.323 E277.4775
G1 X101.856 Y155.666 E277.49349
G1 X101.648 Y156.945 E277.55383
G1 X101.481 Y157.353 E277.57435
G1 F1348.3 X101.254 Y157.981 E277.60895
G1 F1234.6 X100.914 Y158.577 E277.64777
G1 F1200 X100.727 Y158.848 E277.66693
G1 F1160.5 X100.725 Y158.879 E277.6688
G1 F1232 X100.58 Y159.179 E277.68769
G1 F1312.9 X100.386 Y159.514 E277.70828
G1 F1401.9 X99.829 Y160.034 E277.74625
G1 F1500 X99.51 Y160.213 E277.76328
G1 X99.669 Y160.663 E277.78551
G1 X99.726 Y161.112 E277.80658
G1 X100.148 Y160.935 E277.82789
G1 X100.613 Y160.849 E277.84991
G1 X100.608 Y160.484 E277.86691
G1 F1401.9 X100.78 Y159.741 E277.9049
G1 F1312.9 X100.974 Y159.406 E277.9255
G1 F1232 X101.16 Y159.13 E277.94437
G1 F1160.5 X101.187 Y159.112 E277.94632
G1 F1200 X101.329 Y158.816 E277.96543
G1 F1234.6 X101.675 Y158.224 E278.00422
G1 F1348.3 X102.311 Y157.465 E278.05552
G1 F1500 X102.593 Y157.183 E278.07409
G1 X103.283 Y156.618 E278.11562
G1 X103.662 Y156.374 E278.13661
G0 F9000 X102.989 Y156.614
G0 X101.829 Y158.269
G0 X100.49 Y161.274
G1 F1500 X101.073 Y161.182 E278.16409
G1 X101.022 Y160.966 E278.17442
G1 X100.992 Y160.574 E278.19273
G1 X101.151 Y159.961 E278.22222
G1 X101.325 Y159.651 E278.23877
G1 X101.493 Y159.445 E278.25115
G1 X101.567 Y159.397 E278.25526
G1 X101.758 Y158.93 E278.27875
G1 X102.042 Y158.476 E278.30369
G1 X102.526 Y157.815 E278.34183
G1 X102.861 Y157.48 E278.36389
G1 X103.518 Y156.946 E278.40332
G1 X104.037 Y156.609 E278.43213
G1 X104.067 Y156.375 E278.44312
G1 X104.302 Y155.357 E278.49177
G1 X104.405 Y155.109 E278.50427
G1 X104.781 Y154.325 E278.54476
G1 X104.927 Y154.073 E278.55832
G1 X105.614 Y153.205 E278.60986
G1 X105.756 Y153.069 E278.61902
G1 X105.748 Y152.166 E278.66107
G1 X105.781 Y151.849 E278.67591
G1 F1492.5 X105.955 Y150.968 E278.71793
G1 F1459.9 X106.324 Y150.095 E278.76328
G1 F1449.3 X107.68 Y147.745 E278.89404
G1 F1477.8 X108.008 Y147.339 E278.91871
G1 F1500 X108.366 Y147.076 E278.93939
G1 X108.597 Y146.972 E278.95119
G1 X108.631 Y146.721 E278.96298
G1 X108.708 Y146.467 E278.97534
G1 X108.828 Y146.216 E278.9883
G1 X110.734 Y142.913 E279.16587
G1 X110.699 Y142.8 E279.17138
G1 X110.713 Y142.292 E279.19504
G1 F1492.5 X110.856 Y141.833 E279.21754
G1 X110.53 Y142.186 E279.24002
G1 F1500 X110.097 Y142.451 E279.26366
G1 X109.984 Y142.477 E279.26906
G1 X108.076 Y145.782 E279.44676
G1 X107.919 Y146.011 E279.45969
G1 X107.735 Y146.205 E279.47214
G1 X107.536 Y146.36 E279.48388
G1 X107.56 Y146.61 E279.49558
G1 X107.512 Y147.052 E279.51628
G1 F1477.8 X107.324 Y147.539 E279.54095
G1 F1449.3 X105.964 Y149.888 E279.67177
G1 X105.415 Y150.62 E279.71586
G1 F1485.1 X104.736 Y151.233 E279.75889
G1 F1500 X104.474 Y151.417 E279.77379
G1 X103.678 Y151.869 E279.81642
G1 X103.626 Y152.079 E279.82649
G1 X103.221 Y153.091 E279.87725
G1 X103.07 Y153.356 E279.89145
G1 X102.504 Y154.174 E279.93777
G1 X102.322 Y154.363 E279.94999
G1 X101.625 Y155.007 E279.99417
G1 X101.456 Y155.131 E280.00393
G1 X101.476 Y155.512 E280.0217
G1 X101.298 Y156.633 E280.07455
G1 X101.22 Y156.955 E280.08998
G1 X100.809 Y157.888 E280.13745
G1 X100.552 Y158.324 E280.16102
G1 X100.29 Y158.663 E280.18097
G1 X100.286 Y158.749 E280.18498
G1 X100.192 Y158.998 E280.19737
G1 X100.01 Y159.303 E280.21391
G1 X99.555 Y159.749 E280.24358
G1 X99.211 Y159.915 E280.26136
G1 X98.997 Y159.979 E280.27176
G1 X99.28 Y160.758 E280.31036
G1 X99.363 Y161.479 E280.34415
G1 X99.335 Y161.789 E280.35864
G1 X99.586 Y161.611 E280.37297
G1 X100.195 Y161.347 E280.40388
G1 X100.49 Y161.274 E280.41803
G1 F1500 E273.91803
G0 F9000 X103.376 Y155.039
G0 X103.788 Y154.106
G0 X119.272 Y128.734
G1 F1500 E280.41803
G1 X120.869 Y125.968 E280.56675
G1 X121.474 Y125.126 E280.61503
G1 X122.278 Y124.43 E280.66455
G1 X123.23 Y123.927 E280.71469
G1 X124.08 Y123.691 E280.75576
G1 X124.33 Y123.645 E280.7676
G1 X124.324 Y123.386 E280.77966
G1 X124.345 Y122.928 E280.80101
G1 X124.445 Y121.838 E280.85198
G1 X124.764 Y120.324 E280.92402
G1 X125.483 Y118.141 E281.03105
G1 X126.345 Y116.117 E281.13348
G1 X127.35 Y114.193 E281.23456
G1 X152.856 Y70.019 E283.60974
G1 X153.812 Y68.247 E283.7035
G1 F1244.8 X153.908 Y67.827 E283.72767
G1 F1167.3 X154.45 Y66.787 E283.79784
G1 F1290.3 X155.044 Y65.3 E283.88452
G1 X154.043 Y66.568 E283.97197
G1 F1167.3 X153.422 Y67.547 E284.04134
G1 F1244.8 X153.099 Y67.854 E284.06634
G1 F1500 X152.096 Y69.483 E284.15542
G1 X126.514 Y113.779 E286.53729
G1 X125.347 Y115.616 E286.63863
G1 X123.979 Y117.416 E286.74391
G1 X122.524 Y119.036 E286.8453
G1 X121.371 Y120.069 E286.91738
G1 X120.421 Y120.741 E286.97157
G1 X120.099 Y120.947 E286.98937
G1 X119.872 Y121.072 E287.00143
G1 X119.955 Y121.315 E287.01339
G1 X120.178 Y122.161 E287.05413
G1 X120.218 Y123.236 E287.10422
G1 X120.017 Y124.282 E287.15382
G1 X119.627 Y125.17 E287.19898
G1 X114.381 Y134.254 E287.68744
G1 X113.539 Y135.479 E287.75665
G1 X112.496 Y136.553 E287.82636
G1 X111.301 Y137.446 E287.89583
G1 X111.46 Y137.996 E287.92249
G1 X111.553 Y138.746 E287.95768
G1 X111.493 Y139.465 E287.99127
G1 X111.338 Y140.06 E288.0199
G1 X111.241 Y140.315 E288.03261
G1 X110.99 Y140.811 E288.05849
G1 X110.527 Y141.603 E288.10121
G1 X110.275 Y141.878 E288.11858
G1 X109.938 Y142.085 E288.137
G1 X109.721 Y142.134 E288.14735
G1 X107.648 Y145.72 E288.34023
G1 X107.354 Y146.002 E288.3592
G1 X107.082 Y146.165 E288.37396
G1 X107.168 Y146.543 E288.39201
G1 X107.122 Y146.96 E288.41155
G1 X106.973 Y147.337 E288.43042
G1 X105.629 Y149.654 E288.55515
G1 X105.138 Y150.323 E288.59379
G1 X104.419 Y150.981 E288.63917
G1 X103.611 Y151.448 E288.68263
G1 X103.326 Y151.555 E288.69681
G1 X103.258 Y151.935 E288.71478
G1 X102.822 Y153.012 E288.76888
G1 X102.162 Y153.966 E288.8229
G1 X101.342 Y154.729 E288.87506
G1 X101.035 Y154.923 E288.89197
G1 X101.08 Y155.455 E288.91683
G1 X100.873 Y156.736 E288.97725
G1 X100.426 Y157.75 E289.02885
G1 X100.224 Y158.095 E289.04747
G1 X99.909 Y158.501 E289.07139
G1 X99.9 Y158.71 E289.08113
G1 X99.688 Y159.066 E289.10043
G1 X99.367 Y159.38 E289.12134
G1 X99.067 Y159.542 E289.13721
G1 X98.721 Y159.627 E289.1538
G1 X98.255 Y159.63 E289.1755
G1 X98.65 Y160.196 E289.20764
G1 X98.888 Y160.845 E289.23983
G1 X98.961 Y161.49 E289.27005
G1 X98.937 Y161.76 E289.28268
G1 X98.877 Y162.112 E289.2993
G1 F1467 X98.787 Y162.441 E289.31554
G1 F1136.4 X98.737 Y162.819 E289.33898
G1 X99.043 Y162.587 E289.36258
G1 F1467 X99.283 Y162.344 E289.37884
G1 F1500 X99.722 Y161.988 E289.40516
G1 X100.407 Y161.69 E289.43995
G1 X101.121 Y161.588 E289.47353
G1 X101.75 Y161.65 E289.50296
G1 X101.514 Y161.24 E289.52499
G1 X101.417 Y160.903 E289.54132
G1 X101.405 Y160.556 E289.55749
G1 X101.517 Y160.121 E289.5784
G1 X101.719 Y159.761 E289.59762
G1 X101.899 Y159.645 E289.6076
G1 X102.114 Y159.115 E289.63423
G1 X102.366 Y158.711 E289.6564
G1 X102.793 Y158.126 E289.69012
G1 X103.129 Y157.777 E289.71268
G1 X103.794 Y157.24 E289.75248
G1 X104.109 Y157.038 E289.76991
G1 X104.431 Y156.884 E289.78653
G1 X104.459 Y156.455 E289.80655
G1 X104.7 Y155.417 E289.85617
G1 X105.204 Y154.368 E289.91036
G1 X105.911 Y153.465 E289.96376
G1 X106.201 Y153.216 E289.98156
G1 X106.154 Y152.924 E289.99533
G1 X106.147 Y152.095 E290.03393
G1 X106.336 Y151.088 E290.08164
G1 X106.695 Y150.268 E290.12332
G1 X108.031 Y147.947 E290.24802
G1 X108.283 Y147.63 E290.26688
G1 X108.616 Y147.384 E290.28616
G1 X108.993 Y147.267 E290.30454
G1 X108.997 Y146.951 E290.31925
G1 X109.097 Y146.551 E290.33845
G1 X111.164 Y142.969 E290.53102
G1 X111.096 Y142.754 E290.54152
G1 X111.107 Y142.359 E290.55992
G1 X111.22 Y142.003 E290.57732
G1 X111.718 Y141.133 E290.62399
G1 X111.976 Y140.739 E290.64592
G1 X112.151 Y140.524 E290.65883
G1 X112.585 Y140.095 E290.68725
G1 X113.183 Y139.684 E290.72104
G1 X113.872 Y139.393 E290.75586
G1 X114.437 Y139.248 E290.78302
G1 X114.61 Y137.772 E290.85222
G1 X115.016 Y136.332 E290.92189
G1 X115.659 Y134.992 E290.9911
G1 X119.272 Y128.734 E291.32757
G1 F1500 E284.82757
G0 F9000 X113.675 Y140.528
G0 X114.197 Y141.495
G0 X106.28 Y161.161
G0 X106.352 Y162.244
G0 X105.909 Y163.785
G1 F1500 E291.32757
G1 F1626 X105.756 Y163.301 E291.34938
G1 X105.732 Y163.059 E291.35982
G1 X105.512 Y163.165 E291.37031
G1 X104.991 Y163.297 E291.3934
G1 X105.564 Y163.533 E291.42002
G1 X105.909 Y163.785 E291.43837
G0 F9000 X106.459 Y164.503
G0 X107.126 Y165.673
G1 F1639.3 X107.313 Y165.595 E291.44701
G1 X107.775 Y165.501 E291.46709
G1 X106.902 Y165.007 E291.50983
G1 X107.074 Y165.424 E291.52905
G1 X107.126 Y165.673 E291.53989
G0 F9000 X107.879 Y165.621
G0 X108.327 Y165.65
G0 X109.418 Y165.929
G1 F1595.7 X109.347 Y165.888 E291.54348
G1 X109.348 Y165.97 E291.54707
G1 X109.418 Y165.929 E291.55062
G0 F9000 X106.722 Y164.958
G0 X106.588 Y164.672
G0 X106.106 Y164.095
G0 X105.498 Y163.65
G0 X101.665 Y162.195
G0 X101.095 Y162.14
G0 X100.774 Y162.194
G0 X98.737 Y162.819
G1 F943.4 X98.594 Y163.069 E291.57194
G1 F946.4 X98.593 Y163.075 E291.57239
G1 X98.594 Y163.069 E291.57284
G1 F1500 E285.07284
G0 F9000 X103.43 Y154.7
G0 X103.788 Y154.106
G0 X119.277 Y129.531
G1 F1500 E291.57284
G1 X121.272 Y126.081 E291.75841
G1 X121.783 Y125.395 E291.79824
G1 X122.487 Y124.778 E291.84183
G1 X123.378 Y124.3 E291.88891
G1 X124.255 Y124.062 E291.93123
G1 X124.74 Y123.983 E291.95411
G1 X124.724 Y123.402 E291.98117
G1 X124.74 Y123.014 E291.99925
G1 X124.842 Y121.904 E292.05116
G1 X125.166 Y120.383 E292.12357
G1 X125.851 Y118.297 E292.22581
G1 X126.678 Y116.347 E292.32443
G1 X127.677 Y114.429 E292.42513
G1 X153.208 Y70.21 E294.80271
G1 X154.168 Y68.438 E294.89656
G1 X154.162 Y68.431 E294.89699
G1 X154.845 Y66.964 E294.97234
G1 X155.512 Y65.292 E295.05616
G1 X156.177 Y63.338 E295.15227
G1 X154.804 Y64.908 E295.24939
G1 X153.7 Y66.305 E295.3323
G1 X152.674 Y67.78 E295.41596
G1 X151.75 Y69.283 E295.49811
G1 X126.177 Y113.565 E297.87921
G1 X125.019 Y115.387 E297.97974
G1 X123.681 Y117.148 E298.08272
G1 X122.193 Y118.796 E298.18611
G1 X121.122 Y119.756 E298.25308
G1 X120.206 Y120.404 E298.30533
G1 X119.82 Y120.647 E298.32657
G1 X119.373 Y120.885 E298.35015
G1 X119.546 Y121.342 E298.3729
G1 X119.781 Y122.224 E298.41541
G1 X119.811 Y123.237 E298.4626
G1 X119.629 Y124.154 E298.50613
G1 X119.294 Y124.935 E298.5457
G1 X114.035 Y134.053 E299.03583
G1 X113.227 Y135.226 E299.10215
G1 X112.232 Y136.252 E299.16871
G1 X111.014 Y137.158 E299.23939
G1 X110.831 Y137.255 E299.24903
G1 X111.066 Y138.077 E299.28884
G1 X111.148 Y138.711 E299.31861
G1 X111.099 Y139.398 E299.35068
G1 X110.926 Y140.052 E299.38218
G1 X110.643 Y140.612 E299.4114
G1 X110.2 Y141.374 E299.45244
G1 X110.019 Y141.57 E299.46486
G1 X109.779 Y141.718 E299.47799
G1 X109.457 Y141.79 E299.49336
G1 X107.327 Y145.479 E299.69171
G1 X107.081 Y145.714 E299.70755
G1 X106.609 Y145.962 E299.73238
G1 X106.723 Y146.363 E299.75179
G1 X106.76 Y146.621 E299.76393
G1 X106.733 Y146.867 E299.77545
G1 X106.627 Y147.137 E299.78896
G1 X105.301 Y149.425 E299.9121
G1 X104.817 Y150.083 E299.95013
G1 X104.177 Y150.661 E299.99029
G1 X103.396 Y151.112 E300.03228
G1 X102.97 Y151.248 E300.0531
G1 X102.874 Y151.818 E300.08002
G1 X102.457 Y152.836 E300.13124
G1 X101.853 Y153.699 E300.18029
G1 X101.067 Y154.435 E300.23043
G1 X100.613 Y154.711 E300.25517
G1 X100.678 Y155.437 E300.28911
G1 X100.487 Y156.624 E300.3451
G1 X100.077 Y157.554 E300.39242
G1 X99.896 Y157.866 E300.40922
G1 X99.527 Y158.339 E300.43715
G1 X99.519 Y158.521 E300.44564
G1 X99.366 Y158.829 E300.46165
G1 X99.137 Y159.054 E300.4766
G1 X98.922 Y159.169 E300.48795
G1 X98.599 Y159.249 E300.50345
G1 X97.736 Y159.148 E300.54391
G1 F1570.7 X97.296 Y159.031 E300.56415
G1 F1562.5 X96.4 Y158.73 E300.6064
G1 F1477.8 X95.943 Y158.541 E300.62978
G1 F1467 X96.182 Y159.116 E300.65943
G1 F1477.8 X96.306 Y159.114 E300.66529
G1 F1608.6 X96.901 Y159.254 E300.69183
G1 F1685.4 X97.457 Y159.478 E300.71667
G1 F1554.4 X97.828 Y159.784 E300.73828
G1 F1500 X98.009 Y159.977 E300.7506
G1 X98.291 Y160.379 E300.77347
G1 X98.498 Y160.941 E300.80135
G1 X98.567 Y161.561 E300.8304
G1 X98.448 Y162.2 E300.86067
G1 X98.215 Y162.716 E300.88703
G1 X98.033 Y162.949 E300.9008
G1 X98.081 Y163.077 E300.90716
G1 X98.061 Y163.376 E300.92112
G1 F1398.6 X97.972 Y163.694 E300.93761
G1 F1310 X97.266 Y164.916 E301.01285
G1 F1312.9 X97.307 Y164.969 E301.01642
G1 X97.339 Y165.202 E301.02893
G1 X97.599 Y165.102 E301.04375
G1 X97.678 Y165.115 E301.04801
G1 F1310 X98.368 Y163.922 E301.12149
G1 F1398.6 X98.598 Y163.686 E301.13794
G1 F1500 X98.848 Y163.519 E301.15194
G1 X98.978 Y163.497 E301.15808
G1 X99.158 Y163.121 E301.17749
G1 X99.426 Y162.755 E301.19862
G1 X99.922 Y162.338 E301.22879
G1 X100.511 Y162.079 E301.25875
G1 X101.119 Y161.991 E301.28736
G1 X101.564 Y162.033 E301.30817
G1 X101.812 Y162.088 E301.32
G1 F1558.4 X102.273 Y162.254 E301.34196
G1 F1685.4 X102.752 Y162.635 E301.36732
G1 F1612.9 X103.166 Y163.076 E301.39352
G1 F1485.1 X103.226 Y163.178 E301.39908
G1 X103.888 Y163.114 E301.43036
G1 X103.452 Y162.803 E301.45555
G1 F1562.5 X102.749 Y162.18 E301.49754
G1 F1570.7 X102.403 Y161.831 E301.51939
G1 F1500 X101.901 Y161.15 E301.55879
G1 X101.812 Y160.841 E301.57376
G1 X101.803 Y160.593 E301.58531
G1 X101.884 Y160.282 E301.60028
G1 X102.074 Y159.995 E301.61631
G1 X102.23 Y159.894 E301.62496
G1 X102.453 Y159.341 E301.65272
G1 X102.628 Y159.037 E301.66906
G1 X103.105 Y158.376 E301.70701
G1 X103.397 Y158.074 E301.72657
G1 X103.99 Y157.592 E301.76216
G1 X104.306 Y157.386 E301.77972
G1 X104.829 Y157.142 E301.8066
G1 X104.834 Y156.603 E301.8317
G1 X105.082 Y155.561 E301.88157
G1 X105.546 Y154.578 E301.93219
G1 X106.226 Y153.717 E301.98327
G1 X106.645 Y153.365 E302.00875
G1 X106.56 Y152.971 E302.02752
G1 X106.547 Y152.1 E302.06809
G1 X106.725 Y151.195 E302.11103
G1 X107.057 Y150.437 E302.14957
G1 X108.377 Y148.147 E302.27264
G1 X108.557 Y147.92 E302.28613
G1 X108.756 Y147.774 E302.29763
G1 X109.003 Y147.677 E302.30998
G1 X109.406 Y147.577 E302.32932
G1 X109.385 Y147.054 E302.35369
G1 X109.465 Y146.714 E302.36995
G1 X111.593 Y143.025 E302.56826
G1 X111.494 Y142.709 E302.58368
G1 X111.502 Y142.427 E302.59682
G1 X111.582 Y142.172 E302.60926
G1 X112.052 Y141.352 E302.65327
G1 X112.363 Y140.877 E302.67971
G1 X112.84 Y140.404 E302.71099
G1 X113.41 Y140.013 E302.74317
G1 X114.059 Y139.758 E302.77564
G1 X114.432 Y139.658 E302.79362
G1 X114.84 Y139.58 E302.81297
G1 X114.837 Y139.256 E302.82805
G1 X115.002 Y137.849 E302.89402
G1 X115.393 Y136.471 E302.96072
G1 X116.005 Y135.192 E303.02674
G1 X119.277 Y129.531 E303.3312
G1 F1500 E296.8312
G0 F9000 X106.224 Y146.695
G0 X105.05 Y146.552
G0 X101.31 Y149.74
G0 X96.624 Y156.098
G0 X95.566 Y156.371
G0 X95.206 Y157.648
G1 F1500 E303.3312
G1 F1626 X95.064 Y157.182 E303.35213
G1 X95.035 Y156.883 E303.36503
G1 X94.814 Y156.983 E303.37545
G1 X94.322 Y157.094 E303.39712
G1 X94.734 Y157.28 E303.41654
G1 X95.206 Y157.648 E303.44225
G0 F9000 X93.956 Y157.08
G0 X93.356 Y156.976
G0 X92.077 Y156.981
G1 F1639.3 X92.328 Y156.902 E303.45346
G1 X92.766 Y156.845 E303.47228
G1 X91.899 Y156.333 E303.51518
G1 X92.05 Y156.783 E303.5354
G1 X92.077 Y156.981 E303.54391
G0 F9000 X91.748 Y156.309
G0 X91.574 Y156.047
G0 X90.772 Y155.164
G1 F1578.9 X90.701 Y155.123 E303.54754
G1 X90.702 Y155.205 E303.55117
G1 X90.772 Y155.164 E303.55476
G0 F9000 X94.959 Y158.132
G0 X97.527 Y160.249
G0 X97.799 Y160.634
G0 X97.962 Y161.075
G0 X98.008 Y161.54
G0 X97.016 Y165.86
G0 X96.397 Y166.885
G1 F1554.4 X96.562 Y166.876 E303.56218
G1 X96.69 Y166.785 E303.56924
G1 X96.726 Y166.686 E303.57397
G1 X96.652 Y166.381 E303.58807
G1 F1550.4 X96.443 Y166.466 E303.59824
G1 X96.35 Y166.549 E303.60385
G1 X96.315 Y166.643 E303.60837
G1 F1554.4 X96.397 Y166.885 E303.61985
G1 F1500 E297.11985
G0 F9000 X103.43 Y154.7
G0 X103.788 Y154.106
G0 X119.016 Y130.162
G0 X119.283 Y130.317
G1 F1500 E303.61985
G1 X121.561 Y126.37 E303.83206
G1 X122.076 Y125.667 E303.87264
G1 X122.731 Y125.095 E303.91313
G1 X123.52 Y124.676 E303.95473
G1 X124.288 Y124.464 E303.99183
G1 X125.151 Y124.322 E304.03255
G1 X125.124 Y123.406 E304.07522
G1 X125.142 Y123.001 E304.0941
G1 X125.238 Y121.963 E304.14264
G1 X125.546 Y120.507 E304.21194
G1 X126.219 Y118.453 E304.31258
G1 X127.04 Y116.517 E304.4105
G1 X128.031 Y114.614 E304.51041
G1 X153.552 Y70.415 E306.88695
G1 X154.545 Y68.581 E306.98406
G1 X154.537 Y68.57 E306.9847
G1 X155.212 Y67.122 E307.05909
G1 X155.884 Y65.44 E307.14343
G1 X156.526 Y63.563 E307.2358
G1 X156.907 Y62.319 E307.29638
G1 X157.036 Y61.846 E307.31921
G1 X156.681 Y62.206 E307.34275
G1 X155.807 Y63.149 E307.40262
G1 X154.49 Y64.659 E307.49592
G1 X153.379 Y66.066 E307.5794
G1 X152.351 Y67.542 E307.66315
G1 X151.403 Y69.083 E307.7474
G1 X125.839 Y113.35 E310.12768
G1 X124.692 Y115.157 E310.22735
G1 X123.415 Y116.843 E310.32583
G1 X121.925 Y118.499 E310.42956
G1 X120.874 Y119.442 E310.49531
G1 X119.991 Y120.066 E310.54566
G1 X119.67 Y120.271 E310.56339
G1 X118.874 Y120.698 E310.60545
G1 X119.168 Y121.472 E310.64401
G1 X119.384 Y122.287 E310.68327
G1 X119.411 Y123.172 E310.72449
G1 X119.246 Y124.036 E310.76545
G1 X118.897 Y124.834 E310.80601
G1 X113.662 Y133.894 E311.29324
G1 X112.917 Y134.97 E311.35418
G1 X111.968 Y135.952 E311.41777
G1 X110.801 Y136.82 E311.4855
G1 X110.319 Y137.062 E311.51061
G1 X110.509 Y137.585 E311.53652
G1 X110.679 Y138.199 E311.56619
G1 X110.748 Y138.727 E311.59098
G1 X110.704 Y139.332 E311.61923
G1 X110.553 Y139.902 E311.64668
G1 X110.297 Y140.412 E311.67326
G1 X109.872 Y141.144 E311.71267
G1 X109.619 Y141.351 E311.72789
G1 X109.217 Y141.407 E311.74679
G1 X107.002 Y145.239 E311.95289
G1 X106.856 Y145.381 E311.96237
G1 X106.135 Y145.758 E312.00026
G1 X106.366 Y146.571 E312.03961
G1 X106.337 Y146.838 E312.05212
G1 X104.973 Y149.196 E312.17896
G1 X104.512 Y149.817 E312.21498
G1 X103.927 Y150.348 E312.25176
G1 X103.23 Y150.747 E312.28916
G1 X102.613 Y150.941 E312.31928
G1 X102.495 Y151.684 E312.35431
G1 X102.118 Y152.622 E312.40138
G1 X101.55 Y153.437 E312.44764
G1 X100.824 Y154.112 E312.4938
G1 X100.193 Y154.495 E312.52817
G1 X100.277 Y155.415 E312.57119
G1 X100.101 Y156.513 E312.62297
G1 X99.728 Y157.358 E312.66598
G1 X99.547 Y157.665 E312.68257
G1 X99.146 Y158.177 E312.71285
G1 X99.136 Y158.407 E312.72357
G1 X99.044 Y158.592 E312.73319
G1 X98.906 Y158.727 E312.74218
G1 X98.585 Y158.844 E312.75809
G1 X97.824 Y158.758 E312.79375
G1 X97.351 Y158.651 E312.81633
G1 X96.991 Y158.534 E312.83396
G1 X96.666 Y158.408 E312.85019
G1 F1481.5 X96.204 Y158.203 E312.87402
G1 F1234.6 X95.971 Y158.131 E312.88782
G1 F1071.4 X95.634 Y157.762 E312.9204
G1 F1176.5 X95.547 Y157.507 E312.93639
G1 F1388.9 X95.523 Y157.37 E312.94339
G1 F1500 X95.432 Y157.062 E312.95834
G1 X95.396 Y156.395 E312.98944
G1 X95.356 Y156.243 E312.99676
G1 X95.216 Y156.364 E313.00538
G1 F1463.4 X94.706 Y156.618 E313.03257
G1 F1376.1 X93.962 Y156.785 E313.07127
G1 F1279.3 X93.457 Y156.739 E313.09896
G1 F1357.5 X92.932 Y156.503 E313.12858
G1 F1500 X92.096 Y156.004 E313.17391
G1 F1345.3 X91.673 Y155.69 E313.20126
G1 F1219.5 X91.247 Y155.293 E313.23461
G1 F1345.3 X91.048 Y154.946 E313.25538
G1 F1500 X90.705 Y154.439 E313.28389
G1 X90.505 Y154.766 E313.30173
G1 X90.145 Y155.39 E313.33528
G1 X90.373 Y155.442 E313.34617
G1 F1345.3 X90.93 Y155.669 E313.3774
G1 F1219.5 X91.298 Y155.996 E313.40559
G1 F1345.3 X91.541 Y156.471 E313.43329
G1 F1500 X91.677 Y156.871 E313.45297
G1 X91.72 Y157.322 E313.47406
G1 X91.701 Y157.501 E313.48244
G1 F1492.5 X92.507 Y157.247 E313.52199
G1 F1485.1 X92.975 Y157.212 E313.54406
G1 F1354.4 X93.277 Y157.173 E313.55977
G1 F1239.7 X93.813 Y157.261 E313.59037
G1 F1351.4 X94.135 Y157.43 E313.60917
G1 F1500 X94.528 Y157.607 E313.62924
G1 X94.835 Y157.846 E313.64735
G1 F1260.5 X95.167 Y158.033 E313.66847
G1 F1077.2 X95.54 Y158.49 E313.70672
G1 F1234.6 X95.607 Y158.795 E313.72438
G1 F1481.5 X95.784 Y159.22 E313.74609
G1 F1500 X95.849 Y159.546 E313.76157
G1 X96.284 Y159.516 E313.78187
G1 X96.786 Y159.608 E313.80563
G1 X97.24 Y159.818 E313.82893
G1 X97.641 Y160.147 E313.85308
G1 X97.93 Y160.569 E313.8769
G1 X98.109 Y161.055 E313.90101
G1 X98.159 Y161.565 E313.92487
G1 X98.072 Y162.046 E313.94763
G1 X97.873 Y162.505 E313.97093
G1 X97.588 Y162.869 E313.99246
G1 X97.676 Y163.105 E314.00418
G1 X97.669 Y163.298 E314.01318
G1 X97.6 Y163.48 E314.02224
G1 X96.769 Y164.921 E314.0997
G1 F1503.8 X96.916 Y165.11 E314.11082
G1 F1511.3 X96.897 Y165.499 E314.12882
G1 F1538.5 X96.831 Y165.714 E314.13903
G1 F1554.4 X96.735 Y165.857 E314.14677
G1 F1522.8 X96.523 Y166.01 E314.15876
G1 F1500 X96.252 Y166.119 E314.17236
G1 X96.022 Y166.327 E314.1868
G1 X95.954 Y166.46 E314.19376
G1 X95.925 Y166.745 E314.20709
G1 X96.088 Y167.184 E314.2289
G1 X96.079 Y167.422 E314.23999
G1 X96.276 Y167.29 E314.25103
G1 X96.645 Y167.265 E314.26825
G1 X96.784 Y167.212 E314.27518
G1 X97.012 Y167.015 E314.28921
G1 X97.082 Y166.885 E314.29609
G1 X97.117 Y166.585 E314.31015
G1 X97.039 Y166.322 E314.32292
G1 F1522.8 X97.076 Y166.062 E314.33497
G1 F1538.5 X97.184 Y165.864 E314.34521
G1 F1515.2 X97.475 Y165.613 E314.36292
G1 F1500 X97.689 Y165.521 E314.37377
G1 X97.917 Y165.557 E314.38452
G1 X98.74 Y164.136 E314.46098
G1 X98.863 Y163.986 E314.47002
G1 X99.024 Y163.884 E314.47889
G1 X99.272 Y163.841 E314.49061
G1 X99.444 Y163.406 E314.51239
G1 X99.743 Y163.007 E314.53561
G1 X100.138 Y162.68 E314.55949
G1 X100.613 Y162.469 E314.58369
G1 X101.096 Y162.396 E314.60643
G1 X101.601 Y162.437 E314.63003
G1 X102.09 Y162.613 E314.65423
G1 X102.502 Y162.908 E314.67782
G1 X102.833 Y163.289 E314.70132
G1 X103.02 Y163.688 E314.72184
G1 X103.372 Y163.568 E314.73916
G1 X103.787 Y163.529 E314.75857
G1 F1244.8 X104.104 Y163.431 E314.77718
G1 F1075.3 X104.689 Y163.521 E314.81563
G1 F1260.5 X105.008 Y163.719 E314.83644
G1 F1500 X105.371 Y163.867 E314.85469
G1 X105.716 Y164.118 E314.87456
G1 F1348.3 X106.018 Y164.304 E314.89293
G1 F1244.8 X106.235 Y164.583 E314.91276
G1 F1255.2 X106.377 Y164.743 E314.92467
G1 F1342.3 X106.481 Y165.006 E314.93938
G1 F1467 X106.685 Y165.435 E314.962
G1 F1488.8 X106.854 Y166.269 E315.00192
G1 F1500 X107.017 Y166.15 E315.01132
G1 X107.425 Y165.962 E315.03224
G1 X107.836 Y165.879 E315.05176
G1 F1339.3 X108.352 Y165.847 E315.07872
G1 F1212.1 X108.86 Y166.013 E315.10952
G1 F1339.3 X109.312 Y166.376 E315.13975
G1 F1500 X109.467 Y166.544 E315.15039
G1 X110.011 Y165.59 E315.20153
G1 X109.402 Y165.543 E315.22997
G1 F1339.3 X109.028 Y165.549 E315.24948
G1 F1209.7 X108.403 Y165.365 E315.2871
G1 F1339.3 X107.962 Y165.168 E315.31229
G1 F1500 X107.114 Y164.692 E315.35757
G1 F1354.4 X106.658 Y164.368 E315.38642
G1 F1287.6 X106.355 Y163.935 E315.41509
G1 F1421.8 X106.132 Y163.223 E315.45174
G1 F1500 X106.092 Y162.644 E315.47876
G1 X106.126 Y162.461 E315.48743
G1 X105.98 Y162.502 E315.49449
G1 X105.379 Y162.804 E315.52581
G1 X105.075 Y162.88 E315.5404
G1 F1369.9 X104.936 Y162.933 E315.54799
G1 F1162.8 X104.69 Y162.981 E315.56304
G1 F1071.4 X104.198 Y162.879 E315.5958
G1 F1244.8 X104.008 Y162.705 E315.61026
G1 F1500 X103.62 Y162.43 E315.6324
G1 X103.321 Y162.191 E315.65022
G1 X103.066 Y161.959 E315.66628
G1 X102.705 Y161.569 E315.69102
G1 X102.261 Y160.964 E315.72597
G1 X102.202 Y160.629 E315.74181
G1 X102.25 Y160.443 E315.75075
G1 X102.364 Y160.271 E315.76036
G1 X102.562 Y160.143 E315.77134
G1 X102.816 Y159.51 E315.8031
G1 X102.971 Y159.243 E315.81747
G1 X103.416 Y158.627 E315.85286
G1 X103.665 Y158.37 E315.86952
G1 X104.251 Y157.897 E315.90459
G1 X104.504 Y157.734 E315.9186
G1 X105.228 Y157.403 E315.95567
G1 X105.232 Y156.659 E315.99031
G1 X105.46 Y155.692 E316.03658
G1 X105.891 Y154.786 E316.08329
G1 X106.495 Y154.02 E316.12872
G1 X107.09 Y153.519 E316.16493
G1 X106.953 Y152.916 E316.19373
G1 X106.948 Y152.138 E316.22996
G1 X107.109 Y151.316 E316.26896
G1 X107.444 Y150.559 E316.30751
G1 X108.781 Y148.248 E316.43183
G1 X108.997 Y148.09 E316.44429
G1 X109.82 Y147.887 E316.48376
G1 X109.784 Y147.038 E316.52333
G1 X109.844 Y146.861 E316.53203
G1 X112.046 Y143.04 E316.73738
G1 X111.891 Y142.664 E316.75632
G1 X111.944 Y142.341 E316.77156
G1 X112.387 Y141.571 E316.81293
G1 X112.678 Y141.128 E316.83761
G1 X113.094 Y140.713 E316.86497
G1 X113.598 Y140.369 E316.89338
G1 X114.163 Y140.144 E316.9217
G1 X114.568 Y140.037 E316.94121
G1 X115.247 Y139.913 E316.97335
G1 X115.236 Y139.277 E317.00296
G1 X115.395 Y137.927 E317.06626
G1 X115.769 Y136.614 E317.12983
G1 X116.329 Y135.434 E317.19065
G1 X119.283 Y130.317 E317.46577
G1 F1500 E310.96577
G0 F9000 X119.016 Y130.162
G0 X112.5 Y141.679
G0 X113.448 Y142.268
G0 X113.568 Y142.924
G0 X111.911 Y164.839
G0 X109.706 Y168.643
G0 X97.25 Y168.382
G0 X95.909 Y167.793
G0 X95.269 Y168.837
G1 F1500 E317.46577
G1 F1550.4 X95.438 Y168.826 E317.4734
G1 X95.557 Y168.74 E317.48002
G1 X95.6 Y168.634 E317.48517
G1 F1546.4 X95.519 Y168.389 E317.49683
G1 X95.267 Y168.448 E317.50852
G1 X95.19 Y168.622 E317.51711
G1 X95.269 Y168.837 E317.52746
G0 F9000 X94.951 Y169.374
G1 F1500 X95.148 Y169.242 E317.5385
G1 X95.521 Y169.214 E317.55591
G1 X95.776 Y169.083 E317.56926
G1 X95.881 Y168.968 E317.57652
G1 X95.994 Y168.679 E317.59096
G1 X95.99 Y168.536 E317.59763
G1 X95.827 Y168.084 E317.62
G1 X95.837 Y167.852 E317.63081
G1 X95.644 Y167.981 E317.64162
G1 X95.264 Y168.012 E317.65937
G1 X94.998 Y168.156 E317.67346
G1 X94.826 Y168.412 E317.68782
G1 X94.798 Y168.697 E317.70116
G1 X94.96 Y169.136 E317.72294
G1 X94.951 Y169.374 E317.73403
G1 F1500 E311.23403
G0 F9000 X95.2 Y168.949
G0 X94.884 Y169.434
G0 X94.774 Y169.745
G0 X94.147 Y170.789
G1 F1500 E317.73403
G1 F1538.5 X94.304 Y170.778 E317.74118
G1 X94.431 Y170.686 E317.7483
G1 X94.471 Y170.54 E317.75517
G1 X94.394 Y170.341 E317.76486
G1 X94.222 Y170.353 E317.77269
G1 X94.078 Y170.491 E317.78174
G1 X94.067 Y170.572 E317.78545
G1 X94.147 Y170.789 E317.79595
G0 F9000 X93.825 Y171.332
G1 F1500 X94.034 Y171.197 E317.80754
G1 X94.389 Y171.168 E317.82412
G1 X94.648 Y171.035 E317.83768
G1 X94.83 Y170.778 E317.85235
G1 X94.865 Y170.464 E317.86706
G1 X94.704 Y170.049 E317.88778
G1 X94.711 Y169.799 E317.89943
G1 X94.502 Y169.935 E317.91104
G1 X94.134 Y169.964 E317.92823
G1 X93.996 Y170.018 E317.93513
G1 X93.767 Y170.23 E317.94966
G1 X93.67 Y170.506 E317.96328
G1 X93.674 Y170.648 E317.9699
G1 X93.836 Y171.083 E317.99151
G1 X93.825 Y171.332 E318.00312
G1 F1500 E311.50312
G0 F9000 X94.073 Y170.9
G0 X93.757 Y171.386
G0 X93.656 Y171.695
G0 X93.018 Y172.739
G1 F1500 E318.00312
G1 F1546.4 X93.176 Y172.729 E318.01027
G1 X93.306 Y172.642 E318.01733
G1 X93.347 Y172.54 E318.0223
G1 X93.264 Y172.289 E318.03424
G1 X93.106 Y172.3 E318.04139
G1 X93.009 Y172.357 E318.04648
G1 X92.937 Y172.522 E318.05461
G1 X93.018 Y172.739 E318.06507
G0 F9000 X92.698 Y173.279
G1 F1500 X92.9 Y173.146 E318.07633
G1 X93.263 Y173.119 E318.09328
G1 X93.531 Y172.979 E318.10736
G1 X93.63 Y172.871 E318.11418
G1 X93.742 Y172.584 E318.12853
G1 X93.738 Y172.441 E318.13519
G1 X93.576 Y171.993 E318.15737
G1 X93.587 Y171.749 E318.16874
G1 X93.383 Y171.882 E318.18008
G1 X93.015 Y171.912 E318.19728
G1 X92.869 Y171.972 E318.20463
G1 X92.643 Y172.178 E318.21887
G1 X92.574 Y172.315 E318.22601
G1 X92.545 Y172.597 E318.23921
G1 X92.708 Y173.036 E318.26101
G1 X92.698 Y173.279 E318.27234
G1 F1500 E311.77234
G0 F9000 X92.947 Y172.851
G0 X92.631 Y173.336
G0 X92.522 Y173.647
G0 X91.891 Y174.691
G1 F1500 E318.27234
G1 F1534.5 X92.051 Y174.681 E318.27964
G1 X92.182 Y174.585 E318.28703
G1 X92.217 Y174.443 E318.29368
G1 X92.14 Y174.242 E318.30348
G1 X91.976 Y174.253 E318.31096
G1 X91.886 Y174.304 E318.31567
G1 X91.811 Y174.474 E318.32413
G1 X91.891 Y174.691 E318.33466
G0 F9000 X91.571 Y175.232
G1 F1500 X91.774 Y175.098 E318.34598
G1 X92.137 Y175.071 E318.36293
G1 X92.398 Y174.933 E318.37668
G1 X92.507 Y174.816 E318.38413
G1 X92.614 Y174.535 E318.39813
G1 X92.61 Y174.366 E318.406
G1 X92.451 Y173.951 E318.42669
G1 X92.46 Y173.699 E318.43843
G1 X92.249 Y173.835 E318.45012
G1 X91.886 Y173.864 E318.46708
G1 X91.617 Y174.011 E318.48135
G1 X91.516 Y174.13 E318.48862
G1 X91.414 Y174.413 E318.50263
G1 X91.418 Y174.549 E318.50896
G1 X91.58 Y174.988 E318.53075
G1 X91.571 Y175.232 E318.54212
G1 F1500 E312.04212
G0 F9000 X91.821 Y174.802
G0 X91.505 Y175.287
G0 X91.396 Y175.598
G0 X90.765 Y176.64
G1 F1500 E318.54212
G1 F1522.8 X90.922 Y176.63 E318.54934
G1 X91.075 Y176.495 E318.5587
G1 X91.089 Y176.387 E318.56369
G1 X91.015 Y176.196 E318.57309
G1 X90.847 Y176.208 E318.58081
G1 X90.7 Y176.345 E318.59003
G1 X90.687 Y176.432 E318.59406
G1 X90.765 Y176.64 E318.60425
G0 F9000 X90.443 Y177.184
G1 F1500 X90.646 Y177.05 E318.61558
G1 X91.009 Y177.023 E318.63253
G1 X91.273 Y176.885 E318.6464
G1 X91.378 Y176.77 E318.65365
G1 X91.487 Y176.487 E318.66777
G1 X91.485 Y176.311 E318.67597
G1 X91.328 Y175.904 E318.69628
G1 X91.336 Y175.647 E318.70825
G1 X91.121 Y175.787 E318.7202
G1 X90.758 Y175.816 E318.73716
G1 X90.618 Y175.871 E318.74416
G1 X90.387 Y176.085 E318.75882
G1 X90.323 Y176.211 E318.7654
G1 X90.291 Y176.505 E318.77917
G1 X90.452 Y176.94 E318.80077
G1 X90.443 Y177.184 E318.81214
G1 F1500 E312.31214
G0 F9000 X90.694 Y176.753
G0 X90.378 Y177.239
G0 X90.277 Y177.548
G0 X89.637 Y178.593
G1 F1500 E318.81214
G1 F1554.4 X89.806 Y178.582 E318.81975
G1 X89.925 Y178.495 E318.82637
G1 X89.968 Y178.391 E318.83143
G1 F1550.4 X89.886 Y178.145 E318.84311
G1 F1546.4 X89.722 Y178.157 E318.85054
G1 X89.632 Y178.207 E318.85519
G1 X89.557 Y178.374 E318.86346
G1 F1550.4 X89.637 Y178.593 E318.87396
G0 F9000 X89.318 Y179.131
G1 F1500 X89.52 Y178.998 E318.88523
G1 X89.889 Y178.97 E318.90246
G1 X90.144 Y178.839 E318.91581
G1 X90.249 Y178.723 E318.92309
G1 X90.362 Y178.435 E318.9375
G1 X90.358 Y178.293 E318.94411
G1 X90.195 Y177.845 E318.96631
G1 X90.206 Y177.603 E318.97759
G1 X90.005 Y177.737 E318.98884
G1 X89.632 Y177.768 E319.00627
G1 X89.364 Y177.914 E319.02048
G1 X89.194 Y178.166 E319.03463
G1 X89.165 Y178.449 E319.04788
G1 X89.328 Y178.888 E319.06969
G1 X89.318 Y179.131 E319.08101
G1 F1500 E312.58101
G0 F9000 X89.568 Y178.704
G0 X89.252 Y179.189
G0 X89.142 Y179.5
G0 X88.512 Y180.542
G1 F1500 E319.08101
G1 F1538.5 X88.671 Y180.533 E319.08824
G1 X88.828 Y180.39 E319.09788
G1 X88.839 Y180.293 E319.10231
G1 X88.761 Y180.094 E319.11202
G1 F1534.5 X88.555 Y180.123 E319.12149
G1 X88.467 Y180.201 E319.12684
G1 X88.435 Y180.329 E319.13284
G1 F1538.5 X88.512 Y180.542 E319.14313
G0 F9000 X88.191 Y181.083
G1 F1500 X88.39 Y180.951 E319.15425
G1 X88.757 Y180.923 E319.17138
G1 X89.018 Y180.786 E319.18511
G1 X89.199 Y180.533 E319.1996
G1 X89.233 Y180.217 E319.2144
G1 X89.073 Y179.807 E319.23489
G1 X89.081 Y179.549 E319.24691
G1 X88.864 Y179.687 E319.25888
G1 X88.509 Y179.716 E319.27547
G1 X88.364 Y179.774 E319.28274
G1 X88.136 Y179.98 E319.29705
G1 X88.071 Y180.112 E319.3039
G1 X88.042 Y180.403 E319.31752
G1 X88.201 Y180.844 E319.33935
G1 X88.191 Y181.083 E319.35048
G1 F1500 E312.85048
G0 F9000 X88.44 Y180.655
G0 X88.123 Y181.141
G0 X88.024 Y181.45
G0 X87.385 Y182.492
G1 F1500 E319.35048
G1 F1546.4 X87.551 Y182.481 E319.358
G1 X87.641 Y182.433 E319.36261
G1 X87.714 Y182.267 E319.3708
G1 X87.634 Y182.045 E319.38145
G1 X87.47 Y182.057 E319.38888
G1 X87.34 Y182.153 E319.39618
G1 X87.304 Y182.251 E319.4009
G1 X87.385 Y182.492 E319.41238
G0 F9000 X87.067 Y183.03
G1 F1500 X87.264 Y182.898 E319.42342
G1 X87.635 Y182.871 E319.44074
G1 X87.899 Y182.735 E319.45457
G1 X88.071 Y182.49 E319.46851
G1 X88.106 Y182.193 E319.48244
G1 X87.943 Y181.745 E319.50463
G1 X87.954 Y181.503 E319.51591
G1 X87.753 Y181.637 E319.52716
G1 X87.38 Y181.668 E319.54459
G1 X87.112 Y181.814 E319.5588
G1 X86.942 Y182.068 E319.57303
G1 X86.913 Y182.353 E319.58637
G1 X87.076 Y182.792 E319.60818
G1 X87.067 Y183.03 E319.61927
G1 F1500 E313.11927
G0 F9000 X87.314 Y182.604
G0 X86.998 Y183.089
G0 X86.891 Y183.402
G0 X86.258 Y184.442
G1 F1500 E319.61927
G1 F1538.5 X86.425 Y184.432 E319.62686
G1 X86.547 Y184.342 E319.63375
G1 X86.585 Y184.198 E319.64051
G1 X86.509 Y183.998 E319.65022
G1 F1534.5 X86.343 Y184.011 E319.6578
G1 X86.248 Y184.063 E319.66273
G1 X86.179 Y184.23 E319.67095
G1 F1538.5 X86.258 Y184.442 E319.68123
G0 F9000 X85.939 Y184.982
G1 F1500 X86.136 Y184.85 E319.69227
G1 X86.509 Y184.822 E319.70969
G1 X86.764 Y184.691 E319.72303
G1 X86.873 Y184.571 E319.73058
G1 X86.982 Y184.287 E319.74475
G1 X86.978 Y184.121 E319.75248
G1 X86.819 Y183.702 E319.77335
G1 X86.827 Y183.456 E319.78481
G1 X86.622 Y183.59 E319.79621
G1 X86.253 Y183.621 E319.81346
G1 X85.98 Y183.768 E319.82789
G1 X85.885 Y183.88 E319.83473
G1 X85.782 Y184.166 E319.84889
G1 X85.786 Y184.305 E319.85536
G1 X85.948 Y184.744 E319.87715
G1 X85.939 Y184.982 E319.88824
G1 F1500 E313.38824
G0 F9000 X86.188 Y184.555
G0 X85.872 Y185.04
G0 X85.764 Y185.353
G0 X85.131 Y186.393
G1 F1500 E319.88824
G1 F1530.6 X85.299 Y186.383 E319.89592
G1 X85.42 Y186.296 E319.90272
G1 X85.458 Y186.145 E319.90983
G1 X85.382 Y185.951 E319.91933
G1 F1526.7 X85.212 Y185.963 E319.92713
G1 X85.087 Y186.061 E319.9344
G1 X85.056 Y186.2 E319.94091
G1 F1530.6 X85.131 Y186.393 E319.95036
G0 F9000 X84.841 Y186.887
G1 F1500 X85.014 Y186.801 E319.95936
G1 X85.384 Y186.774 E319.97663
G1 X85.64 Y186.642 E319.99004
G1 X85.746 Y186.526 E319.99736
G1 X85.855 Y186.24 E320.01161
G1 X85.853 Y186.069 E320.01958
G1 X85.693 Y185.659 E320.04007
G1 X85.7 Y185.406 E320.05185
G1 X85.488 Y185.543 E320.06361
G1 X85.125 Y185.572 E320.08057
G1 X84.983 Y185.627 E320.08766
G1 X84.755 Y185.838 E320.10212
G1 X84.658 Y186.114 E320.11574
G1 X84.662 Y186.28 E320.12348
G1 X84.823 Y186.693 E320.14412
G1 X84.841 Y186.887 E320.15319
G1 F1500 E313.65319
G0 F9000 X85.062 Y186.505
G0 X84.749 Y186.99
G0 X83.521 Y189.193
G1 F1500 E320.15319
G1 X83.728 Y189.068 E320.16445
G1 X84.318 Y188.809 E320.19445
G1 X84.227 Y188.497 E320.20958
G1 X84.164 Y188.075 E320.22945
G1 X83.753 Y188.225 E320.24983
G1 X83.452 Y188.299 E320.26426
G1 X83.522 Y188.948 E320.29465
G1 X83.521 Y189.193 E320.30606
G0 F9000 X84.347 Y189.223
G1 F1500 X84.849 Y189.087 E320.33028
G1 X84.74 Y188.827 E320.34341
G1 X84.664 Y188.543 E320.3571
G1 X84.613 Y188.407 E320.36386
G1 X84.566 Y188.057 E320.3803
G1 X84.52 Y187.897 E320.38806
G1 X84.52 Y187.456 E320.40859
G1 X84.092 Y187.676 E320.431
G1 X83.636 Y187.842 E320.4536
G1 X82.939 Y188.001 E320.48688
G1 X83.054 Y188.41 E320.50667
G1 X83.131 Y189.039 E320.53618
G1 X83.107 Y189.398 E320.55293
G1 X83.116 Y189.535 E320.55932
G1 F1492.5 X83.049 Y189.995 E320.58108
G1 X83.424 Y189.713 E320.60303
G1 F1500 X83.89 Y189.434 E320.62832
G1 X84.146 Y189.325 E320.64128
G1 X84.347 Y189.223 E320.65178
G0 F9000 X84.204 Y188.949
G0 X83.039 Y190.19
G0 X82.779 Y190.55
G0 X81.903 Y192.07
G1 F1470.6 X81.826 Y192.026 E320.65599
G1 X81.827 Y192.114 E320.66017
G1 X81.903 Y192.07 E320.66434
G0 F9000 X82.53 Y192.927
G1 F1500 X82.403 Y192.606 E320.68041
G1 X82.305 Y192.161 E320.70163
G1 X82.207 Y191.826 E320.71788
G1 X82.184 Y191.495 E320.73333
G1 X81.886 Y191.64 E320.74876
G1 X81.493 Y191.74 E320.76765
G1 X81.118 Y191.86 E320.78598
G1 X80.78 Y191.918 E320.80195
G1 X82.53 Y192.927 E320.89601
G0 F9000 X82.472 Y193.355
G1 F1500 X83.072 Y193.219 E320.92466
G1 X82.793 Y192.521 E320.95966
G1 X82.696 Y192.072 E320.98105
G1 X82.601 Y191.757 E320.99637
G1 X82.585 Y191.457 E321.01036
G1 X82.504 Y190.944 E321.03454
G1 X82.01 Y191.131 E321.05914
G1 X81.749 Y191.264 E321.07278
G1 X81.361 Y191.362 E321.09141
G1 X80.939 Y191.497 E321.11204
G1 X80.243 Y191.575 E321.14466
G1 X80.433 Y192.178 E321.1741
G1 X82.472 Y193.355 E321.28372
G1 F1500 E314.78372
G0 F9000 X82.517 Y193.031
G0 X82.58 Y190.826
G0 X84.693 Y187.895
G0 X85.819 Y187.954
G0 X86.107 Y187.852
G0 X86.474 Y187.607
G0 X109.706 Y168.643
G0 X111.911 Y164.839
G0 X111.497 Y164.223
G0 X105.124 Y158.841
G0 X104.673 Y157.135
G0 X107.566 Y150.657
G0 X111.563 Y143.385
G0 X118.675 Y130.753
G0 X119.288 Y131.107
;TYPE:WALL-OUTER
G1 F1500 E321.28372
G1 X121.918 Y126.553 E321.5286
G1 X122.369 Y125.939 E321.56407
G1 X122.963 Y125.426 E321.60062
G1 X123.654 Y125.057 E321.6371
G1 X124.412 Y124.846 E321.67373
G1 X125.562 Y124.662 E321.72796
G1 X125.524 Y123.423 E321.78568
G1 X125.54 Y123.037 E321.80367
G1 X125.637 Y122.003 E321.85203
G1 X125.926 Y120.631 E321.91732
G1 X126.581 Y118.625 E322.01558
G1 X127.409 Y116.672 E322.11436
G1 X128.39 Y114.792 E322.2131
G1 X153.911 Y70.591 E324.58972
G1 X154.922 Y68.724 E324.68858
G1 X154.912 Y68.71 E324.68938
G1 X155.58 Y67.28 E324.76288
G1 X156.26 Y65.578 E324.84822
G1 X156.905 Y63.694 E324.94095
G1 X157.293 Y62.425 E325.00274
G1 X157.813 Y60.503 E325.09545
G1 X156.387 Y61.933 E325.18949
G1 X155.49 Y62.903 E325.25101
G1 X154.176 Y64.411 E325.34414
G1 X153.057 Y65.828 E325.42822
G1 X152.016 Y67.322 E325.51301
G1 X151.068 Y68.863 E325.59725
G1 X125.501 Y113.136 E327.97785
G1 X124.36 Y114.933 E328.07697
G1 X123.085 Y116.614 E328.17521
G1 X121.658 Y118.201 E328.27459
G1 X120.615 Y119.137 E328.33984
G1 X119.776 Y119.729 E328.38766
G1 X119.443 Y119.941 E328.40604
G1 X118.375 Y120.51 E328.46239
G1 X118.79 Y121.602 E328.51678
G1 X118.982 Y122.333 E328.55198
G1 X119.012 Y123.143 E328.58972
G1 X118.864 Y123.919 E328.6265
G1 X118.551 Y124.634 E328.66285
G1 X113.342 Y133.653 E329.14782
G1 X112.595 Y134.728 E329.20878
G1 X111.704 Y135.651 E329.26851
G1 X110.587 Y136.482 E329.33334
G1 X110.043 Y136.752 E329.36162
G1 X109.767 Y136.855 E329.37534
G1 X109.993 Y137.328 E329.39975
G1 X110.125 Y137.696 E329.41795
G1 X110.277 Y138.224 E329.44354
G1 X110.347 Y138.725 E329.46709
G1 X110.31 Y139.266 E329.49234
G1 X110.181 Y139.742 E329.51531
G1 X109.95 Y140.212 E329.53969
G1 X109.544 Y140.915 E329.57749
G1 X109.443 Y140.998 E329.58358
G1 X108.982 Y141.015 E329.60506
G1 X106.668 Y145.02 E329.82044
G1 X105.661 Y145.554 E329.87352
G1 X105.953 Y146.581 E329.92323
G1 X105.955 Y146.7 E329.92877
G1 X104.64 Y148.972 E330.05101
G1 X104.229 Y149.532 E330.08336
G1 X103.691 Y150.021 E330.11721
G1 X103.081 Y150.372 E330.14998
G1 X102.258 Y150.634 E330.1902
G1 X102.103 Y151.59 E330.23529
G1 X101.765 Y152.427 E330.27733
G1 X101.248 Y153.175 E330.31967
G1 X100.587 Y153.79 E330.36171
G1 X100.06 Y154.112 E330.39046
G1 X99.737 Y154.287 E330.40757
G1 X99.784 Y154.417 E330.41401
G1 X99.872 Y155.377 E330.4589
G1 X99.716 Y156.392 E330.50671
G1 X99.379 Y157.162 E330.54585
G1 X99.233 Y157.418 E330.55957
G1 X98.715 Y158.076 E330.59857
G1 X98.752 Y158.293 E330.60882
G1 X98.676 Y158.4 E330.61493
G1 X98.583 Y158.435 E330.61956
G1 X97.912 Y158.368 E330.65096
G1 X97.45 Y158.263 E330.67302
G1 X97.119 Y158.155 E330.68923
G1 X96.8 Y158.03 E330.70518
G1 X96.341 Y157.817 E330.72875
G1 X96.06 Y157.53 E330.74745
G1 X95.922 Y157.292 E330.76026
G1 X95.826 Y156.994 E330.77484
G1 X95.793 Y156.335 E330.80556
G1 X95.699 Y155.975 E330.82289
G1 X95.538 Y155.648 E330.83986
G1 X95.466 Y155.555 E330.84534
G1 X95.348 Y155.719 E330.85474
G1 X95.009 Y156.016 E330.87573
G1 X94.547 Y156.244 E330.89972
G1 X94.123 Y156.336 E330.91992
G1 X93.618 Y156.318 E330.94345
G1 X93.178 Y156.179 E330.96494
G1 X92.301 Y155.66 E331.01239
G1 X91.528 Y154.942 E331.06152
G1 X90.954 Y154.087 E331.10947
G1 X90.742 Y153.562 E331.13583
G1 X90.318 Y154.311 E331.17591
G1 X90.158 Y154.566 E331.18993
G1 X89.529 Y155.66 E331.24869
G1 X90.285 Y155.832 E331.28479
G1 X90.661 Y156.024 E331.30445
G1 X90.953 Y156.287 E331.32275
G1 X91.169 Y156.621 E331.34127
G1 X91.287 Y156.962 E331.35807
G1 X91.32 Y157.336 E331.37555
G1 X91.257 Y157.712 E331.39331
G1 X91.107 Y158.057 E331.41082
G1 X91.608 Y157.973 E331.43448
G1 X92.043 Y157.813 E331.45606
G1 X92.61 Y157.64 E331.48366
G1 X93.202 Y157.606 E331.51127
G1 X93.778 Y157.709 E331.53852
G1 X94.304 Y157.944 E331.56535
G1 X94.797 Y158.33 E331.5945
G1 X95.145 Y158.765 E331.62044
G1 X95.398 Y159.324 E331.64901
G1 X95.505 Y159.878 E331.67529
G1 X95.504 Y160.068 E331.68413
G1 X95.884 Y159.944 E331.70275
G1 X96.236 Y159.916 E331.71919
G1 X96.662 Y159.989 E331.73931
G1 X97.048 Y160.177 E331.75931
G1 X97.343 Y160.42 E331.7771
G1 X97.584 Y160.773 E331.79701
G1 X97.717 Y161.133 E331.81488
G1 X97.756 Y161.528 E331.83336
G1 X97.694 Y161.91 E331.85138
G1 X97.535 Y162.279 E331.87009
G1 X97.245 Y162.66 E331.89238
G1 X96.926 Y162.86 E331.90992
G1 X97.201 Y163.02 E331.92473
G1 X97.279 Y163.155 E331.93199
G1 X97.276 Y163.241 E331.936
G1 X96.27 Y164.986 E332.02979
G1 X96.416 Y165.07 E332.03763
G1 X96.509 Y165.19 E332.0447
G1 X96.495 Y165.496 E332.05896
G1 X96.434 Y165.614 E332.06515
G1 X96.058 Y165.765 E332.08402
G1 X95.852 Y165.913 E332.09583
G1 X95.688 Y166.101 E332.10744
G1 X95.574 Y166.324 E332.11911
G1 X95.521 Y166.568 E332.13073
G1 X95.527 Y166.821 E332.14252
G1 F1411.8 X95.767 Y167.47 E332.17675
G1 F1263.2 X95.731 Y167.533 E332.18076
G1 F1333.3 X95.564 Y167.589 E332.18999
G1 F1500 X95.174 Y167.618 E332.2082
G1 X94.925 Y167.717 E332.22068
G1 X94.725 Y167.86 E332.23213
G1 X94.559 Y168.057 E332.24412
G1 X94.446 Y168.274 E332.25551
G1 X94.393 Y168.516 E332.26705
G1 X94.4 Y168.773 E332.27902
G1 F1411.8 X94.639 Y169.422 E332.31324
G1 F1263.2 X94.603 Y169.485 E332.31725
G1 F1333.3 X94.432 Y169.541 E332.32668
G1 F1500 X94.045 Y169.57 E332.34475
G1 X93.802 Y169.665 E332.3569
G1 X93.6 Y169.813 E332.36856
G1 X93.432 Y170.005 E332.38044
G1 X93.323 Y170.224 E332.39183
G1 X93.269 Y170.468 E332.40346
G1 X93.276 Y170.725 E332.41544
G1 F1408.5 X93.515 Y171.371 E332.44959
G1 F1260.5 X93.479 Y171.435 E332.45366
G1 F1330.4 X93.309 Y171.489 E332.46303
G1 F1500 X92.923 Y171.518 E332.48105
G1 X92.674 Y171.62 E332.49358
G1 X92.472 Y171.766 E332.50519
G1 X92.308 Y171.953 E332.51677
G1 X92.194 Y172.18 E332.5286
G1 X92.141 Y172.42 E332.54004
G1 X92.147 Y172.673 E332.55183
G1 F1411.8 X92.387 Y173.323 E332.58611
G1 F1260.5 X92.351 Y173.386 E332.59013
G1 F1333.3 X92.179 Y173.441 E332.59959
G1 F1500 X91.794 Y173.47 E332.61756
G1 X91.549 Y173.569 E332.62987
G1 X91.345 Y173.713 E332.6415
G1 X91.18 Y173.908 E332.65339
G1 X91.07 Y174.125 E332.66472
G1 X91.013 Y174.373 E332.67657
G1 X91.02 Y174.625 E332.68831
G1 F1408.5 X91.261 Y175.281 E332.72296
G1 F1273.9 X91.219 Y175.334 E332.72667
G1 F1345.3 X91.051 Y175.393 E332.73592
G1 F1500 X90.669 Y175.422 E332.75375
G1 X90.425 Y175.517 E332.76595
G1 X90.221 Y175.665 E332.77768
G1 X90.052 Y175.861 E332.78973
G1 X89.943 Y176.076 E332.80096
G1 X89.889 Y176.325 E332.81282
G1 X89.892 Y176.579 E332.82465
G1 F1408.5 X90.131 Y177.228 E332.85895
G1 F1257.9 X90.096 Y177.29 E332.8629
G1 F1327.4 X89.927 Y177.345 E332.87225
G1 F1500 X89.542 Y177.374 E332.89023
G1 X89.293 Y177.473 E332.90271
G1 X89.092 Y177.617 E332.91422
G1 X88.927 Y177.809 E332.92601
G1 X88.814 Y178.029 E332.93753
G1 X88.761 Y178.272 E332.94911
G1 X88.767 Y178.525 E332.96089
G1 F1411.8 X89.007 Y179.175 E332.99517
G1 F1260.5 X88.971 Y179.238 E332.99919
G1 F1333.3 X88.798 Y179.293 E333.0087
G1 F1500 X88.418 Y179.322 E333.02645
G1 X88.17 Y179.421 E333.03888
G1 X87.964 Y179.569 E333.05069
G1 X87.8 Y179.756 E333.06227
G1 X87.691 Y179.979 E333.07383
G1 X87.637 Y180.224 E333.08551
G1 X87.644 Y180.478 E333.09735
G1 F1408.5 X87.879 Y181.129 E333.13167
G1 F1257.9 X87.844 Y181.19 E333.13557
G1 F1327.4 X87.675 Y181.245 E333.14493
G1 F1500 X87.29 Y181.274 E333.1629
G1 X87.041 Y181.373 E333.17538
G1 X86.84 Y181.517 E333.18689
G1 X86.676 Y181.708 E333.19862
G1 X86.562 Y181.932 E333.21032
G1 X86.509 Y182.176 E333.22195
G1 X86.515 Y182.429 E333.23373
G1 F1411.8 X86.755 Y183.078 E333.26796
G1 F1263.2 X86.719 Y183.141 E333.27198
G1 F1333.3 X86.549 Y183.197 E333.28135
G1 F1500 X86.162 Y183.226 E333.29942
G1 X85.916 Y183.326 E333.31179
G1 X85.708 Y183.47 E333.32357
G1 X85.549 Y183.659 E333.33507
G1 X85.438 Y183.881 E333.34663
G1 X85.381 Y184.125 E333.35829
G1 X85.388 Y184.381 E333.37022
G1 F1411.8 X85.627 Y185.03 E333.40444
G1 F1263.2 X85.591 Y185.093 E333.40845
G1 F1333.3 X85.419 Y185.149 E333.41792
G1 F1500 X85.037 Y185.178 E333.43576
G1 X84.789 Y185.273 E333.44813
G1 X84.588 Y185.421 E333.45975
G1 X84.42 Y185.613 E333.47163
G1 X84.311 Y185.832 E333.48302
G1 X84.257 Y186.076 E333.49466
G1 X84.264 Y186.36 E333.50789
G1 X84.451 Y186.839 E333.53183
G1 X84.461 Y186.951 E333.53707
G1 X84.369 Y187.083 E333.54456
G1 X83.978 Y187.29 E333.56516
G1 X83.519 Y187.46 E333.58795
G1 X83.018 Y187.572 E333.61186
G1 X82.419 Y187.623 E333.63985
G1 X82.675 Y188.55 E333.68463
G1 X82.728 Y189.07 E333.70897
G1 X82.705 Y189.404 E333.72456
G1 X82.714 Y189.563 E333.73197
G1 F1492.5 X82.66 Y189.88 E333.74702
G1 F1282.1 X82.68 Y190.096 E333.75884
G1 F1136.4 X82.617 Y190.212 E333.76695
G1 F1178.8 X82.476 Y190.542 E333.78822
G1 F1339.3 X82.224 Y190.623 E333.80202
G1 F1500 X81.844 Y190.767 E333.82094
G1 X81.591 Y190.895 E333.83415
G1 X81.278 Y190.969 E333.84912
G1 X80.835 Y191.107 E333.87073
G1 X80.087 Y191.191 E333.90578
G1 X79.7 Y191.179 E333.92381
G1 X80.005 Y192.153 E333.97133
G1 X80.125 Y192.462 E333.98677
G1 X82.376 Y193.763 E334.10783
G1 X82.71 Y193.711 E334.12357
G1 X83.703 Y193.486 E334.17098
G1 X83.461 Y193.117 E334.19153
G1 X83.265 Y192.609 E334.21688
G1 X83.184 Y192.435 E334.22582
G1 X83.082 Y191.968 E334.24808
G1 X83 Y191.71 E334.26068
G1 X82.984 Y191.419 E334.27425
G1 F1435.4 X82.88 Y190.766 E334.30643
G1 F1239.7 X83.137 Y190.361 E334.33345
G1 F1282.1 X83.308 Y190.308 E334.34321
G1 F1492.5 X83.602 Y190.075 E334.36076
G1 F1500 X83.945 Y189.872 E334.37932
G1 X84.02 Y189.817 E334.38365
G1 X84.318 Y189.687 E334.39879
G1 X84.497 Y189.594 E334.40818
G1 X85.446 Y189.341 E334.45392
G1 X85.313 Y189.143 E334.46502
G1 X85.126 Y188.724 E334.48639
G1 X85.045 Y188.419 E334.50108
G1 X85.005 Y188.311 E334.50645
G1 X84.956 Y187.961 E334.5229
G1 X84.923 Y187.859 E334.52789
G1 X84.92 Y187.333 E334.55239
G1 X84.984 Y187.244 E334.55749
G1 X85.084 Y187.195 E334.56268
G1 X85.469 Y187.17 E334.58064
G1 X85.703 Y187.081 E334.5923
G1 X85.904 Y186.947 E334.60355
G1 X86.075 Y186.759 E334.61538
G1 X86.195 Y186.536 E334.62717
G1 X86.255 Y186.285 E334.63919
G1 X86.252 Y185.991 E334.65288
G1 F1411.8 X86.007 Y185.365 E334.68614
G1 F1263.2 X86.045 Y185.299 E334.69035
G1 F1333.3 X86.213 Y185.243 E334.69963
G1 F1500 X86.593 Y185.218 E334.71736
G1 X86.831 Y185.129 E334.72919
G1 X87.028 Y184.995 E334.74029
G1 X87.203 Y184.803 E334.75238
G1 X87.319 Y184.583 E334.76396
G1 X87.383 Y184.333 E334.77598
G1 X87.376 Y184.043 E334.78949
G1 F1411.8 X87.137 Y183.411 E334.82292
G1 F1263.2 X87.173 Y183.347 E334.82698
G1 F1333.3 X87.341 Y183.291 E334.83625
G1 F1500 X87.721 Y183.266 E334.85399
G1 X87.956 Y183.176 E334.8657
G1 X88.161 Y183.042 E334.87711
G1 X88.327 Y182.859 E334.88861
G1 X88.447 Y182.635 E334.90045
G1 X88.511 Y182.381 E334.91264
G1 X88.504 Y182.118 E334.92489
G1 F1408.5 X88.265 Y181.46 E334.95961
G1 F1260.5 X88.3 Y181.398 E334.96355
G1 F1330.4 X88.468 Y181.343 E334.97284
G1 F1500 X88.844 Y181.318 E334.99038
G1 X89.082 Y181.225 E335.00228
G1 X89.28 Y181.091 E335.01341
G1 X89.452 Y180.906 E335.02518
G1 X89.575 Y180.679 E335.0372
G1 X89.635 Y180.433 E335.04899
G1 X89.632 Y180.139 E335.06268
G1 F1411.8 X89.387 Y179.513 E335.09594
G1 F1260.5 X89.425 Y179.446 E335.10021
G1 F1333.3 X89.594 Y179.391 E335.10952
G1 F1500 X89.973 Y179.366 E335.1272
G1 X90.211 Y179.277 E335.13903
G1 X90.408 Y179.143 E335.15013
G1 X90.579 Y178.955 E335.16196
G1 X90.7 Y178.727 E335.17398
G1 X90.763 Y178.481 E335.1858
G1 X90.756 Y178.218 E335.19806
G1 F1408.5 X90.517 Y177.56 E335.23277
G1 F1260.5 X90.552 Y177.498 E335.23672
G1 F1330.4 X90.722 Y177.443 E335.2461
G1 F1500 X91.096 Y177.418 E335.26355
G1 X91.335 Y177.325 E335.27549
G1 X91.536 Y177.191 E335.28674
G1 X91.707 Y177.003 E335.29858
G1 X91.827 Y176.78 E335.31037
G1 X91.887 Y176.533 E335.3222
G1 X91.884 Y176.235 E335.33608
G1 X91.701 Y175.76 E335.35978
G1 F1330.4 X91.68 Y175.546 E335.37107
G1 X91.85 Y175.491 E335.38045
G1 F1500 X92.224 Y175.466 E335.39791
G1 X92.462 Y175.373 E335.4098
G1 X92.66 Y175.239 E335.42094
G1 X92.835 Y175.05 E335.43293
G1 X92.952 Y174.831 E335.44449
G1 X93.015 Y174.581 E335.4565
G1 X93.008 Y174.288 E335.47015
G1 F1411.8 X92.768 Y173.659 E335.50345
G1 F1260.5 X92.805 Y173.594 E335.5076
G1 F1333.3 X92.974 Y173.539 E335.51691
G1 F1500 X93.351 Y173.514 E335.5345
G1 X93.587 Y173.421 E335.54631
G1 X93.793 Y173.286 E335.55778
G1 X93.959 Y173.103 E335.56929
G1 X94.08 Y172.878 E335.58118
G1 X94.143 Y172.629 E335.59314
G1 X94.136 Y172.366 E335.60539
G1 F1408.5 X93.898 Y171.707 E335.64014
G1 F1260.5 X93.933 Y171.645 E335.64408
G1 F1330.4 X94.104 Y171.591 E335.6535
G1 F1500 X94.476 Y171.562 E335.67087
G1 X94.715 Y171.473 E335.68275
G1 X94.912 Y171.339 E335.69384
G1 X95.083 Y171.151 E335.70568
G1 X95.207 Y170.923 E335.71776
G1 X95.267 Y170.677 E335.72955
G1 X95.264 Y170.387 E335.74306
G1 F1411.8 X95.02 Y169.757 E335.77648
G1 F1263.2 X95.057 Y169.691 E335.78066
G1 F1333.3 X95.225 Y169.635 E335.78994
G1 F1500 X95.605 Y169.61 E335.80767
G1 X95.843 Y169.521 E335.81951
G1 X96.04 Y169.387 E335.8306
G1 X96.211 Y169.2 E335.8424
G1 X96.332 Y168.971 E335.85446
G1 X96.395 Y168.725 E335.86628
G1 X96.388 Y168.462 E335.87853
G1 F1411.8 X96.15 Y167.801 E335.91329
G1 F1263.2 X96.185 Y167.739 E335.91723
G1 F1333.3 X96.353 Y167.683 E335.92651
G1 F1500 X96.729 Y167.661 E335.94404
G1 X96.97 Y167.569 E335.95606
G1 X97.168 Y167.435 E335.96719
G1 X97.34 Y167.25 E335.97895
G1 X97.459 Y167.028 E335.99068
G1 X97.519 Y166.773 E336.00288
G1 X97.516 Y166.51 E336.01512
G1 X97.437 Y166.281 E336.0264
G1 X97.474 Y166.142 E336.0331
G1 X97.743 Y165.907 E336.04973
G1 X97.917 Y165.935 E336.05794
G1 X98.099 Y166.042 E336.06777
G1 X99.108 Y164.298 E336.16159
G1 X99.303 Y164.231 E336.17119
G1 X99.611 Y164.407 E336.18771
G1 X99.625 Y164.035 E336.20505
G1 X99.79 Y163.619 E336.22588
G1 X100.034 Y163.282 E336.24526
G1 X100.329 Y163.04 E336.26302
G1 X100.711 Y162.862 E336.28265
G1 X101.114 Y162.796 E336.30166
G1 X101.54 Y162.84 E336.32161
G1 X101.919 Y162.983 E336.34047
G1 X102.232 Y163.204 E336.35831
G1 X102.485 Y163.5 E336.37644
G1 X102.668 Y163.877 E336.39595
G1 X102.737 Y164.255 E336.41385
G1 X102.906 Y164.151 E336.42309
G1 X103.44 Y163.966 E336.4494
G1 X104.062 Y163.91 E336.47848
G1 X104.607 Y163.99 E336.50413
G1 X105.162 Y164.214 E336.532
G1 X105.645 Y164.559 E336.55964
G1 X106.027 Y165.013 E336.58727
G1 X106.292 Y165.539 E336.61469
G1 X106.42 Y166.115 E336.64217
G1 X106.502 Y166.571 E336.66374
G1 X106.68 Y167.05 E336.68754
G1 X106.873 Y166.782 E336.70291
G1 X107.182 Y166.514 E336.72196
G1 X107.541 Y166.344 E336.74046
G1 X107.9 Y166.274 E336.75749
G1 X108.292 Y166.297 E336.77577
G1 X108.673 Y166.418 E336.79439
G1 X108.981 Y166.615 E336.81141
G1 X109.545 Y167.216 E336.84979
G1 X110.251 Y165.976 E336.91623
G1 X110.401 Y165.74 E336.92925
G1 X110.43 Y165.671 E336.93274
G1 X110.751 Y165.119 E336.96247
G1 X110.148 Y165.2 E336.9908
G1 X109.171 Y165.123 E337.03644
G1 X108.158 Y164.819 E337.08568
G1 X107.31 Y164.343 E337.13096
G1 X106.934 Y164.004 E337.15454
G1 X106.682 Y163.612 E337.17624
G1 X106.524 Y163.141 E337.19937
G1 X106.497 Y162.649 E337.22231
G1 X106.583 Y162.213 E337.24301
G1 X106.669 Y162.022 E337.25276
G1 X106.553 Y162.006 E337.25821
G1 X106.182 Y162.031 E337.27553
G1 X105.834 Y162.128 E337.29235
G1 X105.263 Y162.419 E337.32219
G1 X104.983 Y162.491 E337.33565
G1 X104.662 Y162.494 E337.3506
G1 X104.271 Y162.398 E337.36935
G1 X103.835 Y162.091 E337.39418
G1 X103.573 Y161.88 E337.40984
G1 X103.324 Y161.652 E337.42556
G1 X102.998 Y161.295 E337.44808
G1 X102.616 Y160.764 E337.47854
G1 X102.6 Y160.665 E337.4832
G1 X102.654 Y160.546 E337.48929
G1 X102.862 Y160.469 E337.49962
G1 X103.178 Y159.679 E337.53924
G1 X103.314 Y159.449 E337.55168
G1 X103.728 Y158.878 E337.58452
G1 X103.941 Y158.66 E337.59871
G1 X104.453 Y158.244 E337.62943
G1 X104.701 Y158.082 E337.64322
G1 X105.328 Y157.793 E337.67537
G1 X105.628 Y157.68 E337.6903
G1 X105.633 Y156.705 E337.7357
G1 X105.838 Y155.822 E337.77791
G1 X106.239 Y154.989 E337.82096
G1 X106.807 Y154.274 E337.86348
G1 X107.269 Y153.886 E337.89157
G1 X107.536 Y153.678 E337.90733
G1 X107.353 Y152.867 E337.94604
G1 X107.351 Y152.157 E337.9791
G1 X107.488 Y151.461 E338.01214
G1 X107.79 Y150.759 E338.04772
G1 X109.091 Y148.51 E338.1687
G1 X109.195 Y148.453 E338.17422
G1 X110.233 Y148.197 E338.22401
G1 X110.191 Y147.056 E338.27717
G1 X112.505 Y143.048 E338.49267
G1 X112.285 Y142.643 E338.51413
G1 X112.306 Y142.511 E338.52036
G1 X112.722 Y141.79 E338.55912
G1 X112.977 Y141.401 E338.58078
G1 X113.348 Y141.021 E338.60551
G1 X113.803 Y140.718 E338.63096
G1 X114.267 Y140.53 E338.65427
G1 X114.623 Y140.434 E338.67144
G1 X115.19 Y140.33 E338.69828
G1 X115.7 Y140.291 E338.7221
G1 X115.644 Y139.734 E338.74817
G1 X115.636 Y139.297 E338.76852
G1 X115.787 Y138.005 E338.82909
G1 X116.139 Y136.772 E338.8888
G1 X116.698 Y135.592 E338.9496
G1 X119.288 Y131.107 E339.19076
G0 F9000 X118.675 Y130.753
G0 X121.886 Y122.322
G0 X122.125 Y122.312
;TYPE:SKIN
G1 F1634.9 X122.104 Y121.931 E339.20706
G1 X122.515 Y121.635 E339.2287
G1 X122.466 Y122.138 E339.25029
G1 X122.125 Y122.312 E339.26665
G0 F9000 X121.585 Y122.336
G1 F1500 E332.76665
;MESH:NONMESH
G0 F300 X121.585 Y122.336 Z1.4
G0 F9000 X153.921 Y67.244
;TIME_ELAPSED:513.836077
;LAYER:4
;TYPE:WALL-INNER
;MESH:Sunraiser_3_v0.stl
G1 F1500 E339.26665
G1 F993.4 X154.242 Y66.687 E339.31185
G1 F1500 E332.81185
G0 F9000 X122.048 Y122.451
G1 F1500 E339.31185
G1 F1111.1 X122.552 Y122.192 E339.34747
G1 X122.597 Y121.696 E339.37878
G1 X122.633 Y121.438 E339.39515
G1 X122.423 Y121.605 E339.41202
G1 X122.02 Y121.886 E339.4429
G1 X122.048 Y122.451 E339.47846
G0 F9000 X121.605 Y123.221
G1 F1500 X122.599 Y122.696 E339.53081
G1 X122.992 Y122.555 E339.55025
G1 X123.084 Y121.583 E339.59571
G1 X123.391 Y120.121 E339.66527
G1 X122.282 Y121.121 E339.73481
G1 X121.485 Y121.686 E339.7803
G1 X121.56 Y122.095 E339.79966
G1 X121.605 Y123.221 E339.85213
G0 F9000 X121.032 Y124.209
G1 F1500 X121.533 Y123.775 E339.883
G1 X121.796 Y123.573 E339.89844
G1 X122.762 Y123.06 E339.94937
G1 X123.076 Y122.947 E339.96491
G1 X123.367 Y122.867 E339.97896
G1 X123.48 Y121.642 E340.03624
G1 X123.81 Y120.075 E340.11081
G1 X124.317 Y118.516 E340.18715
G1 X123.214 Y119.743 E340.26397
G1 X122.137 Y120.719 E340.33165
G1 X121.923 Y120.892 E340.34446
G1 X121.028 Y121.518 E340.39532
G1 X121.102 Y121.804 E340.40908
G1 X121.162 Y122.135 E340.42474
G1 X121.205 Y123.225 E340.47554
G1 X121.16 Y123.566 E340.49155
G1 X121.032 Y124.209 E340.52208
G0 F9000 X112.88 Y138.332
G1 F1714.3 X113.183 Y138.205 E340.53547
G1 X113.245 Y137.692 E340.55652
G1 X112.836 Y138 E340.57738
G1 X112.88 Y138.332 E340.59103
G0 F9000 X112.527 Y138.941
G1 F1500 X112.818 Y138.764 E340.60689
G1 X113.529 Y138.467 E340.64276
G1 X113.649 Y137.527 E340.68689
G1 X113.949 Y136.475 E340.73783
G1 X113.146 Y137.292 E340.79117
G1 X112.435 Y137.831 E340.83272
G1 X112.538 Y138.602 E340.86894
G1 X112.527 Y138.941 E340.88473
G0 F9000 X119.265 Y127.624
G1 F1666.7 X120.44 Y125.588 E340.98324
G1 F1578.9 X120.933 Y124.88 E341.02141
G1 F1500 X121.104 Y124.675 E341.03384
G1 X121.795 Y124.077 E341.07639
G1 X122.014 Y123.91 E341.08921
G1 X122.926 Y123.425 E341.13731
G1 X123.183 Y123.332 E341.15004
G1 X123.742 Y123.178 E341.17704
G1 X123.875 Y121.701 E341.24609
G1 X124.198 Y120.173 E341.31881
G1 X124.906 Y117.997 E341.42537
G1 X125.691 Y116.138 E341.51933
G1 X124.42 Y117.804 E341.6169
G1 X122.928 Y119.462 E341.72076
G1 X121.783 Y120.496 E341.7926
G1 X120.571 Y121.348 E341.86159
G1 X120.715 Y121.904 E341.88833
G1 X120.764 Y122.175 E341.90115
G1 X120.804 Y123.212 E341.94948
G1 X120.767 Y123.488 E341.96244
G1 F1538.5 X120.57 Y124.475 E342.00814
G1 F1612.9 X120.169 Y125.347 E342.0497
G1 F1666.7 X114.792 Y134.66 E342.50037
G1 F1463.4 X114.097 Y135.758 E342.56239
G1 F1388.9 X112.882 Y136.991 E342.64944
G1 F1500 X111.98 Y137.671 E342.70204
G1 X112.053 Y137.992 E342.71737
G1 X112.145 Y138.681 E342.74974
G1 X112.097 Y139.378 E342.78227
G1 X112.022 Y139.808 E342.8026
G1 X112.367 Y139.529 E342.82326
G1 X112.898 Y139.173 E342.85302
G1 X113.575 Y138.881 E342.88735
G1 X113.896 Y138.779 E342.90304
G1 X114.034 Y137.657 E342.95568
G1 F1388.9 X114.497 Y135.989 E343.04273
G1 F1463.4 X115.1 Y134.837 E343.10479
G1 F1676 X119.265 Y127.624 E343.45191
G0 F9000 X107.542 Y147.574
G1 F1298.7 X106.128 Y150.02 E343.60386
G0 F9000 X107.542 Y147.574
G1 F1200 X107.851 Y147.113 E343.63616
G1 F1096.9 X108.235 Y146.839 E343.6662
G1 X108.35 Y146.784 E343.67432
G1 X108.373 Y146.658 E343.68247
G1 F1171.9 X108.486 Y146.407 E343.69888
G1 F1293.1 X108.619 Y146.159 E343.71408
G1 F1333.3 X110.591 Y142.742 E343.92075
G1 X110.569 Y142.675 E343.92444
G1 X110.57 Y142.324 E343.94283
G1 X110.267 Y142.5 E343.96118
G1 X110.204 Y142.514 E343.96456
G1 X108.229 Y145.934 E344.17145
G1 F1293.1 X108.08 Y146.172 E344.18661
G1 F1171.9 X107.92 Y146.397 E344.20307
G1 F1096.9 X107.823 Y146.478 E344.21112
G1 X107.833 Y146.605 E344.21923
G1 X107.787 Y147.077 E344.24943
G1 F1200 X107.542 Y147.574 E344.28168
G0 F9000 X103.647 Y153.172
G0 X104.106 Y153.521
G1 F1271.2 X103.446 Y154.665 E344.35425
G0 F9000 X103.392 Y154.724
G0 X102.823 Y155.773
G0 X102.85 Y155.776
G1 F1694.9 X102.784 Y155.738 E344.35739
G1 X102.784 Y155.814 E344.36052
G1 X102.85 Y155.776 E344.36366
G0 F9000 X102.823 Y155.773
G0 X102.281 Y156.689
G1 F1500 X103.144 Y155.986 E344.41549
G1 F1279.3 X103.446 Y154.665 E344.48947
G1 X102.454 Y155.589 E344.56348
G1 F1500 X102.281 Y156.689 E344.61533
G0 F9000 X101.394 Y158.224
G1 F1043.5 X101.162 Y158.621 E344.64611
G0 F9000 X100.161 Y160.477
G1 F1132.1 X100.128 Y160.42 E344.65018
G1 X100.062 Y160.42 E344.65425
G1 X100.029 Y160.477 E344.65831
G1 X100.062 Y160.534 E344.66238
G1 X100.128 Y160.534 E344.66645
G1 X100.161 Y160.477 E344.67051
G0 F9000 X99.727 Y161.112
G1 F1500 X100.071 Y160.97 E344.68784
G1 X100.317 Y160.901 E344.69974
G1 X100.574 Y160.856 E344.71189
G1 X100.559 Y160.503 E344.72834
G1 F1507.5 X100.667 Y159.944 E344.75472
G1 F1526.7 X100.768 Y159.698 E344.76688
G1 F1546.4 X100.965 Y159.36 E344.78455
G1 F1357.5 X101.133 Y158.781 E344.81557
G1 F1125.7 X101.162 Y158.621 E344.82566
G1 X101.037 Y158.727 E344.83583
G1 F1357.5 X100.631 Y159.158 E344.8663
G1 F1546.4 X100.433 Y159.505 E344.88434
G1 F1526.7 X100.27 Y159.714 E344.89647
G1 F1507.5 X99.841 Y160.088 E344.92284
G1 F1500 X99.524 Y160.249 E344.93939
G1 X99.616 Y160.495 E344.95162
G1 X99.679 Y160.744 E344.96358
G1 X99.727 Y161.112 E344.98086
G0 F9000 X98.17 Y163.808
G1 F1704.5 X97.572 Y164.843 E345.02984
G0 F9000 X98.471 Y163.013
G0 X98.351 Y160.968
G0 X98.149 Y160.434
G0 X97.878 Y160.057
G0 X95.206 Y157.648
G1 F1626 X95.064 Y157.182 E345.05077
G1 X95.035 Y156.883 E345.06367
G1 X94.814 Y156.983 E345.07409
G1 X94.322 Y157.094 E345.09576
G1 X94.734 Y157.28 E345.11518
G1 X95.206 Y157.648 E345.14088
G1 F1500 E338.64088
G0 F9000 X95.566 Y156.372
G0 X96.624 Y156.099
G0 X99.16 Y155.099
G0 X104.106 Y153.521
G1 F1500 E345.14088
G1 F1604.3 X104.801 Y152.685 E345.18822
G1 F1749.3 X104.795 Y152.333 E345.20227
G1 X104.483 Y152.511 E345.21662
G1 F1604.3 X104.106 Y153.521 E345.26355
G1 F1500 E338.76355
G0 F9000 X103.647 Y153.172
G0 X101.529 Y154.756
G0 X101.677 Y155.586
G0 X101.394 Y158.224
G1 F1500 E345.26355
G1 F1121.5 X101.815 Y157.742 E345.30341
G1 F1348.3 X102.236 Y157.259 E345.3366
G1 F1500 X102.429 Y157.082 E345.3488
G1 X103.274 Y156.396 E345.39948
G1 X103.495 Y156.249 E345.41184
G1 X103.744 Y155.167 E345.46353
G1 X103.868 Y154.867 E345.47865
G1 X104.254 Y154.061 E345.52026
G1 X104.436 Y153.751 E345.537
G1 X105.174 Y152.802 E345.59298
G1 X105.162 Y152.014 E345.62968
G1 X105.238 Y151.565 E345.65088
G1 X104.898 Y151.848 E345.67148
G1 X104.191 Y152.251 E345.70937
G1 X103.727 Y153.395 E345.76686
G1 X103.564 Y153.663 E345.78146
G1 X103.06 Y154.4 E345.82304
G1 X102.869 Y154.649 E345.83765
G1 X102.052 Y155.414 E345.88977
G1 X102.036 Y155.678 E345.90208
G1 X101.867 Y156.756 E345.95289
G1 X101.808 Y157.013 E345.96517
G1 X101.704 Y157.292 E345.97904
G1 F1224.5 X101.394 Y158.224 E346.03506
G0 F9000 X99.335 Y161.788
G1 F1500 X99.597 Y161.603 E346.05
G1 X100.07 Y161.399 E346.07398
G1 X100.318 Y161.312 E346.08622
G1 X101.045 Y161.182 E346.12061
G1 X100.995 Y161.002 E346.12931
G1 X100.943 Y160.604 E346.148
G1 X101.064 Y159.967 E346.17819
G1 X101.313 Y159.55 E346.20081
G1 X101.6 Y158.827 E346.23703
G1 X101.788 Y158.513 E346.25407
G1 X102.375 Y157.714 E346.30024
G1 X102.568 Y157.485 E346.31418
G1 X103.515 Y156.715 E346.37101
G1 X103.849 Y156.499 E346.38954
G1 X104.125 Y155.292 E346.44719
G1 X104.221 Y155.057 E346.45901
G1 X104.615 Y154.234 E346.5015
G1 X104.74 Y154.007 E346.51356
G1 X105.37 Y153.202 E346.56116
G1 X105.579 Y152.979 E346.57539
G1 X105.562 Y152.047 E346.6188
G1 X105.599 Y151.795 E346.63066
G1 X105.768 Y150.959 E346.67037
G1 F1379.3 X106.128 Y150.02 E346.7213
G1 X105.5 Y150.8 E346.77201
G1 F1500 X104.716 Y151.493 E346.82073
G1 X103.841 Y151.984 E346.86745
G1 X103.809 Y152.109 E346.87346
G1 X103.42 Y153.09 E346.9226
G1 X103.308 Y153.329 E346.93489
G1 X102.73 Y154.174 E346.98256
G1 X102.572 Y154.379 E346.99461
G1 X101.644 Y155.247 E347.05378
G1 X101.639 Y155.628 E347.07152
G1 X101.472 Y156.69 E347.12158
G1 X101.407 Y156.973 E347.1351
G1 X100.925 Y158.073 E347.19102
G1 X100.766 Y158.342 E347.20557
G1 X100.291 Y158.953 E347.24161
G1 X100.263 Y159.016 E347.24482
G1 X100.048 Y159.384 E347.26467
G1 X99.568 Y159.8 E347.29424
G1 X99.187 Y159.958 E347.31345
G1 X99.002 Y160.005 E347.32234
G1 X99.25 Y160.648 E347.35443
G1 X99.309 Y160.959 E347.36917
G1 X99.363 Y161.472 E347.39319
G1 X99.335 Y161.788 E347.40796
G1 F1500 E340.90796
G0 F9000 X103.442 Y154.679
G0 X104.464 Y152.913
G0 X119.27 Y128.365
G1 F1500 E347.40796
G1 X120.744 Y125.812 E347.54523
G1 X121.351 Y124.989 E347.59285
G1 X122.172 Y124.28 E347.64336
G1 X123.16 Y123.752 E347.69552
G1 X124.141 Y123.49 E347.7428
G1 X124.141 Y123.196 E347.75649
G1 X124.271 Y121.761 E347.82358
G1 X124.583 Y120.284 E347.89388
G1 X125.263 Y118.193 E347.99626
G1 F1376.1 X125.66 Y117.156 E348.05262
G1 F1183.4 X126.056 Y116.119 E348.11814
G1 F1075.3 X126.066 Y116.06 E348.12202
G1 F1092.9 X126.61 Y115.07 E348.19422
G1 F1195.2 X127.154 Y114.079 E348.26028
G1 F1255.2 X152.658 Y69.911 E351.09828
G1 F1333.3 X153.606 Y68.213 E351.20015
G1 F1522.8 X153.886 Y67.666 E351.22834
G1 F1171.9 X153.921 Y67.244 E351.25358
G1 X153.572 Y67.486 E351.27889
G1 F1515.2 X153.183 Y68.098 E351.31232
G1 F1327.4 X152.289 Y69.593 E351.40397
G1 F1257.9 X126.741 Y113.842 E354.24115
G1 F1195.2 X126.157 Y114.808 E354.30712
G1 F1092.9 X125.573 Y115.775 E354.37931
G1 F1075.3 X125.527 Y115.812 E354.38315
G1 F1183.4 X124.825 Y116.674 E354.44876
G1 F1376.1 X124.123 Y117.537 E354.50522
G1 F1500 X122.604 Y119.216 E354.61065
G1 X121.534 Y120.183 E354.67781
G1 X120.356 Y121.011 E354.74485
G1 X120.103 Y121.158 E354.75848
G1 X120.363 Y122.135 E354.80556
G1 X120.406 Y123.263 E354.85812
G1 X120.179 Y124.363 E354.91042
G1 X119.795 Y125.253 E354.95555
G1 X114.543 Y134.348 E355.44459
G1 X113.677 Y135.608 E355.51579
G1 X112.619 Y136.69 E355.58625
G1 X111.521 Y137.515 E355.6502
G1 X111.645 Y137.959 E355.67167
G1 X111.736 Y138.691 E355.70602
G1 X111.698 Y139.348 E355.73666
G1 X111.652 Y139.609 E355.749
G1 F1485.1 X111.521 Y140.115 E355.77358
G1 F1408.5 X111.441 Y140.375 E355.78707
G1 X111.159 Y140.904 E355.8168
G1 F1459.9 X110.745 Y141.611 E355.856
G1 F1474.2 X110.462 Y141.902 E355.87523
G1 F1500 X110.11 Y142.105 E355.89415
G1 X109.927 Y142.144 E355.90286
G1 X107.785 Y145.853 E356.1023
G1 X107.494 Y146.136 E356.1212
G1 X107.302 Y146.258 E356.1318
G1 X107.36 Y146.619 E356.14882
G1 X107.326 Y146.972 E356.16534
G1 X107.173 Y147.361 E356.1848
G1 X105.813 Y149.713 E356.31131
G1 X105.256 Y150.481 E356.35549
G1 X104.511 Y151.14 E356.4018
G1 X103.691 Y151.613 E356.44588
G1 X103.49 Y151.698 E356.45604
G1 X103.431 Y151.998 E356.47028
G1 X102.984 Y153.094 E356.52539
G1 X102.317 Y154.07 E356.58044
G1 X101.493 Y154.841 E356.63299
G1 X101.223 Y155.022 E356.64812
G1 X101.26 Y155.463 E356.66873
G1 X101.052 Y156.79 E356.73127
G1 X100.507 Y158.03 E356.79434
G1 X99.944 Y158.747 E356.83679
G1 X99.743 Y159.124 E356.85669
G1 X99.403 Y159.418 E356.87762
G1 X99.003 Y159.606 E356.8982
G1 X98.633 Y159.653 E356.91556
G1 X98.242 Y159.611 E356.93388
G1 X98.53 Y160.015 E356.95698
G1 X98.664 Y160.235 E356.96897
G1 X98.854 Y160.74 E356.9941
G1 X98.912 Y161.005 E357.00673
G1 X98.961 Y161.481 E357.02901
G1 X98.938 Y161.748 E357.04149
G1 X98.882 Y162.095 E357.05786
G1 F1449.3 X98.799 Y162.426 E357.0743
G1 F1119.4 X98.758 Y162.788 E357.09703
G1 X99.052 Y162.572 E357.1198
G1 F1449.3 X99.305 Y162.328 E357.13674
G1 F1500 X99.727 Y161.981 E357.16218
G1 X100.401 Y161.697 E357.19623
G1 X101.014 Y161.596 E357.22516
G1 X101.275 Y161.602 E357.23732
G1 X101.772 Y161.653 E357.26058
G1 X101.536 Y161.333 E357.2791
G1 X101.391 Y160.984 E357.2967
G1 X101.358 Y160.548 E357.31706
G1 X101.441 Y160.108 E357.3379
G1 X101.666 Y159.746 E357.35775
G1 X101.992 Y158.912 E357.39945
G1 X102.796 Y157.815 E357.46278
G1 X103.845 Y156.962 E357.52574
G1 X104.25 Y156.771 E357.54659
G1 X104.272 Y156.441 E357.56199
G1 X104.523 Y155.351 E357.61407
G1 X105.041 Y154.272 E357.6698
G1 X105.76 Y153.352 E357.72417
G1 X105.984 Y153.16 E357.73791
G1 X105.961 Y152.022 E357.79091
G1 X106.165 Y151.012 E357.83889
G1 X106.535 Y150.176 E357.88146
G1 X107.911 Y147.787 E358.00983
G1 X108.172 Y147.46 E358.02932
G1 X108.46 Y147.255 E358.04578
G1 X108.801 Y147.126 E358.06275
G1 X108.81 Y146.899 E358.07333
G1 X108.91 Y146.505 E358.09226
G1 X111.05 Y142.796 E358.29165
G1 X110.99 Y142.614 E358.30058
G1 X110.991 Y142.207 E358.31953
G1 F1474.2 X111.101 Y141.816 E358.33877
G1 F1452.8 X111.558 Y141.028 E358.38257
G1 F1401.9 X111.825 Y140.598 E358.40778
G1 F1421.8 X112.379 Y140.032 E358.44669
G1 F1500 X112.589 Y139.862 E358.45927
G1 X113.092 Y139.523 E358.48752
G1 X113.812 Y139.215 E358.52398
G1 X114.262 Y139.096 E358.54566
G1 X114.426 Y137.735 E358.60949
G1 X114.838 Y136.273 E358.68022
G1 X115.498 Y134.894 E358.75141
G1 X119.27 Y128.365 E359.10251
G0 F9000 X119.275 Y129.156
G1 F1500 X121.083 Y126.026 E359.27083
G1 X121.649 Y125.268 E359.31488
G1 X122.38 Y124.629 E359.36009
G1 X123.301 Y124.13 E359.40886
G1 X124.239 Y123.877 E359.4541
G1 X124.553 Y123.827 E359.4689
G1 X124.539 Y123.231 E359.49666
G1 X124.666 Y121.82 E359.56263
G1 X124.961 Y120.43 E359.6288
G1 X125.674 Y118.235 E359.73626
G1 X126.528 Y116.221 E359.83813
G1 X127.514 Y114.334 E359.93727
G1 X153.043 Y70.119 E362.31464
G1 X153.996 Y68.36 E362.40779
G1 X153.992 Y68.354 E362.40813
G1 X154.677 Y66.875 E362.48402
G1 X155.327 Y65.245 E362.56574
G1 X155.704 Y64.156 E362.6194
G1 X154.944 Y65.035 E362.67351
G1 X153.845 Y66.429 E362.75616
G1 X152.841 Y67.866 E362.83779
G1 X151.91 Y69.374 E362.92031
G1 X126.339 Y113.66 E365.30153
G1 X125.199 Y115.46 E365.40074
G1 X123.825 Y117.269 E365.50651
G1 X122.335 Y118.919 E365.61003
G1 X121.284 Y119.87 E365.67603
G1 X120.075 Y120.72 E365.74485
G1 X119.606 Y120.968 E365.76956
G1 X119.748 Y121.362 E365.78906
G1 X119.966 Y122.201 E365.82942
G1 X120.004 Y123.225 E365.87714
G1 X119.805 Y124.206 E365.92375
G1 X119.455 Y125.03 E365.96543
G1 X114.197 Y134.147 E366.4555
G1 X113.371 Y135.348 E366.52337
G1 X112.355 Y136.389 E366.59111
G1 X111.059 Y137.356 E366.6664
G1 X111.252 Y138.037 E366.69936
G1 X111.336 Y138.704 E366.73066
G1 X111.293 Y139.407 E366.76346
G1 X111.103 Y140.107 E366.79723
G1 X110.805 Y140.706 E366.82839
G1 X110.412 Y141.378 E366.86464
G1 X110.214 Y141.588 E366.87808
G1 X109.962 Y141.734 E366.89164
G1 X109.666 Y141.796 E366.90572
G1 X107.468 Y145.594 E367.11005
G1 X107.267 Y145.825 E367.12431
G1 X106.828 Y146.055 E367.14739
G1 X106.968 Y146.546 E367.17116
G1 X106.936 Y146.883 E367.18692
G1 X106.826 Y147.161 E367.20084
G1 X105.446 Y149.538 E367.32883
G1 X104.957 Y150.214 E367.36768
G1 X104.246 Y150.833 E367.41157
G1 X103.512 Y151.255 E367.451
G1 X103.133 Y151.388 E367.4697
G1 X103.049 Y151.877 E367.4928
G1 X102.63 Y152.893 E367.54398
G1 X102.012 Y153.808 E367.59539
G1 X101.192 Y154.575 E367.64768
G1 X100.802 Y154.808 E367.66883
G1 X100.86 Y155.434 E367.6981
G1 X100.664 Y156.679 E367.75679
G1 X100.163 Y157.816 E367.81465
G1 X99.597 Y158.542 E367.85751
G1 X99.428 Y158.872 E367.87477
G1 X99.184 Y159.082 E367.88976
G1 X98.942 Y159.196 E367.90222
G1 X98.645 Y159.251 E367.91629
G1 X97.781 Y159.161 E367.95673
G1 F1587.3 X97.255 Y159.017 E367.98073
G1 F1578.9 X96.4 Y158.73 E368.02063
G1 F1477.8 X95.943 Y158.541 E368.044
G1 F1467 X96.182 Y159.116 E368.07365
G1 F1477.8 X96.306 Y159.114 E368.07951
G1 F1608.6 X96.901 Y159.254 E368.10605
G1 F1685.4 X97.468 Y159.488 E368.13147
G1 F1554.4 X97.817 Y159.77 E368.15163
G1 F1500 X98.002 Y159.964 E368.16412
G1 X98.282 Y160.356 E368.18655
G1 X98.498 Y160.937 E368.21541
G1 X98.567 Y161.549 E368.24409
G1 X98.454 Y162.185 E368.27417
G1 X98.235 Y162.669 E368.2989
G1 X98.164 Y162.778 E368.30496
G1 X98.263 Y162.976 E368.31527
G1 X98.324 Y163.304 E368.3308
G1 F1595.7 X98.17 Y163.808 E368.35387
G1 X98.529 Y163.422 E368.37694
G1 F1500 X98.842 Y163.311 E368.39241
G1 X99.063 Y163.297 E368.40272
G1 X99.122 Y163.181 E368.40878
G1 X99.432 Y162.751 E368.43346
G1 X99.828 Y162.416 E368.45761
G1 X100.051 Y162.278 E368.46983
G1 X100.51 Y162.084 E368.49303
G1 X101.103 Y161.987 E368.52101
G1 X101.709 Y162.048 E368.54937
G1 F1558.4 X102.264 Y162.251 E368.57586
G1 F1685.4 X102.756 Y162.639 E368.60182
G1 F1612.9 X103.167 Y163.077 E368.62783
G1 F1485.1 X103.224 Y163.179 E368.63333
G1 X103.888 Y163.114 E368.6647
G1 X103.485 Y162.828 E368.68795
G1 F1570.7 X102.749 Y162.179 E368.73158
G1 F1578.9 X102.41 Y161.839 E368.75282
G1 F1500 X101.88 Y161.126 E368.79419
G1 X101.777 Y160.836 E368.80852
G1 X101.757 Y160.571 E368.82089
G1 X101.805 Y160.316 E368.83298
G1 X101.934 Y160.058 E368.84641
G1 X102.019 Y159.944 E368.85303
G1 X102.35 Y159.1 E368.89524
G1 X103.073 Y158.114 E368.95218
G1 X104.059 Y157.302 E369.01165
G1 X104.647 Y157.028 E369.04186
G1 X104.658 Y156.545 E369.06436
G1 X104.908 Y155.489 E369.11489
G1 X105.389 Y154.485 E369.16673
G1 X106.053 Y153.626 E369.21728
G1 X106.443 Y153.298 E369.24101
G1 X106.38 Y152.979 E369.25615
G1 X106.368 Y152.059 E369.29899
G1 X106.547 Y151.139 E369.34264
G1 X106.897 Y150.345 E369.38304
G1 X108.258 Y147.987 E369.50982
G1 X108.444 Y147.754 E369.5237
G1 X108.718 Y147.557 E369.53941
G1 X109.215 Y147.435 E369.56324
G1 X109.193 Y146.951 E369.5858
G1 X109.281 Y146.664 E369.59978
G1 X111.482 Y142.847 E369.80495
G1 X111.386 Y142.557 E369.81917
G1 X111.386 Y142.265 E369.83277
G1 X111.47 Y141.988 E369.84625
G1 X111.896 Y141.253 E369.8858
G1 X112.217 Y140.769 E369.91285
G1 X112.72 Y140.254 E369.94637
G1 X113.321 Y139.859 E369.97986
G1 X113.939 Y139.596 E370.01113
G1 X114.629 Y139.413 E370.04437
G1 X114.815 Y137.814 E370.11933
G1 X115.215 Y136.412 E370.18722
G1 X115.844 Y135.095 E370.25518
G1 X119.275 Y129.156 E370.57455
G1 F1500 E364.07455
G0 F9000 X113.588 Y140.364
G0 X114.108 Y141.332
G0 X106.28 Y161.161
G0 X106.352 Y162.244
G0 X105.909 Y163.785
G1 F1500 E370.57455
G1 F1626 X105.756 Y163.301 E370.59636
G1 X105.732 Y163.059 E370.6068
G1 X105.512 Y163.165 E370.61729
G1 X104.991 Y163.297 E370.64038
G1 X105.564 Y163.533 E370.667
G1 X105.909 Y163.785 E370.68535
G1 F1500 E364.18535
G0 F9000 X106.352 Y162.244
G0 X106.28 Y161.161
G0 X114.108 Y141.332
G0 X113.588 Y140.364
G0 X119.013 Y129.793
G0 X119.28 Y129.947
G1 F1500 E370.68535
G1 X121.397 Y126.281 E370.88247
G1 X121.943 Y125.54 E370.92533
G1 X122.634 Y124.943 E370.96785
G1 X123.447 Y124.505 E371.01086
G1 X124.241 Y124.285 E371.04922
G1 X124.965 Y124.165 E371.08339
G1 X124.938 Y123.267 E371.12523
G1 X125.062 Y121.879 E371.19011
G1 X125.369 Y120.454 E371.25799
G1 X126.024 Y118.439 E371.35665
G1 X126.868 Y116.437 E371.45782
G1 X127.868 Y114.52 E371.5585
G1 X153.394 Y70.31 E373.9356
G1 X154.375 Y68.501 E374.03142
G1 X154.368 Y68.49 E374.03203
G1 X155.044 Y67.033 E374.10682
G1 X155.701 Y65.39 E374.18921
G1 X156.286 Y63.696 E374.27266
G1 X156.647 Y62.522 E374.32986
G1 X155.804 Y63.43 E374.38755
G1 X154.63 Y64.787 E374.4711
G1 X153.531 Y66.179 E374.55369
G1 X152.506 Y67.646 E374.63702
G1 X151.564 Y69.174 E374.7206
G1 X126.001 Y113.446 E377.10106
G1 X124.848 Y115.265 E377.20135
G1 X123.527 Y117.002 E377.30296
G1 X122.066 Y118.623 E377.40458
G1 X121.035 Y119.558 E377.46939
G1 X119.897 Y120.356 E377.53411
G1 X119.106 Y120.779 E377.57587
G1 X119.337 Y121.386 E377.60612
G1 X119.57 Y122.295 E377.64981
G1 X119.599 Y123.186 E377.69132
G1 X119.422 Y124.089 E377.73417
G1 X119.089 Y124.868 E377.77362
G1 X113.824 Y133.989 E378.26401
G1 X113.058 Y135.096 E378.32669
G1 X112.092 Y136.088 E378.39117
G1 X110.961 Y136.93 E378.45682
G1 X110.554 Y137.158 E378.47855
G1 X110.709 Y137.584 E378.49966
G1 X110.863 Y138.154 E378.52715
G1 X110.936 Y138.716 E378.55354
G1 X110.895 Y139.344 E378.58284
G1 X110.728 Y139.962 E378.61265
G1 X110.477 Y140.473 E378.63916
G1 X110.084 Y141.148 E378.67553
G1 X109.814 Y141.362 E378.69157
G1 X109.426 Y141.411 E378.70978
G1 X107.134 Y145.379 E378.92316
G1 X106.992 Y145.518 E378.93241
G1 X106.355 Y145.851 E378.96588
G1 X106.565 Y146.59 E379.00165
G1 X106.54 Y146.857 E379.01414
G1 X105.16 Y149.245 E379.14257
G1 X104.654 Y149.942 E379.18267
G1 X104.015 Y150.507 E379.22239
G1 X103.303 Y150.914 E379.26058
G1 X102.779 Y151.081 E379.28619
G1 X102.668 Y151.734 E379.31703
G1 X102.277 Y152.711 E379.36603
G1 X101.699 Y153.548 E379.4134
G1 X100.953 Y154.252 E379.46116
G1 X100.38 Y154.594 E379.49223
G1 X100.457 Y155.42 E379.53086
G1 X100.272 Y156.562 E379.58473
G1 X99.816 Y157.613 E379.63808
G1 X99.25 Y158.337 E379.68087
G1 X99.082 Y158.646 E379.69725
G1 X98.82 Y158.816 E379.71179
G1 X98.644 Y158.848 E379.72012
G1 X97.892 Y158.77 E379.75532
G1 X97.354 Y158.652 E379.78097
G1 X96.991 Y158.534 E379.79874
G1 X96.666 Y158.408 E379.81497
G1 F1481.5 X96.204 Y158.203 E379.8388
G1 F1234.6 X95.971 Y158.131 E379.8526
G1 F1071.4 X95.634 Y157.762 E379.88518
G1 F1176.5 X95.547 Y157.507 E379.90117
G1 F1388.9 X95.523 Y157.37 E379.90817
G1 F1500 X95.432 Y157.062 E379.92312
G1 X95.396 Y156.395 E379.95423
G1 X95.356 Y156.244 E379.9615
G1 X95.157 Y156.393 E379.97308
G1 X94.704 Y156.62 E379.99667
G1 X94.132 Y156.742 E380.0239
G1 X93.76 Y156.727 E380.04124
G1 X93.455 Y157.244 E380.06919
G1 X93.888 Y157.321 E380.08967
G1 X94.528 Y157.607 E380.12231
G1 X94.835 Y157.846 E380.14043
G1 F1260.5 X95.167 Y158.033 E380.16154
G1 F1077.2 X95.54 Y158.49 E380.19979
G1 F1234.6 X95.607 Y158.795 E380.21746
G1 F1481.5 X95.784 Y159.22 E380.23916
G1 F1500 X95.849 Y159.546 E380.25464
G1 X96.284 Y159.516 E380.27494
G1 X96.786 Y159.608 E380.29871
G1 X97.235 Y159.813 E380.32169
G1 X97.635 Y160.138 E380.34569
G1 X97.924 Y160.554 E380.36928
G1 X98.111 Y161.033 E380.39322
G1 X98.159 Y161.558 E380.41777
G1 X98.077 Y162.032 E380.44017
G1 X97.885 Y162.475 E380.46265
G1 X97.638 Y162.812 E380.48211
G1 X97.825 Y162.988 E380.49406
G1 X97.924 Y163.31 E380.50975
G1 X97.845 Y163.62 E380.52465
G1 X97.059 Y164.98 E380.59779
G1 X97.709 Y165.356 E380.63276
G1 X98.495 Y163.996 E380.7059
G1 X98.723 Y163.771 E380.72081
G1 X99.052 Y163.696 E380.73653
G1 X99.297 Y163.769 E380.74843
G1 X99.465 Y163.387 E380.76786
G1 X99.75 Y162.996 E380.79039
G1 X100.15 Y162.678 E380.81419
G1 X100.619 Y162.471 E380.83806
G1 X101.106 Y162.396 E380.861
G1 X101.614 Y162.44 E380.88474
G1 X102.096 Y162.616 E380.90864
G1 X102.506 Y162.912 E380.93218
G1 X102.835 Y163.291 E380.95555
G1 X103.022 Y163.684 E380.97582
G1 X103.37 Y163.568 E380.9929
G1 X103.787 Y163.529 E381.0124
G1 F1244.8 X104.104 Y163.431 E381.03102
G1 F1075.3 X104.689 Y163.521 E381.06947
G1 F1260.5 X105.008 Y163.719 E381.09027
G1 F1500 X105.37 Y163.867 E381.10848
G1 X105.939 Y164.279 E381.14119
G1 X106.21 Y164.608 E381.16104
G1 X106.511 Y164.088 E381.18902
G1 X106.307 Y163.768 E381.20669
G1 X106.132 Y163.223 E381.23334
G1 X106.092 Y162.644 E381.26037
G1 X106.126 Y162.461 E381.26904
G1 X105.98 Y162.502 E381.2761
G1 X105.379 Y162.804 E381.30742
G1 X105.075 Y162.88 E381.32201
G1 F1369.9 X104.936 Y162.933 E381.32959
G1 F1162.8 X104.69 Y162.981 E381.34465
G1 F1071.4 X104.198 Y162.879 E381.3774
G1 F1244.8 X104.008 Y162.705 E381.39186
G1 F1500 X103.591 Y162.408 E381.4157
G1 X103.325 Y162.195 E381.43157
G1 X103.029 Y161.922 E381.45032
G1 X102.676 Y161.533 E381.47478
G1 X102.228 Y160.924 E381.50998
G1 X102.156 Y160.594 E381.52571
G1 X102.185 Y160.441 E381.53296
G1 X102.371 Y160.142 E381.54935
G1 X102.702 Y159.296 E381.59166
G1 X103.387 Y158.371 E381.64525
G1 X104.273 Y157.643 E381.69865
G1 X105.044 Y157.285 E381.73823
G1 X105.06 Y156.58 E381.77107
G1 X105.285 Y155.621 E381.81694
G1 X105.729 Y154.695 E381.86475
G1 X106.368 Y153.882 E381.9129
G1 X106.887 Y153.449 E381.94438
G1 X106.778 Y152.941 E381.96857
G1 X106.766 Y152.096 E382.00792
G1 X106.935 Y151.259 E382.04768
G1 X107.284 Y150.467 E382.08798
G1 X108.663 Y148.085 E382.21614
G1 X108.88 Y147.93 E382.22856
G1 X109.628 Y147.744 E382.26445
G1 X109.6 Y147.089 E382.29498
G1 X109.648 Y146.827 E382.30738
G1 X111.936 Y142.861 E382.52058
G1 X111.782 Y142.499 E382.5389
G1 X111.832 Y142.158 E382.55495
G1 X112.205 Y141.513 E382.58964
G1 X112.53 Y141.022 E382.61706
G1 X112.978 Y140.564 E382.6469
G1 X113.508 Y140.213 E382.6765
G1 X114.037 Y139.989 E382.70325
G1 X114.617 Y139.832 E382.73122
G1 X115.056 Y139.757 E382.75196
G1 X115.049 Y139.258 E382.7752
G1 X115.211 Y137.891 E382.8393
G1 X115.591 Y136.554 E382.90402
G1 X116.165 Y135.342 E382.96647
G1 X119.28 Y129.947 E383.25655
G0 F9000 X119.286 Y130.737
;TYPE:WALL-OUTER
G1 F1500 X121.754 Y126.465 E383.48628
G1 X122.222 Y125.829 E383.52305
G1 X122.859 Y125.274 E383.56239
G1 X123.582 Y124.885 E383.60062
G1 X124.367 Y124.666 E383.63857
G1 X125.377 Y124.503 E383.6862
G1 X125.336 Y123.302 E383.74216
G1 X125.461 Y121.922 E383.80668
G1 X125.749 Y120.578 E383.87069
G1 X126.405 Y118.562 E383.9694
G1 X127.237 Y116.592 E384.06898
G1 X128.222 Y114.706 E384.16806
G1 X153.746 Y70.501 E386.54491
G1 X154.754 Y68.641 E386.64342
G1 X154.744 Y68.627 E386.64422
G1 X155.412 Y67.192 E386.71793
G1 X156.076 Y65.53 E386.80126
G1 X156.668 Y63.814 E386.88579
G1 X157.164 Y62.199 E386.96446
G1 X157.456 Y61.119 E387.01655
G1 X156.713 Y61.862 E387.06548
G1 X155.502 Y63.168 E387.14841
G1 X154.316 Y64.538 E387.23279
G1 X153.209 Y65.94 E387.31597
G1 X152.172 Y67.426 E387.40035
G1 X151.228 Y68.955 E387.48402
G1 X125.663 Y113.232 E389.86473
G1 X124.515 Y115.043 E389.96457
G1 X123.247 Y116.714 E390.06225
G1 X121.797 Y118.327 E390.16324
G1 X120.775 Y119.252 E390.22743
G1 X119.667 Y120.028 E390.29042
G1 X118.606 Y120.591 E390.34635
G1 X118.97 Y121.549 E390.39407
G1 X119.172 Y122.335 E390.43185
G1 X119.2 Y123.156 E390.47011
G1 X119.04 Y123.971 E390.50878
G1 X118.71 Y124.732 E390.5474
G1 X113.495 Y133.761 E391.03292
G1 X112.74 Y134.848 E391.09455
G1 X111.815 Y135.798 E391.15629
G1 X110.758 Y136.585 E391.21765
G1 X110.473 Y136.752 E391.23303
G1 X110.028 Y136.97 E391.25611
G1 X110.157 Y137.236 E391.26987
G1 X110.329 Y137.71 E391.29335
G1 X110.467 Y138.208 E391.31741
G1 X110.535 Y138.711 E391.34105
G1 X110.494 Y139.297 E391.3684
G1 X110.357 Y139.804 E391.39286
G1 X110.113 Y140.305 E391.41881
G1 X109.756 Y140.919 E391.45188
G1 X109.651 Y141.002 E391.45811
G1 X109.19 Y141.02 E391.47959
G1 X106.791 Y145.168 E391.70272
G1 X105.881 Y145.647 E391.7506
G1 X106.177 Y146.688 E391.801
G1 X104.798 Y149.069 E391.92912
G1 X104.36 Y149.672 E391.96382
G1 X103.801 Y150.167 E391.99859
G1 X103.154 Y150.539 E392.03334
G1 X102.425 Y150.774 E392.06901
G1 X102.279 Y151.64 E392.1099
G1 X101.925 Y152.515 E392.15385
G1 X101.396 Y153.287 E392.19743
G1 X100.721 Y153.922 E392.24058
G1 X99.959 Y154.38 E392.28198
G1 X100.052 Y155.381 E392.32879
G1 X99.894 Y156.426 E392.37801
G1 X99.468 Y157.408 E392.42785
G1 X98.902 Y158.131 E392.4706
G1 X98.746 Y158.412 E392.48557
G1 X98.647 Y158.444 E392.49041
G1 X97.934 Y158.372 E392.52378
G1 X97.45 Y158.263 E392.54689
G1 X97.119 Y158.155 E392.5631
G1 X96.8 Y158.03 E392.57905
G1 X96.341 Y157.817 E392.60261
G1 X96.06 Y157.53 E392.62132
G1 X95.922 Y157.292 E392.63413
G1 X95.826 Y156.994 E392.64871
G1 X95.793 Y156.335 E392.67943
G1 X95.699 Y155.975 E392.69675
G1 X95.538 Y155.648 E392.71373
G1 X95.467 Y155.557 E392.7191
G1 X95.347 Y155.724 E392.72868
G1 X95.009 Y156.016 E392.74948
G1 X94.547 Y156.244 E392.77346
G1 X94.123 Y156.336 E392.79367
G1 X93.531 Y156.316 E392.82125
G1 X92.768 Y157.629 E392.89196
G1 X93.202 Y157.606 E392.9122
G1 X93.778 Y157.709 E392.93945
G1 X94.304 Y157.944 E392.96627
G1 X94.797 Y158.33 E392.99543
G1 X95.145 Y158.765 E393.02137
G1 X95.398 Y159.324 E393.04994
G1 X95.505 Y159.878 E393.07621
G1 X95.502 Y160.07 E393.08515
G1 X95.884 Y159.944 E393.10388
G1 X96.236 Y159.916 E393.12032
G1 X96.662 Y159.989 E393.14045
G1 X97.001 Y160.146 E393.15785
G1 X97.335 Y160.409 E393.17764
G1 X97.57 Y160.739 E393.19651
G1 X97.714 Y161.116 E393.2153
G1 X97.756 Y161.495 E393.23305
G1 X97.693 Y161.92 E393.25306
G1 X97.544 Y162.265 E393.27056
G1 X97.25 Y162.663 E393.2936
G1 X96.93 Y162.859 E393.31107
G1 X97.482 Y163.18 E393.34081
G1 X97.524 Y163.316 E393.34743
G1 X97.498 Y163.42 E393.35243
G1 X96.513 Y165.126 E393.44415
G1 X97.855 Y165.902 E393.51634
G1 X98.842 Y164.196 E393.60811
G1 X98.918 Y164.121 E393.61309
G1 X99.059 Y164.089 E393.61982
G1 X99.612 Y164.407 E393.64952
G1 X99.621 Y164.03 E393.66708
G1 X99.819 Y163.576 E393.69014
G1 X100.043 Y163.277 E393.70754
G1 X100.352 Y163.02 E393.72626
G1 X100.719 Y162.862 E393.74486
G1 X101.123 Y162.796 E393.76392
G1 X101.505 Y162.832 E393.78179
G1 X101.885 Y162.965 E393.80054
G1 X102.236 Y163.208 E393.82041
G1 X102.496 Y163.514 E393.83911
G1 X102.673 Y163.903 E393.85901
G1 X102.737 Y164.255 E393.87567
G1 X102.906 Y164.151 E393.88491
G1 X103.438 Y163.967 E393.91112
G1 X104.062 Y163.91 E393.9403
G1 X104.607 Y163.99 E393.96595
G1 X105.162 Y164.214 E393.99382
G1 X105.645 Y164.559 E394.02146
G1 X106.022 Y165.008 E394.04876
G1 X106.219 Y165.392 E394.06885
G1 X106.979 Y164.078 E394.13954
G1 X106.682 Y163.612 E394.16527
G1 X106.524 Y163.141 E394.1884
G1 X106.497 Y162.649 E394.21134
G1 X106.583 Y162.213 E394.23204
G1 X106.669 Y162.022 E394.24179
G1 X106.553 Y162.006 E394.24724
G1 X106.182 Y162.031 E394.26456
G1 X105.834 Y162.128 E394.28138
G1 X105.263 Y162.419 E394.31122
G1 X104.983 Y162.491 E394.32468
G1 X104.662 Y162.494 E394.33963
G1 X104.271 Y162.398 E394.35838
G1 X103.84 Y162.095 E394.38291
G1 X103.58 Y161.887 E394.39842
G1 X103.324 Y161.652 E394.4146
G1 X102.998 Y161.295 E394.43711
G1 X102.577 Y160.719 E394.47033
G1 X102.565 Y160.565 E394.47752
G1 X102.723 Y160.34 E394.49032
G1 X103.047 Y159.51 E394.53181
G1 X103.675 Y158.649 E394.58144
G1 X104.503 Y157.976 E394.63112
G1 X105.441 Y157.543 E394.67923
G1 X105.454 Y156.649 E394.72086
G1 X105.671 Y155.733 E394.76469
G1 X106.069 Y154.906 E394.80743
G1 X106.659 Y154.158 E394.85179
G1 X107.33 Y153.6 E394.89243
G1 X107.176 Y152.903 E394.92566
G1 X107.164 Y152.133 E394.96152
G1 X107.317 Y151.379 E394.99735
G1 X107.63 Y150.667 E395.03356
G1 X108.95 Y148.387 E395.15624
G1 X109.038 Y148.302 E395.16194
G1 X110.041 Y148.053 E395.21006
G1 X110.003 Y147.012 E395.25856
G1 X112.394 Y142.868 E395.48134
G1 X112.175 Y142.463 E395.50278
G1 X112.194 Y142.327 E395.50917
G1 X112.563 Y141.696 E395.54321
G1 X112.834 Y141.287 E395.56606
G1 X113.223 Y140.885 E395.59211
G1 X113.711 Y140.559 E395.61943
G1 X114.216 Y140.35 E395.64488
G1 X114.685 Y140.226 E395.66747
G1 X115.188 Y140.14 E395.69123
G1 X115.485 Y140.118 E395.7051
G1 X115.448 Y139.652 E395.72687
G1 X115.449 Y139.276 E395.74438
G1 X115.603 Y137.969 E395.80566
G1 X115.975 Y136.678 E395.86822
G1 X116.536 Y135.495 E395.92918
G1 X119.286 Y130.737 E396.18508
G0 F9000 X118.413 Y130.233
G1 F1500 E389.68508
G0 F9000 X112.336 Y141.589
G0 X113.28 Y142.181
G0 X113.38 Y142.883
G0 X108.079 Y163.895
G0 X106.51 Y166.604
G0 X98.17 Y167.067
G0 X96.816 Y166.266
G0 X96.506 Y166.664
G0 X96.553 Y166.929
;TYPE:WALL-INNER
G1 F1500 E396.18508
G1 F1214.6 X96.706 Y166.841 E396.19523
G1 X96.773 Y166.699 E396.20426
G1 X96.732 Y166.491 E396.21645
G1 X96.644 Y166.425 E396.22277
G1 X96.483 Y166.398 E396.23216
G1 X96.326 Y166.493 E396.24271
G1 X96.265 Y166.624 E396.25102
G1 X96.311 Y166.837 E396.26356
G1 X96.396 Y166.902 E396.26971
G1 X96.553 Y166.929 E396.27887
G0 F9000 X96.503 Y167.379
;TYPE:WALL-OUTER
G1 F1500 X96.682 Y167.37 E396.28722
G1 X96.995 Y167.191 E396.30401
G1 X97.111 Y167.057 E396.31226
G1 X97.225 Y166.719 E396.32887
G1 X97.189 Y166.415 E396.34312
G1 X97.105 Y166.232 E396.3525
G1 X96.952 Y166.08 E396.36254
G1 X96.793 Y165.999 E396.37085
G1 X96.535 Y165.946 E396.38311
G1 X96.343 Y165.96 E396.39208
G1 X96.029 Y166.15 E396.40917
G1 X95.844 Y166.443 E396.4253
G1 X95.811 Y166.613 E396.43337
G1 X95.855 Y166.911 E396.44739
G1 X95.936 Y167.093 E396.45667
G1 X96.085 Y167.245 E396.46658
G1 X96.247 Y167.329 E396.47508
G1 X96.503 Y167.379 E396.48722
G1 F1500 E389.98722
G0 F9000 X96.506 Y166.664
G0 X96.228 Y167.062
G0 X95.648 Y168.196
G0 X95.379 Y168.615
G0 X95.425 Y168.88
;TYPE:WALL-INNER
G1 F1500 E396.48722
G1 F1214.6 X95.609 Y168.757 E396.49995
G1 X95.648 Y168.655 E396.50623
G1 X95.606 Y168.441 E396.51877
G1 X95.519 Y168.375 E396.52505
G1 X95.353 Y168.349 E396.53471
G1 X95.199 Y168.443 E396.54509
G1 X95.14 Y168.578 E396.55356
G1 X95.182 Y168.786 E396.56577
G1 X95.266 Y168.852 E396.57191
G1 X95.425 Y168.88 E396.58119
G0 F9000 X95.376 Y169.33
;TYPE:WALL-OUTER
G1 F1500 X95.554 Y169.322 E396.58949
G1 X95.867 Y169.143 E396.60628
G1 X96.065 Y168.845 E396.62294
G1 X96.101 Y168.672 E396.63117
G1 X96.061 Y168.367 E396.64549
G1 X95.98 Y168.183 E396.65485
G1 X95.824 Y168.028 E396.66509
G1 X95.666 Y167.948 E396.67334
G1 X95.406 Y167.898 E396.68567
G1 X95.214 Y167.909 E396.69462
G1 X94.902 Y168.101 E396.71168
G1 X94.791 Y168.236 E396.71982
G1 X94.687 Y168.566 E396.73593
G1 X94.727 Y168.864 E396.74993
G1 X94.808 Y169.044 E396.75912
G1 X94.96 Y169.196 E396.76913
G1 X95.116 Y169.277 E396.77732
G1 X95.376 Y169.33 E396.78967
G1 F1500 E390.28967
G0 F9000 X95.379 Y168.615
G0 X95.102 Y169.012
G0 X94.521 Y170.147
G0 X94.251 Y170.566
G0 X94.299 Y170.834
;TYPE:WALL-INNER
G1 F1500 E396.78967
G1 F1217 X94.453 Y170.743 E396.79994
G1 X94.512 Y170.65 E396.80626
G1 X94.476 Y170.386 E396.82155
G1 X94.396 Y170.326 E396.82729
G1 X94.228 Y170.301 E396.83704
G1 X94.047 Y170.422 E396.84953
G1 X94.013 Y170.532 E396.85614
G1 X94.059 Y170.74 E396.86836
G1 X94.146 Y170.804 E396.87456
G1 X94.299 Y170.834 E396.88351
G0 F9000 X94.252 Y171.283
;TYPE:WALL-OUTER
G1 F1500 X94.429 Y171.274 E396.89176
G1 X94.742 Y171.091 E396.90865
G1 X94.937 Y170.797 E396.92507
G1 X94.973 Y170.624 E396.9333
G1 X94.933 Y170.318 E396.94767
G1 X94.851 Y170.131 E396.95718
G1 X94.7 Y169.98 E396.96712
G1 X94.542 Y169.9 E396.97537
G1 X94.282 Y169.85 E396.9877
G1 X94.09 Y169.861 E396.99665
G1 X93.773 Y170.054 E397.01393
G1 X93.664 Y170.186 E397.02191
G1 X93.56 Y170.518 E397.03811
G1 X93.602 Y170.811 E397.05189
G1 X93.684 Y170.996 E397.06131
G1 X93.832 Y171.144 E397.07106
G1 X93.996 Y171.229 E397.07966
G1 X94.252 Y171.283 E397.09184
G1 F1500 E390.59184
G0 F9000 X94.251 Y170.566
G0 X93.975 Y170.964
G0 X93.395 Y172.098
G0 X93.136 Y172.516
G0 X93.175 Y172.781
;TYPE:WALL-INNER
G1 F1500 E397.09184
G1 F1212.1 X93.335 Y172.69 E397.10245
G1 X93.395 Y172.558 E397.1108
G1 X93.354 Y172.343 E397.12342
G1 X93.264 Y172.276 E397.12988
G1 X93.103 Y172.25 E397.13928
G1 X92.946 Y172.346 E397.14988
G1 X92.894 Y172.434 E397.15577
G1 X92.909 Y172.643 E397.16785
G1 X92.956 Y172.714 E397.17275
G1 X93.175 Y172.781 E397.18595
G0 F9000 X93.051 Y173.234
;TYPE:WALL-OUTER
G1 F1500 X93.303 Y173.222 E397.1977
G1 X93.62 Y173.042 E397.21467
G1 X93.731 Y172.916 E397.22249
G1 X93.849 Y172.576 E397.23925
G1 X93.809 Y172.267 E397.25376
G1 X93.728 Y172.084 E397.26308
G1 X93.573 Y171.932 E397.27318
G1 X93.413 Y171.851 E397.28154
G1 X93.155 Y171.798 E397.2938
G1 X92.963 Y171.812 E397.30276
G1 X92.647 Y172.005 E397.32001
G1 X92.465 Y172.298 E397.33607
G1 X92.435 Y172.465 E397.34397
G1 X92.475 Y172.768 E397.3582
G1 X92.556 Y172.945 E397.36726
G1 X92.702 Y173.094 E397.37698
G1 X93.051 Y173.234 E397.39449
G1 F1500 E390.89449
G0 F9000 X93.136 Y172.516
G0 X92.835 Y172.9
G0 X92.262 Y174.023
G0 X91.999 Y174.468
G0 X92.048 Y174.734
;TYPE:WALL-INNER
G1 F1500 E397.39449
G1 F1217 X92.23 Y174.612 E397.40706
G1 X92.269 Y174.507 E397.41349
G1 X92.226 Y174.292 E397.42607
G1 X92.139 Y174.225 E397.43237
G1 X91.974 Y174.201 E397.44194
G1 X91.793 Y174.324 E397.4545
G1 X91.76 Y174.428 E397.46076
G1 X91.807 Y174.641 E397.47328
G1 X91.884 Y174.704 E397.47899
G1 X92.048 Y174.734 E397.48856
G0 F9000 X91.996 Y175.183
;TYPE:WALL-OUTER
G1 F1500 X92.177 Y175.174 E397.497
G1 X92.487 Y174.994 E397.51369
G1 X92.604 Y174.863 E397.52187
G1 X92.721 Y174.524 E397.53857
G1 X92.681 Y174.219 E397.55289
G1 X92.6 Y174.035 E397.56225
G1 X92.444 Y173.88 E397.57249
G1 X92.286 Y173.799 E397.58076
G1 X92.031 Y173.75 E397.59285
G1 X91.835 Y173.764 E397.602
G1 X91.521 Y173.954 E397.61909
G1 X91.412 Y174.087 E397.6271
G1 X91.307 Y174.417 E397.64322
G1 X91.35 Y174.715 E397.65724
G1 X91.432 Y174.897 E397.66654
G1 X91.585 Y175.052 E397.67668
G1 X91.735 Y175.129 E397.68453
G1 X91.996 Y175.183 E397.69694
G1 F1500 E391.19694
G0 F9000 X91.999 Y174.468
G0 X91.721 Y174.864
G0 X91.142 Y175.978
G0 X90.873 Y176.419
G0 X90.921 Y176.685
;TYPE:WALL-INNER
G1 F1500 E397.69694
G1 F1214.6 X91.105 Y176.561 E397.7097
G1 X91.144 Y176.459 E397.71598
G1 X91.099 Y176.243 E397.72867
G1 X91.013 Y176.179 E397.73483
G1 X90.849 Y176.153 E397.74438
G1 X90.692 Y176.249 E397.75497
G1 X90.634 Y176.384 E397.76342
G1 X90.679 Y176.589 E397.77549
G1 X90.758 Y176.655 E397.7814
G1 X90.921 Y176.685 E397.79094
G0 F9000 X90.872 Y177.135
;TYPE:WALL-OUTER
G1 F1500 X91.05 Y177.126 E397.79923
G1 X91.363 Y176.947 E397.81602
G1 X91.561 Y176.649 E397.83268
G1 X91.597 Y176.476 E397.84091
G1 X91.557 Y176.172 E397.85519
G1 X91.472 Y175.984 E397.8648
G1 X91.321 Y175.833 E397.87474
G1 X91.158 Y175.752 E397.88322
G1 X90.902 Y175.702 E397.89536
G1 X90.71 Y175.713 E397.90432
G1 X90.397 Y175.906 E397.92144
G1 X90.284 Y176.039 E397.92957
G1 X90.18 Y176.37 E397.94572
G1 X90.222 Y176.663 E397.9595
G1 X90.304 Y176.845 E397.9688
G1 X90.461 Y177.005 E397.97924
G1 X90.608 Y177.081 E397.98694
G1 X90.872 Y177.135 E397.99949
G1 F1500 E391.49949
G0 F9000 X90.873 Y176.419
G0 X90.594 Y176.814
G0 X90.009 Y177.947
G0 X89.747 Y178.37
G0 X89.79 Y178.637
;TYPE:WALL-INNER
G1 F1500 E397.99949
G1 F1214.6 X89.977 Y178.512 E398.01243
G1 X90.016 Y178.409 E398.01876
G1 X89.974 Y178.198 E398.03113
G1 X89.89 Y178.131 E398.03731
G1 X89.721 Y178.105 E398.04714
G1 X89.539 Y178.233 E398.05994
G1 X89.508 Y178.332 E398.0659
G1 X89.547 Y178.534 E398.07774
G1 X89.64 Y178.609 E398.08461
G1 X89.79 Y178.637 E398.09338
G0 F9000 X89.744 Y179.087
;TYPE:WALL-OUTER
G1 F1500 X89.921 Y179.078 E398.10163
G1 X90.235 Y178.895 E398.11856
G1 X90.352 Y178.763 E398.12677
G1 X90.469 Y178.427 E398.14334
G1 X90.429 Y178.119 E398.1578
G1 X90.348 Y177.94 E398.16695
G1 X90.189 Y177.781 E398.17742
G1 X90.035 Y177.704 E398.18544
G1 X89.774 Y177.654 E398.19781
G1 X89.582 Y177.665 E398.20676
G1 X89.27 Y177.858 E398.22385
G1 X89.156 Y177.995 E398.23215
G1 X89.055 Y178.319 E398.24795
G1 X89.095 Y178.62 E398.26209
G1 X89.175 Y178.795 E398.27105
G1 X89.336 Y178.953 E398.28155
G1 X89.486 Y179.033 E398.28947
G1 X89.744 Y179.087 E398.30174
G1 F1500 E391.80174
G0 F9000 X89.747 Y178.37
G0 X89.471 Y178.768
G0 X88.891 Y179.902
G0 X88.62 Y180.321
G0 X88.67 Y180.587
;TYPE:WALL-INNER
G1 F1500 E398.30174
G1 F1224.5 X88.823 Y180.498 E398.31184
G1 X88.89 Y180.36 E398.32059
G1 X88.847 Y180.143 E398.33321
G1 X88.757 Y180.075 E398.33964
G1 X88.595 Y180.052 E398.34898
G1 X88.439 Y180.149 E398.35945
G1 X88.384 Y180.323 E398.36986
G1 X88.426 Y180.492 E398.3798
G1 X88.505 Y180.557 E398.38563
G1 X88.67 Y180.587 E398.3952
G0 F9000 X88.62 Y181.035
;TYPE:WALL-OUTER
G1 F1500 X88.798 Y181.026 E398.4035
G1 X89.11 Y180.847 E398.42025
G1 X89.305 Y180.554 E398.43663
G1 X89.341 Y180.376 E398.44509
G1 X89.301 Y180.071 E398.45941
G1 X89.22 Y179.887 E398.46878
G1 X89.068 Y179.736 E398.47875
G1 X88.905 Y179.651 E398.48731
G1 X88.651 Y179.602 E398.49936
G1 X88.455 Y179.616 E398.50851
G1 X88.144 Y179.806 E398.52548
G1 X88.039 Y179.93 E398.53304
G1 X87.929 Y180.285 E398.55035
G1 X87.971 Y180.564 E398.56349
G1 X88.052 Y180.748 E398.57285
G1 X88.208 Y180.904 E398.58312
G1 X88.356 Y180.981 E398.59089
G1 X88.62 Y181.035 E398.60344
G1 F1500 E392.10344
G0 F9000 X88.62 Y180.321
G0 X88.341 Y180.716
G0 X87.756 Y181.849
G0 X87.494 Y182.272
G0 X87.54 Y182.537
;TYPE:WALL-INNER
G1 F1500 E398.60344
G1 F1217 X87.701 Y182.444 E398.61411
G1 X87.765 Y182.311 E398.62258
G1 X87.725 Y182.103 E398.63473
G1 X87.633 Y182.03 E398.64147
G1 X87.471 Y182.006 E398.65087
G1 X87.314 Y182.1 E398.66137
G1 X87.262 Y182.188 E398.66724
G1 X87.295 Y182.437 E398.68166
G1 X87.382 Y182.509 E398.68814
G1 X87.54 Y182.537 E398.69735
G0 F9000 X87.492 Y182.986
;TYPE:WALL-OUTER
G1 F1500 X87.669 Y182.978 E398.7056
G1 X87.987 Y182.795 E398.72268
G1 X88.181 Y182.506 E398.73889
G1 X88.217 Y182.328 E398.74734
G1 X88.177 Y182.02 E398.76181
G1 X88.097 Y181.844 E398.77081
G1 X87.936 Y181.684 E398.78138
G1 X87.781 Y181.604 E398.7895
G1 X87.524 Y181.554 E398.80169
G1 X87.331 Y181.569 E398.81071
G1 X87.017 Y181.758 E398.82777
G1 X86.833 Y182.053 E398.84396
G1 X86.803 Y182.221 E398.85191
G1 X86.843 Y182.519 E398.86591
G1 X86.923 Y182.696 E398.87495
G1 X87.084 Y182.856 E398.88552
G1 X87.232 Y182.933 E398.89329
G1 X87.492 Y182.986 E398.90565
G1 F1500 E392.40565
G0 F9000 X87.494 Y182.272
G0 X87.215 Y182.667
G0 X86.63 Y183.8
G0 X86.367 Y184.223
G0 X86.416 Y184.49
;TYPE:WALL-INNER
G1 F1500 E398.90565
G1 F1217 X86.566 Y184.402 E398.91563
G1 X86.628 Y184.306 E398.92218
G1 X86.594 Y184.048 E398.93712
G1 X86.507 Y183.981 E398.94342
G1 X86.34 Y183.958 E398.9531
G1 X86.187 Y184.048 E398.96328
G1 X86.127 Y184.183 E398.97176
G1 X86.173 Y184.394 E398.98416
G1 X86.257 Y184.461 E398.99032
G1 X86.416 Y184.49 E398.9996
G0 F9000 X86.364 Y184.939
;TYPE:WALL-OUTER
G1 F1500 X86.545 Y184.93 E399.00804
G1 X86.854 Y184.751 E399.02466
G1 X87.053 Y184.453 E399.04135
G1 X87.089 Y184.28 E399.04958
G1 X87.049 Y183.975 E399.0639
G1 X86.968 Y183.791 E399.07326
G1 X86.812 Y183.636 E399.0835
G1 X86.654 Y183.555 E399.09177
G1 X86.4 Y183.506 E399.10382
G1 X86.202 Y183.521 E399.11306
G1 X85.89 Y183.706 E399.12995
G1 X85.708 Y183.998 E399.14597
G1 X85.675 Y184.173 E399.15427
G1 X85.719 Y184.471 E399.16829
G1 X85.8 Y184.652 E399.17753
G1 X85.953 Y184.805 E399.1876
G1 X86.105 Y184.885 E399.1956
G1 X86.364 Y184.939 E399.20792
G1 F1500 E392.70792
G0 F9000 X86.367 Y184.223
G0 X86.089 Y184.619
G0 X85.51 Y185.733
G0 X85.241 Y186.174
G0 X85.287 Y186.443
;TYPE:WALL-INNER
G1 F1500 E399.20792
G1 F1222 X85.477 Y186.315 E399.22101
G1 X85.514 Y186.215 E399.22711
G1 X85.469 Y185.998 E399.23978
G1 X85.382 Y185.933 E399.24598
G1 X85.214 Y185.907 E399.2557
G1 X85.057 Y186.002 E399.26619
G1 X85.003 Y186.173 E399.27644
G1 X85.046 Y186.346 E399.28663
G1 X85.126 Y186.413 E399.29259
G1 X85.287 Y186.443 E399.30195
G0 F9000 X85.24 Y186.891
;TYPE:WALL-OUTER
G1 F1500 X85.417 Y186.882 E399.3102
G1 X85.731 Y186.699 E399.32713
G1 X85.929 Y186.405 E399.34363
G1 X85.965 Y186.232 E399.35186
G1 X85.925 Y185.928 E399.36614
G1 X85.84 Y185.74 E399.37575
G1 X85.689 Y185.589 E399.38569
G1 X85.526 Y185.508 E399.39416
G1 X85.27 Y185.458 E399.40631
G1 X85.078 Y185.469 E399.41527
G1 X84.765 Y185.658 E399.43229
G1 X84.659 Y185.786 E399.44003
G1 X84.549 Y186.137 E399.45716
G1 X84.59 Y186.419 E399.47043
G1 X84.672 Y186.601 E399.47972
G1 X84.829 Y186.761 E399.49016
G1 X84.976 Y186.837 E399.49787
G1 X85.24 Y186.891 E399.51041
G1 F1500 E393.01041
G0 F9000 X85.241 Y186.174
G0 X84.997 Y186.587
G0 X84.236 Y187.928
G0 X83.945 Y188.592
;TYPE:WALL-INNER
G1 F1500 E399.51041
G1 F892.9 X83.903 Y188.519 E399.517
G1 X83.819 Y188.519 E399.52357
G1 X83.777 Y188.592 E399.53016
G1 X83.819 Y188.665 E399.53675
G1 X83.903 Y188.665 E399.54332
G1 X83.945 Y188.592 E399.54991
G0 F9000 X83.5 Y189.191
G1 F1500 X83.806 Y189.161 E399.56423
G1 X84.238 Y189.04 E399.58512
G1 X84.662 Y188.98 E399.60505
G1 X84.54 Y188.779 E399.616
G1 X84.427 Y188.5 E399.63002
G1 X84.229 Y188.119 E399.65001
G1 X84.105 Y188.05 E399.65662
G1 X83.122 Y188.088 E399.70243
G1 X83.285 Y188.487 E399.7225
G1 X83.348 Y188.768 E399.73591
G1 X83.5 Y189.191 E399.75684
G0 F9000 X83.405 Y189.608
;TYPE:WALL-OUTER
G1 F1500 X83.759 Y189.56 E399.77347
G1 X83.85 Y189.563 E399.77771
G1 X84.109 Y189.496 E399.79017
G1 X84.265 Y189.442 E399.79786
G1 X84.705 Y189.383 E399.81853
G1 X85.278 Y189.233 E399.84611
G1 X85.158 Y189.069 E399.85557
G1 X84.99 Y188.744 E399.87261
G1 X84.91 Y188.628 E399.87917
G1 X84.79 Y188.332 E399.89404
G1 X84.625 Y188.014 E399.91072
G1 X84.463 Y187.793 E399.92348
G1 X84.195 Y187.641 E399.93783
G1 X82.604 Y187.71 E400.01198
G1 X82.754 Y188.254 E400.03826
G1 X82.917 Y188.642 E400.05785
G1 X82.959 Y188.872 E400.06874
G1 X83.083 Y189.196 E400.08489
G1 X83.216 Y189.508 E400.10069
G1 X83.405 Y189.608 E400.11064
G0 F9000 X83.819 Y188.53
G1 F1500 E393.61064
G0 F9000 X83.445 Y189.374
G0 X82.322 Y191.376
G0 X82.256 Y192.723
;TYPE:WALL-INNER
G1 F1500 E400.11064
G1 F1260.5 X82.065 Y192.201 E400.14144
G1 X81.928 Y191.933 E400.15812
G1 X81.639 Y191.955 E400.17418
G1 X81.095 Y192.057 E400.20485
G1 X82.256 Y192.723 E400.27902
G0 F9000 X82.271 Y193.24
G1 F1500 X82.941 Y193.139 E400.31057
G1 X82.652 Y192.531 E400.34191
G1 X82.468 Y192.027 E400.3669
G1 X82.201 Y191.508 E400.39407
G1 X82.136 Y191.479 E400.39739
G1 X81.583 Y191.52 E400.42321
G1 X81.143 Y191.603 E400.44406
G1 X80.379 Y191.662 E400.47974
G1 X80.63 Y192.293 E400.51136
G1 X82.271 Y193.24 E400.59958
G0 F9000 X82.192 Y193.656
;TYPE:WALL-OUTER
G1 F1500 X83.598 Y193.444 E400.66579
G1 X83.349 Y193.072 E400.68664
G1 X83.273 Y192.894 E400.69565
G1 X83.003 Y192.336 E400.72451
G1 X82.836 Y191.868 E400.74765
G1 X82.648 Y191.487 E400.76744
G1 X82.485 Y191.199 E400.78285
G1 X82.245 Y191.089 E400.79514
G1 X81.937 Y191.092 E400.80948
G1 X81.531 Y191.123 E400.82844
G1 X81.046 Y191.212 E400.8514
G1 X80.421 Y191.254 E400.88057
G1 X80.219 Y191.276 E400.89003
G1 X79.785 Y191.24 E400.91031
G1 X80.309 Y192.569 E400.97683
G1 X82.192 Y193.656 E401.07807
G0 F9000 X82.091 Y192.774
G1 F1500 E394.57807
;MESH:NONMESH
G0 F300 X82.091 Y192.774 Z1.68
G0 F9000 X82.322 Y191.376
G0 X82.784 Y190.385
G0 X83.249 Y190.505
G0 X84.363 Y190.326
G0 X86.654 Y189.753
G0 X98.721 Y166.137
G0 X97.327 Y165.332
G0 X101.953 Y157.254
;TIME_ELAPSED:595.261353
;LAYER:5
;note -- min layer time used
;TYPE:WALL-INNER
;MESH:Sunraiser_3_v0.stl
G1 F1500 E401.07807
G1 F891.6 X102.205 Y157.011 E401.09604
G1 X102.52 Y156.776 E401.11622
G1 X102.475 Y156.348 E401.13831
G1 X102.084 Y156.525 E401.16035
G1 X102.04 Y156.916 E401.18055
G1 X101.953 Y157.254 E401.19846
G0 F9000 X99.795 Y160.993
G1 F695.9 X100.105 Y160.871 E401.22037
G1 X100.373 Y160.806 E401.23851
G1 X100.297 Y160.544 E401.25645
G1 X100.235 Y160.232 E401.27738
G1 X99.67 Y160.412 E401.31638
G1 X99.744 Y160.663 E401.33359
G1 X99.795 Y160.993 E401.35555
G0 F9000 X99.333 Y161.794
G1 F983 X99.615 Y161.598 E401.37154
G1 X100.261 Y161.315 E401.40438
G1 X101.03 Y161.189 E401.44067
G1 X100.849 Y160.714 E401.46434
G1 X100.769 Y160.444 E401.47745
G1 X100.679 Y159.968 E401.50001
G1 X100.665 Y159.486 E401.52246
G1 X100.246 Y159.722 E401.54485
G1 X99.656 Y159.912 E401.57372
G1 X99.006 Y160.022 E401.60441
G1 X99.241 Y160.639 E401.63516
G1 X99.306 Y160.958 E401.65032
G1 X99.361 Y161.449 E401.67332
G1 X99.333 Y161.794 E401.68944
G0 F9000 X98.97 Y162.702
G1 F983 X99.232 Y162.38 E401.70877
G1 X99.755 Y161.969 E401.73974
G1 X100.413 Y161.694 E401.77295
G1 X101.071 Y161.589 E401.80398
G1 X101.756 Y161.649 E401.83599
G1 X101.386 Y161.003 E401.87066
G1 X101.186 Y160.459 E401.89765
G1 X101.077 Y159.922 E401.92316
G1 X101.064 Y159.416 E401.94673
G1 F968.5 X101.15 Y158.64 E401.98363
G1 X100.527 Y159.106 E402.0204
G1 F983 X100.08 Y159.348 E402.04407
G1 X99.56 Y159.524 E402.06963
G1 X98.984 Y159.62 E402.09683
G1 X98.245 Y159.62 E402.13124
G1 X98.639 Y160.181 E402.16316
G1 X98.89 Y160.836 E402.19582
G1 X98.969 Y161.53 E402.22834
G1 X98.872 Y162.176 E402.25876
G1 X98.727 Y162.558 E402.27779
G1 X98.834 Y162.664 E402.2848
G1 X98.97 Y162.702 E402.29138
G0 F9000 X99.104 Y163.194
G1 F983 X99.475 Y162.697 E402.32026
G1 X99.932 Y162.34 E402.34726
G1 X100.494 Y162.085 E402.376
G1 X101.095 Y161.99 E402.40433
G1 X101.731 Y162.056 E402.4341
G1 X102.173 Y162.221 E402.45607
G1 X102.395 Y162.34 E402.4678
G1 X102.603 Y162.488 E402.47969
G1 X102.76 Y162.217 E402.49427
G1 X102.422 Y161.853 E402.5174
G1 X102.035 Y161.331 E402.54766
G1 X101.752 Y160.835 E402.57425
G1 X101.565 Y160.344 E402.59871
G1 X101.474 Y159.876 E402.62091
G1 F968.5 X101.462 Y159.323 E402.64706
G1 F942.9 X101.563 Y158.743 E402.67563
G1 F792.8 X101.573 Y158.481 E402.69077
G1 F699.7 X101.9 Y157.862 E402.73657
G1 F822.6 X102.457 Y157.347 E402.77879
G1 F983 X103.02 Y156.93 E402.81141
G1 X102.932 Y156.682 E402.82366
G1 X102.832 Y155.727 E402.86837
G1 X101.959 Y156.121 E402.91297
G1 X101.699 Y156.17 E402.92529
G1 X101.623 Y156.867 E402.95794
G1 X101.561 Y157.11 E402.96962
G1 F833.1 X101.462 Y157.571 E402.99553
G1 F730.9 X101.337 Y157.794 E403.01154
G1 F714.9 X101.082 Y158.198 E403.04212
G1 F792.8 X100.859 Y158.337 E403.0573
G1 F942.9 X100.404 Y158.718 E403.0861
G1 F968.5 X99.92 Y158.981 E403.11214
G1 F983 X99.464 Y159.135 E403.13455
G1 X98.945 Y159.22 E403.15904
G1 X98.387 Y159.22 E403.18502
G1 X97.85 Y159.168 E403.21014
G1 X97.254 Y159.035 E403.23858
G1 X97.096 Y159.306 E403.25319
G1 X97.323 Y159.41 E403.26481
G1 X97.537 Y159.541 E403.2765
G1 X97.908 Y159.847 E403.29889
G1 X98.28 Y160.365 E403.32858
G1 X98.5 Y160.935 E403.35703
G1 X98.561 Y161.56 E403.38628
G1 X98.463 Y162.157 E403.41445
G1 X98.236 Y162.688 E403.44134
G1 X98.514 Y162.899 E403.45759
G1 X98.616 Y163.04 E403.46569
G1 X98.788 Y163.059 E403.47375
G1 X99.104 Y163.194 E403.48975
G0 F9000 X99.301 Y163.768
G1 F983 X99.453 Y163.394 E403.50855
G1 X99.766 Y162.976 E403.53286
G1 X100.169 Y162.67 E403.55643
G1 X100.611 Y162.475 E403.57892
G1 X101.111 Y162.392 E403.60252
G1 X101.634 Y162.446 E403.627
G1 X102.1 Y162.621 E403.65018
G1 X102.451 Y162.87 E403.67022
G1 X102.694 Y163.13 E403.68679
G1 X103.265 Y162.141 E403.73997
G1 X103.029 Y161.922 E403.75496
G1 X102.717 Y161.582 E403.77645
G1 X102.366 Y161.106 E403.80399
G1 X102.138 Y160.706 E403.82543
G1 X101.955 Y160.238 E403.84883
G1 X101.871 Y159.83 E403.86822
G1 X101.863 Y159.342 E403.89095
G1 X101.982 Y158.748 E403.91916
G1 X102.249 Y158.188 E403.94805
G1 X102.635 Y157.713 E403.97655
G1 X103.119 Y157.354 E404.00461
G1 X103.533 Y157.172 E404.02566
G1 X103.326 Y156.6 E404.05399
G1 X103.19 Y155.31 E404.11439
G1 X103.207 Y155.08 E404.12513
G1 X103.015 Y155.208 E404.13587
G1 X101.836 Y155.738 E404.19606
G1 X101.234 Y155.846 E404.22454
G1 X101.288 Y156.26 E404.24398
G1 X101.216 Y156.895 E404.27374
G1 X100.994 Y157.471 E404.30249
G1 X100.647 Y157.976 E404.33102
G1 X100.183 Y158.383 E404.35976
G1 X99.76 Y158.615 E404.38222
G1 X99.411 Y158.735 E404.39941
G1 X98.915 Y158.82 E404.42284
G1 X98.344 Y158.817 E404.44943
G1 X97.892 Y158.77 E404.47059
G1 X97.331 Y158.642 E404.49738
G1 X97.066 Y158.561 E404.51029
G1 X96.493 Y159.549 E404.56347
G1 X96.841 Y159.629 E404.58009
G1 X97.232 Y159.808 E404.60012
G1 X97.617 Y160.125 E404.62334
G1 X97.922 Y160.55 E404.6477
G1 X98.106 Y161.022 E404.67129
G1 X98.159 Y161.537 E404.6954
G1 X98.083 Y162.012 E404.71779
G1 X97.888 Y162.486 E404.74166
G1 X97.64 Y162.807 E404.76055
G1 X98.122 Y163.088 E404.78653
G1 X98.31 Y163.293 E404.79948
G1 X98.307 Y163.573 E404.81252
G1 X98.547 Y163.432 E404.82548
G1 X98.814 Y163.49 E404.8382
G1 X99.301 Y163.768 E404.86431
G1 F1500 E398.36431
G0 F9000 X99.168 Y163.372
G0 X98.397 Y163.433
G0 X97.339 Y165.281
G0 X97.39 Y165.604
;TYPE:WALL-OUTER
G1 F1500 E404.86431
G1 F881.6 X98.363 Y163.92 E404.96529
G1 F929.6 X98.584 Y163.818 E404.97728
G1 F983 X99.613 Y164.408 E405.03251
G1 X99.619 Y164.167 E405.04373
G1 X99.684 Y163.877 E405.05757
G1 X99.815 Y163.575 E405.0729
G1 X100.053 Y163.263 E405.09117
G1 X100.369 Y163.014 E405.10991
G1 X100.745 Y162.853 E405.12895
G1 X101.142 Y162.796 E405.14763
G1 X101.526 Y162.835 E405.1656
G1 X101.932 Y162.992 E405.18587
G1 X102.22 Y163.196 E405.2023
G1 X102.478 Y163.495 E405.22069
G1 X102.695 Y163.931 E405.24337
G1 X103.783 Y162.044 E405.3448
G1 X103.572 Y161.88 E405.35724
G1 X103.324 Y161.652 E405.37293
G1 X103.012 Y161.312 E405.39441
G1 X102.714 Y160.908 E405.41779
G1 X102.486 Y160.508 E405.43923
G1 X102.339 Y160.128 E405.4582
G1 X102.269 Y159.784 E405.47455
G1 X102.267 Y159.36 E405.49429
G1 X102.375 Y158.854 E405.51838
G1 X102.579 Y158.425 E405.5405
G1 X102.897 Y158.025 E405.5643
G1 X103.33 Y157.694 E405.58968
G1 X103.786 Y157.499 E405.61277
G1 X104.06 Y157.451 E405.62572
G1 X103.722 Y156.525 E405.67162
G1 X103.588 Y155.274 E405.73021
G1 X103.752 Y154.137 E405.7837
G1 X102.851 Y154.843 E405.837
G1 X101.683 Y155.362 E405.89651
G1 X100.727 Y155.527 E405.94169
G1 X100.823 Y155.786 E405.95455
G1 X100.884 Y156.283 E405.97787
G1 X100.827 Y156.773 E406.00084
G1 X100.625 Y157.302 E406.0272
G1 X100.357 Y157.691 E406.0492
G1 X99.934 Y158.063 E406.07543
G1 X99.6 Y158.248 E406.09321
G1 X99.287 Y158.355 E406.10861
G1 X98.895 Y158.418 E406.1271
G1 X98.386 Y158.419 E406.1508
G1 X97.934 Y158.372 E406.17196
G1 X97.449 Y158.26 E406.19514
G1 X97.149 Y158.168 E406.20975
G1 X96.891 Y158.066 E406.22267
G1 X95.797 Y159.949 E406.32407
G1 X96.283 Y159.918 E406.34675
G1 X96.675 Y159.993 E406.36533
G1 X97.036 Y160.165 E406.38395
G1 X97.336 Y160.417 E406.4022
G1 X97.56 Y160.728 E406.42004
G1 X97.712 Y161.112 E406.43927
G1 X97.756 Y161.506 E406.45773
G1 X97.697 Y161.906 E406.47656
G1 X97.547 Y162.267 E406.49476
G1 X97.328 Y162.56 E406.5118
G1 X97.105 Y162.757 E406.52565
G1 X96.931 Y162.858 E406.53502
G1 X97.897 Y163.418 E406.58701
G1 X97.96 Y163.487 E406.59136
G1 F929.6 X97.977 Y163.697 E406.60174
G1 F881.6 X97.004 Y165.382 E406.70276
G1 F883.6 X97.39 Y165.604 E406.72583
G1 F1500 E400.22583
G0 F9000 X97.339 Y165.281
G0 X96.771 Y166.275
G0 X84.642 Y187.374
G0 X84.359 Y188.811
;TYPE:WALL-INNER
G1 F1500 E406.72583
G1 F1126.7 X84.134 Y188.537 E406.74023
G1 X83.935 Y188.393 E406.75021
G1 X83.691 Y188.316 E406.76061
G1 X83.417 Y188.273 E406.77187
G1 X83.617 Y188.564 E406.78622
G1 X83.78 Y188.714 E406.79522
G1 X84.007 Y188.789 E406.80493
G1 X84.359 Y188.811 E406.81926
G0 F9000 X84.414 Y189.195
;TYPE:WALL-OUTER
G1 F983 X85.044 Y189.114 E406.84884
G1 X84.649 Y188.569 E406.88018
G1 X84.391 Y188.261 E406.89889
G1 X84.105 Y188.054 E406.91533
G1 X83.762 Y187.946 E406.93207
G1 X83.654 Y187.937 E406.93712
G1 X83.367 Y187.883 E406.95072
G1 X82.813 Y187.828 E406.97664
G1 X83.061 Y188.411 E407.00614
G1 X83.333 Y188.811 E407.02867
G1 X83.588 Y189.043 E407.04472
G1 X83.932 Y189.158 E407.06161
G1 X84.414 Y189.195 E407.08412
G1 F1500 E400.58412
G0 F9000 X84.412 Y188.888
G0 X83.704 Y188.84
G0 X82.972 Y189.652
G0 X82.57 Y190.783
G0 X82.026 Y191.71
G0 X81.774 Y192.33
;TYPE:WALL-INNER
G1 F1500 E407.08412
G1 F651 X81.736 Y192.265 E407.08941
G1 X81.661 Y192.265 E407.09469
G1 X81.624 Y192.33 E407.09994
G1 X81.662 Y192.395 E407.10524
G1 X81.737 Y192.395 E407.11051
G1 X81.774 Y192.33 E407.11577
G0 F9000 X82.308 Y192.794
G0 X82.74 Y193.032
G1 F983 X82.619 Y192.801 E407.12791
G1 X82.166 Y192.085 E407.16737
G1 X81.957 Y191.881 E407.18096
G1 X81.688 Y191.806 E407.19397
G1 X80.831 Y191.773 E407.2339
G1 X80.566 Y191.784 E407.24625
G1 X80.939 Y192.468 E407.28253
G1 X81.957 Y193.06 E407.33737
G1 X82.74 Y193.032 E407.37385
G0 F9000 X82.711 Y193.44
;TYPE:WALL-OUTER
G1 F983 X83.437 Y193.336 E407.408
G1 X83.138 Y192.932 E407.4314
G1 X82.97 Y192.608 E407.4484
G1 X82.479 Y191.831 E407.4912
G1 X82.164 Y191.525 E407.51165
G1 X81.752 Y191.408 E407.53159
G1 X80.815 Y191.373 E407.57525
G1 X80.42 Y191.386 E407.59365
G1 X79.965 Y191.331 E407.61499
G1 X80.234 Y192.011 E407.64904
G1 X80.641 Y192.759 E407.6887
G1 X81.854 Y193.462 E407.75398
G1 X82.711 Y193.44 E407.7939
G0 F9000 X82.151 Y192.469
G1 F1500 E401.2939
;MESH:NONMESH
G0 F300 X82.151 Y192.469 Z1.96
G0 F9000 X82.074 Y192.517
G0 X82.086 Y191.767
G0 X82.639 Y190.824
G0 X83.357 Y189.877
G0 X84.717 Y188.918
;TIME_ELAPSED:608.984112
;LAYER:6
;note -- min layer time used
;TYPE:WALL-OUTER
;MESH:Sunraiser_3_v0.stl
G1 F1500 E407.7939
G1 F570.1 X84.186 Y188.876 E407.82
G1 F563.4 X83.789 Y188.722 E407.84112
G1 F556.8 X83.453 Y188.449 E407.86284
G1 X83.173 Y188.039 E407.88775
G1 X83.776 Y188.221 E407.91935
G1 F563.4 X84.162 Y188.425 E407.941
G1 F570.1 X84.717 Y188.918 E407.97739
G1 F1500 E401.47739
G0 F9000 X84.005 Y188.575
G0 X83.201 Y189.378
G0 X82.345 Y191.061
G0 X81.894 Y192.058
G0 X81.881 Y192.55
G0 X82.394 Y192.845
;TYPE:WALL-INNER
G1 F1500 E407.97739
G1 F516.1 X82.259 Y192.661 E407.98974
G1 X82.062 Y192.441 E408.00572
G1 X81.783 Y192.231 E408.02463
G1 X81.444 Y192.076 E408.0448
G1 X81.136 Y192.01 E408.06186
G1 X80.913 Y191.989 E408.07398
G1 X81.264 Y192.424 E408.10424
G1 X81.531 Y192.628 E408.12243
G1 X81.839 Y192.755 E408.14046
G1 X82.394 Y192.845 E408.17089
G0 F9000 X83.245 Y193.237
;TYPE:WALL-OUTER
G1 F600 X82.901 Y192.813 E408.19632
G1 X82.599 Y192.394 E408.22037
G1 X82.356 Y192.121 E408.23739
G1 X82.005 Y191.857 E408.25784
G1 X81.58 Y191.664 E408.27957
G1 X81.201 Y191.583 E408.29762
G1 X80.683 Y191.534 E408.32185
G1 X80.142 Y191.446 E408.34737
G1 X80.611 Y192.303 E408.39286
G1 X80.961 Y192.735 E408.41875
G1 X81.313 Y193.005 E408.43941
G1 X81.72 Y193.174 E408.45993
G1 X82.274 Y193.263 E408.48605
G1 X83.245 Y193.237 E408.53128
;MESH:NONMESH
G0 F300 X83.245 Y193.237 Z2.24
G0 F9000 X82.726 Y193
G0 X81.497 Y192.317
G0 X81.485 Y192.301
;TIME_ELAPSED:612.027628
;LAYER:7
;note -- min layer time used
;TYPE:WALL-INNER
;MESH:Sunraiser_3_v0.stl
G1 F634.9 X81.84 Y192.505 E408.5493
G0 F9000 X82.358 Y192.789
G0 X82.959 Y193.057
;TYPE:WALL-OUTER
G1 F600 X82.496 Y192.584 E408.58012
G1 X82.072 Y192.19 E408.60707
G1 X81.64 Y191.942 E408.63027
G1 X81.089 Y191.776 E408.65706
G1 X80.45 Y191.615 E408.68775
G1 X80.631 Y191.944 E408.70523
G1 X81.041 Y192.451 E408.73559
G1 X81.453 Y192.765 E408.75971
G1 X81.924 Y192.962 E408.78349
G1 X82.574 Y193.068 E408.81415
G1 X82.959 Y193.057 E408.83209
;MESH:NONMESH
G0 F300 X82.959 Y193.057 Z2.52
G0 F9000 X82.358 Y192.789
G0 X81.956 Y192.525
;TIME_ELAPSED:612.944199
;LAYER:8
;note -- min layer time used
;TYPE:WALL-OUTER
;MESH:Sunraiser_3_v0.stl
G1 F343.3 X81.673 Y192.386 E408.85774
G1 X81.433 Y192.226 E408.88122
;TIME_ELAPSED:613.055417
G1 F1500 E402.38122
M140 S0
M107
G91 ;Relative positioning
G1 E-2 F2700 ;Retract a bit
G1 E-2 Z0.2 F2400 ;Retract and raise Z
G1 X5 Y5 F3000 ;Wipe out
G1 Z10 ;Raise Z more
G90 ;Absolute positioning

G1 X0 Y220 ;Present print
M106 S0 ;Turn-off fan
M104 S0 ;Turn-off hotend
M140 S0 ;Turn-off bed

M84 X Y E ;Disable all steppers but Z

M82 ;absolute extrusion mode
M104 S0
;End of Gcode
;SETTING_3 {"global_quality": "[general]\\nversion = 4\\nname = Low Quality #3\\
;SETTING_3 ndefinition = creality_ender3pro\\n\\n[metadata]\\ntype = quality_cha
;SETTING_3 nges\\nquality_type = low\\nsetting_version = 24\\n\\n[values]\\nsupp
;SETTING_3 ort_enable = True\\n\\n", "extruder_quality": ["[general]\\nversion =
;SETTING_3  4\\nname = Low Quality #3\\ndefinition = creality_ender3pro\\n\\n[me
;SETTING_3 tadata]\\ntype = quality_changes\\nquality_type = low\\nsetting_versi
;SETTING_3 on = 24\\nposition = 0\\n\\n[values]\\ninfill_pattern = gyroid\\ninfi
;SETTING_3 ll_sparse_density = 40\\nsupport_type = buildplate\\nwall_line_count 
;SETTING_3 = 8\\n\\n"]}
