:100000000C9402170C943B170C943B170C943B1761
:100010000C943B170C943B170C943B170C943B1718
:100020000C943B170C943B170C943B170C943B1708
:100030000C943B170C947D820C943B170C943B174B
:100040000C943B170C94057D0C946ED40C943B17C8
:100050000C945F540C9455540C943B170C943B1720
:100060000C943B170C943B170C943B170C943B17C8
:100070000C943B170C943B170C943B170C943B17B8
:100080000C9403440C943B170C943B174E414E497F
:100090004E495459494E46CDCCCC3D0AD7233C1746
:1000A000B7D13877CC2B329595E6241FB14F0A0093
:1000B0000020410000C84200401C4620BCBE4CCA83
:1000C0001B0E5AAEC59D7400407A10F35A00A07200
:1000D0004E18090010A5D4E80000E8764817000083
:1000E000E40B54020000CA9A3B000000E1F5050051
:1000F0000080969800000040420F000000A086019A
:10010000000000102700000000E803000000006469
:1001100000000000000A00000000000100000000D4
:10012000002C76D888DC674F0823DFC1DFAE59E1A9
:10013000B1B796E5E3E453C63AE651997696E8E618
:10014000C28426EB898C9B62ED407C6FFCEFBC9CEB
:100150009F40F2BAA56FA5F490055A2AF75C936BFD
:100160006CF9676DC11BFCE0E40D47FEF520E6B5B8
:1001700000D0ED902E0300943577050080841E0892
:100180000000204E0A000000C80C333333330F98B0
:100190006E12831141EF8D2114893BE65516CFFE77
:1001A000E6DB18D1844B381BF77C1D901DA4BBE403
:1001B00024203284725E228100C9F124ECA1E53D45
:1001C00027434F4D4D554E49434154494F4E0044EE
:1001D000525952554E004552524F525300494E46C5
:1001E0004F004543484F0053544F505045442E2034
:1001F000005072696E7465722073746F70706564FC
:100200002064756520746F206572726F72732E2082
:1002100046697820746865206572726F7220616E1D
:100220006420757365204D39393920746F207265EB
:1002300073746172742E202854656D7065726174D8
:100240007572652069732072657365742E2053651D
:1002500074206974206166746572207265737461BC
:100260007274696E67290A004E6F20436865636B7C
:1002700073756D2077697468206C696E65206E7582
:100280006D6265722C204C617374204C696E653A06
:1002900020004E6F20436865636B73756D2077692E
:1002A0007468206C696E65206E756D6265722C20B5
:1002B0004C617374204C696E653A20006368656315
:1002C0006B73756D206D69736D617463682C204C60
:1002D000617374204C696E653A20004C696E65202C
:1002E0004E756D626572206973206E6F74204C616B
:1002F0007374204C696E65204E756D6265722B318A
:100300002C204C617374204C696E653A20004D318D
:1003100031300053657269616C2073746174757358
:10032000206D69736D617463680A005344207265BF
:100330006164206572726F720A002121204B494C62
:100340004C2063617573656420627920746F6F203F
:100350006D75636820696E61637469766520746980
:100360006D65202D2063757272656E7420636F6DEC
:100370006D616E643A2000627573793A2070617520
:1003800073656420666F7220696E7075740A00620E
:100390007573793A2070617573656420666F722099
:1003A000757365720A00627573793A2070726F63B3
:1003B000657373696E670A004D6564696120496EF3
:1003C00073657274656400506C6561736520526575
:1003D000736574005052494E5445522048414C5464
:1003E00045440025533A202553004B494C4C454485
:1003F0002E20005072696E7465722068616C74659D
:10040000642E206B696C6C28292063616C6C6564B8
:10041000210A0053544F505045442E200050726919
:100420006E7465722073746F707065642064756596
:1004300020746F206572726F72732E204669782067
:10044000746865206572726F7220616E64207573C6
:1004500065204D39393920746F207265737461726B
:10046000742E202854656D706572617475726520F4
:1004700069732072657365742E20536574206974E6
:100480002061667465722072657374617274696E3E
:1004900067290A006563686F3A004572726F723AA5
:1004A000004F4646004F4E0042696C696E656172AE
:1004B000204C6576656C696E6720477269643A0AFC
:1004C0000021212053544F502063616C6C656420DF
:1004D00062656361757365206F6620424C546F7569
:1004E0006368206572726F72202D2072657374616B
:1004F00072742077697468204D3939390A002121D6
:100500002053544F502063616C6C656420626563B6
:1005100061757365206F6620424C546F7563682067
:100520006572726F72202D2072657374617274200F
:1005300077697468204D3939390A004F46460A00F8
:100540004661646520486569676874200042656497
:10055000204C6576656C696E6720004661696C6544
:100560006420746F20656E61626C65204265642052
:100570004C6576656C696E670A00496E76616C69D8
:1005800064206D6573682E0A0050726F62696E6731
:1005900020506F696E740025532025692F2569004E
:1005A0002E0A002F0050726F62696E67206D6573AE
:1005B0006820706F696E742000202844525952558B
:1005C0004E2900473239204175746F2042656420FE
:1005D0004C6576656C696E67003F20284C2C522C68
:1005E000462C4229206F7574206F6620626F756EED
:1005F00064732E0A003F2856296572626F73652066
:100600006C6576656C20696D706C61757369626C80
:10061000652028302D34292E0A00426164205A209A
:1006200076616C75650A004E6F2062696C696E6553
:10063000617220677269640A0020440020204D32F4
:100640003030205300202844697361626C6564294E
:100650003A0046696C616D656E74207365747469E7
:100660006E67730020204D3230312058004D617884
:1006700020416363656C65726174696F6E202875D3
:100680006E6974732F7332290020204D323033206D
:1006900058004D61782066656564726174657320E9
:1006A00028756E6974732F73290020520020204D25
:1006B000323034205000416363656C657261746947
:1006C0006F6E2028756E6974732F7332292028503D
:1006D0003C7072696E742D616363656C3E20523CA0
:1006E000726574726163742D616363656C3E20543E
:1006F0003C74726176656C2D616363656C3E2900A4
:10070000204A0020540020530020204D3230352054
:100710004200416476616E6365642028423C6D69E5
:100720006E5F7365676D656E745F74696D655F7527
:10073000733E20533C6D696E5F66656564726174DB
:10074000653E20543C6D696E5F74726176656C5FC6
:1007500066656564726174653E204A3C6A756E63C5
:100760005F6465763E290020440020490020204D2A
:10077000333031205000486F74656E642050494416
:10078000002E0A00206E6F742064697361626C65CC
:10079000642E205368617265642077697468002054
:1007A000496E76616C6964206578747275646572EF
:1007B0002000536C6565702E2E2E005A2050726FEB
:1007C00062652050617374204265640A005A2050AB
:1007D000726F626520506173742042656400205A14
:1007E0003A200020593A200042656420583A2000FF
:1007F0004D65736820706F696E74206F7574206F1B
:10080000662072616E67650A00436C69636B2074D1
:100810006F20526573756D652E2E2E00616C736F9F
:1008200020656E61626C6564290A004E6F204D6F11
:1008300076652E00456E642066696C65206C697370
:10084000740A00426567696E2066696C65206C6990
:1008500073740A004E6F206D656469610A00286E2A
:100860006F2066696C65290043757272656E74202D
:1008700066696C653A20005344207072696E746931
:100880006E67206279746520004E6F742053442097
:100890007072696E74696E670A002E0A0044656C96
:1008A0006574696F6E206661696C65642028726585
:1008B00061642D6F6E6C79292C2046696C653A2035
:1008C000002569730025696D202569730025696815
:1008D0002025696D202569730025696420256968D4
:1008E0002025696D202569730025697920256964B3
:1008F000202569682025696D20256973005072697B
:100900006E742074696D653A20006F6B006F6666C7
:1009100000E201DD01D601CF01C101444542554746
:100920003A004D3131322053687574646F776E0030
:100930004D313133205300456E6465722D33204FA5
:1009400046462E00434F4E4649475F4558504F524A
:1009500054004D4541545041434B00434F4F4C458B
:10096000525F54454D5045524154555245004348FD
:10097000414D4245525F54454D50455241545552A8
:100980004500424142595354455050494E47004159
:10099000524353004D4F54494F4E5F4D4F444553C2
:1009A00000544845524D414C5F50524F54454354BA
:1009B000494F4E00455854454E4445445F4D3230F2
:1009C000004C4F4E475F46494C454E414D45004116
:1009D00055544F5245504F52545F53445F53544106
:1009E0005455530053445F575249544500524550A3
:1009F000454154005344434152440050524F4D50DE
:100A0000545F535550504F525400484F53545F4118
:100A10004354494F4E5F434F4D4D414E4453004563
:100A20004D455247454E43595F5041525345520040
:100A3000434153455F4C494748545F4252494748F8
:100A4000544E45535300544F47474C455F4C49471C
:100A500048545300534F4654574152455F504F57E7
:100A60004552004255494C445F50455243454E540F
:100A7000004C4556454C494E475F44415441005A4D
:100A80005F50524F42450052554E4F55540041550C
:100A9000544F4C4556454C005052494E545F4A4FB6
:100AA000420050524F4752455353004155544F5204
:100AB00045504F52545F54454D50004155544F528C
:100AC00045504F52545F504F5300564F4C554D4573
:100AD0005452494300454550524F4D0042494E4102
:100AE00052595F46494C455F5452414E5346455218
:100AF0000053455249414C5F584F4E5F584F464650
:100B0000004649524D574152455F4E414D453A4D81
:100B100061726C696E20322E302E392E3320284DB2
:100B2000617920313220323032322031373A313659
:100B30003A35372920534F555243455F434F44457B
:100B40005F55524C3A6769746875622E636F6D2FFA
:100B50004D61726C696E4669726D776172652F4D79
:100B600061726C696E2050524F544F434F4C5F5628
:100B7000455253494F4E3A312E30204D414348495A
:100B80004E455F545950453A456E6465722D332089
:100B900045585452554445525F434F554E543A318F
:100BA00020555549443A63656465326132662D3497
:100BB0003161322D343734382D396231322D63357D
:100BC000356336326633363766660A002F2F004D9E
:100BD00031343520533C696E6465783E206F7574FE
:100BE000206F662072616E67652028302D31290ADA
:100BF000003F4A206F7574206F662072616E6765D2
:100C00002028302E303120746F20302E33290A00F6
:100C10002058003B200020204D61783A2000200021
:100C200020204D696E3A2000203B200020204D32CC
:100C3000313120530046523A0020466C6F773A20FB
:100C4000003A200020536572766F2000206F757483
:100C5000206F662072616E67650A00536572766F59
:100C6000200064697300656E0043290A0061626CAC
:100C7000656420286D696E2074656D702000436F77
:100C80006C64206578747275646573206172652088
:100C9000004D34323120696E636F72726563742067
:100CA000706172616D657465722075736167650A44
:100CB000004D65736820706F696E74206F757420C5
:100CC0006F662072616E67650A004F6666736574B1
:100CD00073204170706C696564004572723A2054EB
:100CE0006F6F206661722100546F6F206661722001
:100CF00066726F6D207265666572656E63652070E1
:100D00006F696E740A00454550524F4D204F4B0A93
:100D100000290A0020746F20003F5A206F7574204C
:100D20006F662072616E6765202800290A002074B2
:100D30006F20003F59206F7574206F662072616EBE
:100D4000676520282D00290A0020746F20003F5875
:100D5000206F7574206F662072616E676520282D84
:100D6000004D383400446F6E65207072696E74698E
:100D70006E672066696C650A004D3737004D333168
:100D800000496E76616C696420657874727564657B
:100D9000720A0020204D323036205800486F6D65B1
:100DA000206F6666736574004361703A00203B00F3
:100DB00020204D3835312058005A2D50726F626511
:100DC000204F66667365740020573A00436F6F6C5E
:100DD000696E672E2E2E0048656174696E672E2E2F
:100DE0002E0045312025530020573A0042656420EB
:100DF000436F6F6C696E672E2E2E0042656420482B
:100E0000656174696E672E2E2E0023646566696EB7
:100E1000652044454641554C545F004B6420004BCF
:100E20006920004B702000504944204175746F7454
:100E3000756E652066696E697368656421205075FA
:100E40007420746865206C617374204B702C204B87
:100E50006920616E64204B6420636F6E7374616EF1
:100E600074732066726F6D2062656C6F7720696E97
:100E7000746F20436F6E66696775726174696F6E17
:100E80002E680A00504944204175746F74756E6570
:100E9000206661696C6564212074696D656F757485
:100EA0000A00504944204175746F74756E65206660
:100EB00061696C6564212054656D7065726174753B
:100EC000726520746F6F20686967680A0050494432
:100ED000204379636C65730025532025692F2569AC
:100EE00000204B643A2000204B693A2000204B70D0
:100EF0003A200020436C6173736963205049442099
:100F00000A002054753A2000204B753A2000206DCD
:100F100061783A2000206D696E3A200020643A2002
:100F20000020626961733A20005761697420666F1E
:100F30007220686561742075702E2E2E0050494411
:100F4000204175746F74756E652073746172740AD4
:100F500000504944204175746F74756E6520666158
:100F6000696C6564212054656D7065726174757279
:100F70006520746F6F20686967680A0050494420D3
:100F80004175746F74756E650050494420417574E5
:100F90006F74756E65206661696C656421204261BD
:100FA00064206865617465722069640A0045727224
:100FB0003A207574663820666F6E74206E6F7420E8
:100FC000696E697469616C697A65642E0045727234
:100FD0003A207574663820666F6E74206E6F7420C8
:100FE000696E697469616C697A65642E0045727214
:100FF0003A207574663820666F6E74206E6F7420A8
:10100000696E697469616C697A65642E0042656411
:1010100000456E636C6F73757265002568753A25BF
:10102000303268750025303268753A25303268757F
:1010300000253032687527253032687500256875BF
:10104000642025303268753A2530326875002020DA
:101050002020202020002020202000657272001F08
:10106000E020102010201010201020201020103020
:10107000300840048003001FE03FF03FF03FF01FC6
:10108000E01FE03FF03FF03FF00FC0078003003F5C
:10109000FFF038007030FC3020FC10207810203039
:1010A000102C00D02E31D02F7BD02F7BD02E31D0E2
:1010B0002C00D020301020781020FC1030FC30386C
:1010C00000703FFFF03FFFF038007031863023871B
:1010D000102787902F87D02F03D020301020781032
:1010E0002078102030102F03D02F87D0278790230F
:1010F00087103186303800703FFFF01FFFF81FFF68
:10110000F804104002082002082004104008208043
:101110001041001041000820800410400000001F12
:10112000FFF81FFFF8F80180000C48008000124310
:10113000C38CD00271249267CC41249E4002492482
:10114000904012FBB3CEE00C5072696E7420416285
:101150006F72746564004D32350050617573696E4D
:10116000672E2E2E004D323400454550524F4D20F3
:1011700056657273696F6E204572726F72004545D5
:1011800050524F4D20496E646578204572726F72DF
:1011900000454550524F4D20435243204572726FD7
:1011A00072003F0049676E6F726500526573657427
:1011B00000496E697469616C697A652045455052D1
:1011C0004F4D0046696C2E204469612E0045206910
:1011D0006E206D6D5E33004D333033205531204528
:1011E00025692053256900504944204175746F7466
:1011F000756E65202A00200820466163740020086F
:10120000204D6178002008204D696E004F66660011
:101210004F6E004175746F74656D70004D696E207E
:1012200054726176656C2056656C004D696E20566F
:10123000656C6F63697479004D617820452056654F
:101240006C004D6178205A2056656C004D61782005
:10125000592056656C004D617820582056656C0009
:101260004D6178204520416363656C004D617820B5
:101270005A20416363656C004D61782059204163B9
:1012800063656C004D6178205820416363656C0094
:1012900054726176656C20416363656C00526574BD
:1012A0007261637420416363656C00416363656CC4
:1012B0000050726F6265205A204F66667365740035
:1012C00050726F62652059204F66667365740050D6
:1012D000726F62652058204F666673657400452002
:1012E00073746570732F6D6D005A2053746570733D
:1012F0002F6D6D00592053746570732F6D6D0058FC
:101300002053746570732F6D6D00416476616E6358
:1013100065642053657474696E6773003F004361B0
:101320006E63656C00496E6974004D343238004953
:101330006E697469616C697A6520454550524F4DFC
:101340000046696C616D656E740054656D70657200
:1013500061747572650053746570732F6D6D005004
:10136000726F6265204F666673657473004A756EAE
:101370006374696F6E2044657600416363656C65D4
:10138000726174696F6E0056656C6F636974790081
:1013900053657420486F6D65204F6666736574737E
:1013A00000436F6E66696775726174696F6E0000E5
:1013B0000C0F00FE07022503BB017FFE08FE08FE9E
:1013C00005080806000040F0C888889878100508CD
:1013D00008060000C0F88888888888F80505050692
:1013E00000012030F830200508080600002070F8C1
:1013F00020202020E00509090600FF2070A8A8B8D9
:1014000088887020070505070001D86C366CD80560
:1014100009090600FFF8A88888888888A8F8050ABE
:101420000A0600FE205050505088A8A88870030378
:101430000306000340A040FFFFFFFFFFFFFFFFFF89
:10144000FFFFFFFFFFFFFFFFFFFFFFFFFF000000A9
:101450000605FF010707060200808080808000806B
:10146000030303060105A0A0A00506060600005020
:10147000F85050F8500509090600FF2070A8A07028
:1014800028A87020050707060000C8C8102040984B
:101490009805070706000040A0A040A89068010337
:1014A000030602058080800309090601FF204040F1
:1014B0008080804040200309090601FF80404020D1
:1014C000202040408005070706000020A8702070FB
:1014D000A8200505050600012020F82020020303AE
:1014E0000601FFC04080050101060003F802020268
:1014F000060100C0C00507070600000810102040C4
:101500004080050707060000708898A8C888700307
:10151000070706010040C040404040E005070706BD
:101520000000708808102040F8050707060000F842
:10153000081030088870050707060000103050902A
:10154000F81010050707060000F880F008088870FA
:10155000050707060000304080F0888870050707FF
:10156000060000F8081010202020050707060000DC
:101570007088887088887005070706000070888862
:1015800078081060020505060100C0C000C0C00256
:1015900006060601FFC0C000C04080030505060125
:1015A000012040804020050303060002F800F803F4
:1015B0000505060101804020408005070706000060
:1015C000708810202000200507070600007088B8EA
:1015D000A8B88070050707060000708888F888881A
:1015E00088050707060000F04848704848F00507DE
:1015F0000706000070888080808870050707060055
:1016000000F04848484848F0050707060000F88001
:1016100080F08080F8050707060000F88080F080E1
:101620008080050707060000708880809888700514
:101630000707060000888888F88888880307070657
:101640000100E04040404040E00507070600003848
:101650001010101090600507070600008890A0C0C9
:10166000A09088050707060000808080808080F8B1
:1016700005070706000088D8A88888888805070716
:101680000600008888C8A898888805070706000013
:1016900070888888888870050707060000F08888A9
:1016A000F080808005070706000070888888A89071
:1016B00068050707060000F08888F0A090880507F5
:1016C000070600007088807008887005070706000C
:1016D00000F8202020202020050707060000888829
:1016E00088888888700507070600008888888850E1
:1016F000502005070706000088888888A8A850059C
:1017000007070600008888502050888805070706CC
:10171000000088885020202020050707060000F8D8
:101720000810204080F80309090601FFE08080804E
:1017300080808080E0050707060000804040201080
:1017400010080309090601FFE020202020202020A6
:10175000E00503030600052050880501010600FE90
:10176000F803030306010580402005050506000077
:1017700070087888780507070600008080F0888860
:1017800088F0050505060000708080887005070751
:101790000600000808788888887805050506000096
:1017A0007088F08070050707060000304840E04070
:1017B00040400507070600FE708888887808700595
:1017C00007070600008080F08888888803070706DE
:1017D00001004000C0404040E00409090601FE103D
:1017E0000030101010109060050707060000808080
:1017F0008890E09088030707060100C04040404001
:1018000040E0050505060000D0A8A8A8A805050524
:10181000060000B0C88888880505050600007088A5
:101820008888700507070600FEF0888888F08080A9
:101830000507070600FE78888888780808050505EA
:10184000060000B0C880808005050506000078808D
:101850007008F00507070600002020F82020201857
:1018600005050506000088888898680505050600B6
:101870000088888850200505050600008888A8A8EB
:10188000500505050600008850205088050707060A
:1018900000FE88888850204080050505060000F875
:1018A000102040F80309090601FF20404040804015
:1018B0004040200109090602FF80808080808080EE
:1018C00080800309090601FF8040404020404040DD
:1018D0008005030306000248A890FF4142530050D0
:1018E0004C410053746F72652053657474696E6760
:1018F00073004C6F61642053657474696E67730084
:1019000050726F6265205A204F6666736574004698
:1019100061646520486569676874004F6666004FBA
:101920006E00426564204C6576656C696E67004C9C
:101930006576656C20426564004732394E00473257
:1019400039004175746F20486F6D65004D6F746983
:101950006F6E0053572D4D6F64650053746F7700A1
:101960004465706C6F790053656C662D54657374B3
:1019700000526573657400426564004E6F7A7A6C3C
:10198000650046616E20537065656400436F6E6646
:10199000696775726174696F6E00526573746F72F6
:1019A000652044656661756C7473004C6F616420DA
:1019B00053657474696E67730053746F7265205356
:1019C000657474696E677300507265686561742030
:1019D0002420436F6E6600424C546F75636800505C
:1019E000726F6265205A204F6666736574004164A9
:1019F00076616E6365642053657474696E67730005
:101A00004D61696E003F004261636B0053746F70FB
:101A1000004D323200417474616368204D65646921
:101A200061004D3231005072696E742066726F6DC4
:101A3000204D656469610052656C65617365204D78
:101A40006564696100436F6E666967757261746988
:101A50006F6E0054656D7065726174757265004DCE
:101A60006F74696F6E00526573756D652050726991
:101A70006E740054756E650053746F7020507269F7
:101A80006E74005061757365205072696E74004900
:101A90006E666F2053637265656E003F005374611C
:101AA0007274205072696E740043616E63656C00DD
:101AB0005072696E740043616E6E6F7420656E744F
:101AC0006572207375626469723A200002202E2EBE
:101AD000000152656672657368004D61696E002190
:101AE00000486F74656E6420746F6F20636F6C6460
:101AF000004261636B0050726F63656564004D6FF7
:101B000074696F6E0044697361626C65205374651B
:101B10007070657273004D383400426564204C6506
:101B200076656C696E67004175746F20486F6D65EE
:101B300000473238004D61696E005072656865611A
:101B400074202420426564005072656865617420C9
:101B50002420456E640054656D7065726174757201
:101B60006500DF18DB18436F6F6C646F776E005091
:101B700072656865617420240046616E205370654B
:101B8000656400426564004E6F7A7A6C65004D6151
:101B9000696E004261627973746570205A00466C08
:101BA0006F770046616E205370656564004265641E
:101BB000004E6F7A7A6C65005370656564004D6104
:101BC000696E00486F6D696E67204661696C656477
:101BD000006F70656E0054524947474552454400B6
:101BE0003A20007A5F6D696E00795F6D696E0078EA
:101BF0005F6D696E005265706F7274696E67206503
:101C00006E6473746F70207374617475730A00204E
:101C1000746F6F206C6F6E6720657874727573696E
:101C20006F6E2070726576656E7465640A0020635D
:101C30006F6C6420657874727573696F6E20707252
:101C40006576656E7465640A00486F6D652025735E
:101C5000257325732046697273740000000000002C
:101C6000000000000000005761726E696E673A2044
:101C7000486F6D696E672042756D702044697669A2
:101C8000736F72203C20310A0002020400006B4393
:101C900000006B4300007A430000A0400000A04019
:101CA0000000004000006B4300006B4300007A43DB
:101CB0000000000000000000000000005365747484
:101CC000696E67732053746F72656400290A00207F
:101CD00062797465733B206372632000536574748A
:101CE000696E67732053746F7265642028004861C1
:101CF0007264636F6465642044656661756C74200A
:101D000053657474696E6773204C6F616465640A0F
:101D10000020286D6D2900203B204C6576656C699C
:101D20006E67200020204D343230205300417574FE
:101D30006F20426564204C6576656C696E67002093
:101D4000460020420020480020204D3134352053E9
:101D5000004D6174657269616C20686561747570AD
:101D600020706172616D657465727300204A002095
:101D700020473239205720490020204D3134392066
:101D800043203B20556E69747320696E2043656C57
:101D9000736975730A0054656D706572617475724C
:101DA0006520556E697473002020473231203B0056
:101DB0004C696E65617220556E69747300454550BB
:101DC000524F4D206461746173697A652065727247
:101DD0006F722E0A00290A002062797465733B2015
:101DE00063726320002073746F726564207365747E
:101DF00074696E67732072657472696576656420B4
:101E00002800202863616C63756C61746564292106
:101E10000A0020213D2000454550524F4D2043529D
:101E200043206D69736D61746368202D202873747D
:101E30006F7265642920002053697A653A20004951
:101E40006E6465783A20000000FA430000FA43000F
:101E500000A0400000C8410000A0420000A04200D5
:101E600000C8430000BA42F4010000F4010000641D
:101E700000000088130000204D61726C696E3D56B1
:101E80003836290A00454550524F4D207665727309
:101E9000696F6E206D69736D6174636820284545B4
:101EA00050524F4D3D0024F4D43050C38E20C2A276
:101EB0004017828B7011127A910D816CD90AA8613A
:101EC000E108C7586607615143061E4B5D05C145D1
:101ED000A7041A411104093D9803713931034036B2
:101EE000DB0265339102D4305402802E1D02632C34
:101EF000EE01752AC501B028A001102781018F25A8
:101F000064012B244B01E0223401AC211F018D2000
:101F10000D01801FFC00841EED00971DDF00B81C22
:101F2000D200E61BC600201BBC00641AB200B21926
:101F3000A8000A19A0006A189900D117910040174B
:101F40008B00B516840031167E00B31579003A1562
:101F50007300C7146F0058146A00EE1366008813EC
:101F6000630025135E00C7125B006C125700151248
:101F70005400C111510070114F0021114B00D610B7
:101F800049008D1047004610440002104200C00F67
:101F90004000800F3E00420F3C00060F3B00CB0E7E
:101FA0003800930E37005C0E3500270E3400F30D19
:101FB0003200C10D3100900D3000600D2E00320D49
:101FC0002D00050D2C00D90C2B00AE0C2900850C22
:101FD00029005C0C2700350C27000E0C2600E80BAE
:101FE0002400C40B2400A00B23007D0B23005A0BFC
:101FF0002100390B2100180B2000F80A1F00D90A14
:102000001E00BB0A1E009D0A1D00800A1D00630AF7
:102010001C00470A1B002C0A1B00110A1A00F709B2
:102020001A00DD091900C4091900AB091900920949
:1020300017007B091800630917004C0916003609C0
:102040001600200916000A091500F5081500E00819
:102050001400CC081400B8081400A4081400900858
:1020600013007D0812006B08130058081200460880
:102070001200340811002308110012081100010891
:102080001100F0071000E0071000D0071000C00793
:102090001000B0070F00A107100091070E00830782
:1020A0000F0074070F0065070E0057070E00490761
:1020B0000E003B070D002E070E0020070D00130732
:1020C0000D0006070D00F9060C00ED060D00E006F8
:1020D0000C00D4060C00C8060C00BC060C00B006B0
:1020E0000C00A4060B0099060C008D060B0082065E
:1020F0000B0077060B006C060B0061060A00570602
:102100000B004C060A0042060A0038060A002E069A
:102110000A0024060A001A060A001006090007062B
:102120000A00FD050900F4050900EB050900E205B8
:102130000900D9050900D0050900C7050900BE0539
:102140000900B5050800AD050800A50509009C05B6
:102150000800940508008C050800840508007C052B
:102160000800740508006C050700650508005D059A
:102170000700560508004E05070047050700400503
:10218000080038050700310507002A050700230568
:1021900007001C050600160507000F0507000805C7
:1021A000060002050700FB040600F5040700EE0424
:1021B0000600E8040600E2040700DB040600D5047C
:1021C0000600CF040600C9040600C3040600BD04CF
:1021D0000600B7040600B1040500AC040600A6041E
:1021E0000600A00405009B04060095040500900469
:1021F00006008A04050085040500800406007A04B0
:10220000050075040500700405006B0405006604F4
:102210000500610405005C04050057040500520434
:1022200005004D04050048040500430405003E0474
:1022300004003A04050035040500300404002C04B1
:10224000050027040400230405001E0404001A04EA
:10225000040016040500110404000D040400090420
:1022600005000404040000040400FC030400F80357
:102270000400F4030400F0030400EC030400E8038A
:102280000400E4030400E0030400DC030400D803BA
:102290000400D4030400D0030400CC030400C803EA
:1022A0000300C503030024F404D9201BC40C5C0EF6
:1022B0009804C4095F0265077101F405F900FB0485
:1022C000B30048048700C1036900580355000303A5
:1022D0004500BE023A008402310053022A0029025E
:1022E000250004022000E4011C00C8011900AF0110
:1022F000170098011400840113007101100061019E
:10230000100051010E0043010D0036010B002B019E
:102310000B0020010B00150109000C01090003014D
:102320000800FB000800F3000800EB000700E400D1
:102330000600DE000600D8000600D2000600CC0031
:102340000500C7000500C2000500BD000400B9007B
:102350000400B5000400B1000400AD000400A900B1
:102360000400A5000300A20003009F0004009B00DE
:102370000300980003009500020093000300900002
:1023800003008D0002008B0003008800020086001D
:10239000020084000300810002007F0002007D0033
:1023A00002007B0002007900020077000100760045
:1023B00002007400020072000100710002006F0050
:1023C00002006D0001006C0002006A00010069005B
:1023D0000200670001006600010065000100640062
:1023E00002006200010061000100600001005F0066
:1023F00002005D0001005C0001005B0001005A006A
:10240000010059000100580001005700010056006A
:10241000010055000100540001005300000053006A
:1024200001005200010051000100500001004F0066
:1024300001004E0000004E0001004D0001004C0064
:1024400001004B0000004B0001004A000100490060
:10245000010048000000480001004700010046005C
:102460000000460001004500000045000100440056
:102470000100430000004300010042000000420050
:1024800001004100000041000100400001003F0048
:1024900000003F0001003E0000003E0001003D0042
:1024A00000003D0001003C0000003C0000003C003A
:1024B00001003B0000003B0001003A0000003A0030
:1024C0000100390000003900010038000000380028
:1024D000000038000100370000003700010036001E
:1024E0000000360000003600010035000000350015
:1024F000000035000100340000003400000034000A
:1025000001003300000033000000330001003200FE
:1025100000003200000032000100310000003100F4
:1025200000003100010030000000300000003000E9
:1025300001002F0000002F0000002F0000002F00DE
:1025400001002E0000002E0000002E0001002D00D2
:1025500000002D0000002D0000002D0001002C00C7
:1025600000002C0000002C0000002C0001002B00BB
:1025700000002B0000002B0000002B0001002A00AF
:1025800000002A0000002A0000002A0001002900A3
:102590000000290000002900000029000000290097
:1025A000010028000000280000002800000028008A
:1025B000000028000100270000002700000027007D
:1025C0000000270000002700010026000000260070
:1025D0000000260000002600000026000100250063
:1025E0000000250000002500000025000000250057
:1025F0000000250001002400000024000000240049
:10260000000024000000240001002300000023003B
:10261000000023000000230000002300000023002E
:102620000000230001002200000022000000220020
:102630000000220000002200000022000100210012
:102640000000210000002100000021000000210006
:1026500000002100000021000100200000002000F7
:1026600000002000000020000000200000002000EA
:10267000000020000000200001001F0000001F00DB
:1026800000001F0000001F0000001F0000001F00CE
:1026900000001F0001001E0000001E0000001E00C0
:1026A00000001E000000043700001E290000511B1E
:1026B00000005810000010090000CC04000078024F
:1026C00000004101000020436F756E7420583A00ED
:1026D000426564004531004500626564002C20734A
:1026E000797374656D2073746F7070656421204810
:1026F00065617465725F49443A2000486561746998
:102700006E67204661696C65640048656174696E36
:1027100067206661696C6564004572723A204D41BC
:102720005854454D50004D415854454D50207472F9
:1027300069676765726564004572723A204D494E5B
:1027400054454D50004D494E54454D5020747269CA
:1027500067676572656400544845524D414C20528C
:10276000554E4157415900546865726D616C205255
:10277000756E6177617900202F002042403A002079
:10278000403A0043616E6E6F74206F70656E207307
:102790007562646972200053442063617264206F23
:1027A0006B0A006F70656E526F6F74206661696CA2
:1027B00065640A00766F6C756D652E696E697420AC
:1027C0006661696C65640A004E6F20534420636142
:1027D00072640A000A4D3234004D323320257300F2
:1027E0002E0A006F70656E206661696C65642C202E
:1027F00046696C653A200046696C652073656C65B6
:10280000637465640A002053697A653A200046695A
:102810006C65206F70656E65643A2000454E4420FB
:10282000535542524F5554494E450A002220706F6D
:1028300073002220706172656E743A220053554213
:10284000524F5554494E452043414C4C20746172BF
:102850006765743A220053756263616C6C204F7631
:102860006572666C6F7700457863656564656420A2
:102870006D617820535542524F5554494E4520645E
:10288000657074683A00667265736800646F696E9B
:1028900067002066696C653A20004E6F7720002F34
:1028A0006175746F25632E67006D61726C696E6669
:1028B000772E6F726700322E302E392E33001FFFB5
:1028C000FFFFFFFFFF600000000001FF400000006D
:1028D0000000FF8000000000007F83CF00000C306C
:1028E0003F87FF80000C301F867980000C000F8C22
:1028F00030C7838C30E78C30CFC7CC31F38C30DCE1
:10290000ECEC33B98C30D86C6C33198C30D06C0C47
:1029100033198C30D86C0C33198C30DC6C0E3B19AD
:102920008C30CF7C079F198C30C77C038F194000F7
:102930000000000002600000000000061FFFFFFF13
:10294000FFFFF870012C0190012701B0012201C0A6
:10295000011D01F00118011002130130020E016087
:1029600002090190020401C002FF000003FA0040C6
:1029700003F5008003F000D003EB002004E60070B4
:1029800004E100E004DC004005D700C005D20040AF
:1029900006CD00D006C8008007C3003008BE00F096
:1029A00008B900C009B400B00AAF00B00BAA00D04B
:1029B0000CA500000EA000500F9B00C01096005008
:1029C00012910000148C00C0158700B0178200B06F
:1029D000197D00D01B7800001E730040206E00900F
:1029E000226900F024640040275F0090295A00E02B
:1029F0002B5500102E500020304B0010324600E0C6
:102A000033410090353C001037370070383200A059
:102A1000392D00B03A2800A03B2300603C1E001076
:102A20003D1900903D1400103E0F00703E0A00C09A
:102A30003E0500003F0000403FFBFF803FF6FFC027
:102A40003FF1FF2020506C616E6E657242756666C4
:102A5000657242797465733A20002046726565207C
:102A60004D656D6F72793A200020436F6D70696C0F
:102A700065643A204D617920313220323032320A99
:102A800000204C61737420557064617465643A2051
:102A9000323032312D31322D3235207C2041757467
:102AA000686F723A20287468697369736B6569741A
:102AB00068622C20456E6465722D33290A004D61D1
:102AC000726C696E20322E302E392E330A0020535C
:102AD0006F6674776172652052657365740A0020B1
:102AE0005761746368646F672052657365740A0088
:102AF0002042726F776E206F757420526573657413
:102B00000A002045787465726E616C2052657365A9
:102B1000740A00506F77657255700A0073746172A1
:102B2000740A004732385859004D31303031006F47
:102B30006B006572726F722077726974696E6720BC
:102B4000746F2066696C650A00446F6E652073615E
:102B500076696E672066696C652E0A004D32390011
:102B6000456E6473746F70730025532025632025B0
:102B70006320256320256300205A3A0020593A003B
:102B800020583A00656E6473746F707320686974BE
:102B90003A2000000000010200090A0000000004C1
:102BA0000308070000000000000000000000000013
:102BB000000000004D6F76652025736D6D004D6F30
:102BC000766520302E316D6D004D6F766520316D4C
:102BD0006D004D6F76652031306D6D004D6F7665FF
:102BE0002041786973004D6F766520457874727561
:102BF000646572004D6F7665205A004D6F766520D2
:102C000059004D6F76652058005072696E742066C9
:102C1000726F6D204D6564696100FFFFFF50726F38
:102C200062696E67204661696C65640A0050726F64
:102C300062696E67204661696C656400205A3A20BB
:102C40000020593A200042656420583A2000456E21
:102C50006465722D332052656164792E005072696B
:102C60006E74696E672E2E2E005072696E7420503D
:102C7000617573656400220A00556E6B6E6F776E26
:102C800020636F6D6D616E643A2022002045002044
:102C90005A0020590020204D3932205800537465C5
:102CA00070732070657220756E697400DB0FC93F08
:102CB00045BCDA3F8FB30240FCF027405694614098
:102CC000FE4B9B4084A5D840E0231841346A56410E
:102CD000E859974164DBD5416E271742B4B7554296
:102CE000CE1A9742C8AED542B5885A43D40684BF9F
:102CF000A65FA7BF7443E0BF10B11AC01C2C58C018
:102D0000E8F697C0B849D6C04E4E17C124D355C176
:102D1000802497C1A0B5D5C1121A17C244AE55C2BE
:102D2000781797C26CACD5C267885AC320746F6F8E
:102D3000206C6F6E6720657874727573696F6E2092
:102D400070726576656E7465640A0020636F6C64EA
:102D500020657874727573696F6E20707265766520
:102D60006E7465640A006F6B0A00526573656E6469
:102D70003A20007C3C3E5E2B3D3F2F5B5D3B2C2A86
:102D8000225C0020453A00205A3A0020593A005867
:102D90003A0000002200250028002B00000021003E
:102DA000240027002A000202020202020202040496
:102DB00004040404040403030303030303030101E1
:102DC00001010101010101020408102040800102FB
:102DD0000408102040800102040810204080804038
:102DE0002010080402014572726F722077726974B4
:102DF000696E6720746F20454550524F4D210A007F
:102E000012E3D0E811241FBECFEFD0E4DEBFCDBF68
:102E100084B78093071414BE0FB6F894A8958091D8
:102E20006000886180936000109260000FBE12E025
:102E3000A0E0B1E0E8EDFDEE01E00BBF02C00790BD
:102E40000D92AA35B107D9F724E1AAE5B2E001C095
:102E50001D92A730B207E1F717E1C1E0D7E104C046
:102E60002197FE010E9435F4C030D107C9F70E94B6
:102E7000DAE30C94E0F60C940000CF93DF93EC01BE
:102E8000CB01BA010E9470ED20E030E040E251E455
:102E90000E94FFF4688379838A839B83DF91CF91BB
:102EA0000895CF93DF93EC01CB01BA010E9470ED3E
:102EB0002AE037ED43E25DE30E94FFF40E946CF5E7
:102EC000688379838A839B83DF91CF910895CF9321
:102ED000DF93EC01CB01BA010E9470ED2AE037EDDF
:102EE00043E25DE30E94FFF4688379838A839B83D6
:102EF000DF91CF910895CF93DF93EC01CB01BA011D
:102F00000E9470ED688379838A839B83DF91CF91E0
:102F10000895CF93DF93EC01CB01BA010E9470EDCD
:102F200020E030E048EC52E40E94FFF468837983AB
:102F30008A839B83DF91CF910895CF93DF93EC0138
:102F4000CB01BA010E9470ED0E9467F57983688316
:102F5000DF91CF910895CF93DF93EC01CB01BA01BC
:102F60000E9470ED20E030E04AE754E40E94FFF454
:102F7000688379838A839B83DF91CF910895FC01D5
:102F800084910895FC0180810895FC01A081B181A4
:102F90001C92A281B3818C918F5F8C930280F3810C
:102FA000E02D90818CE0989F800D1124E4E1F0E108
:102FB00013AE84AF0895119800C087FD43C04198B7
:102FC00000C0119A00C000C0119800C086FD46C024
:102FD000419800C0119A00C000C0119800C085FD42
:102FE0003BC0419800C0119A00C000C0119800C0B9
:102FF00084FD30C0419800C0119A00C000C01198F3
:1030000000C083FD25C0419800C0119A00C000C0D7
:10301000119800C082FD1AC0419800C0119A00C0EA
:1030200000C0119800C081FD0FC0419800C0119AE6
:1030300000C000C0119800C0419800C0119A00C0A3
:1030400000C00895419ABCCF419AF0CF419AE5CF94
:10305000419ADACF419ACFCF419AC4CF419AB9CFA2
:1030600090E080E00895CF93DF93DB01F9019C911C
:103070009130C1F0943080F094509C938830D1F41A
:1030800080819181009771F0019791838083480F2F
:10309000591FEA01188206C08C3539F49C5F9C9355
:1030A000943041F4DF91CF9108958B3339F781E06B
:1030B0008C93F8CF20813181B9016F5F7F4F71838D
:1030C0006083420F531FEA018883808191818F358D
:1030D00091056CF7E7CF0F931F9381E00091671183
:1030E000109168112091691130916A11409163111A
:1030F0005091641160916511709166110417150764
:103100002607370708F480E01F910F91089590E09B
:1031100080E008952091AB03833021F425FD0CC09D
:1031200024FD0CC030E0A90102C0559547958A9551
:10313000E2F7CA018170089581E0089580E0089562
:103140008091C70384FD0BC08091C90387FD07C030
:103150009091CA03937081E019F480E0089581E0B2
:1031600008952FEB280F2A3108F047C0E22FF0E036
:103170008091C7039091C803A091C903B091CA037D
:1031800004C0B695A795979587952A95D2F780FDA7
:1031900002C081700895E355FC4FE081EE2341F1B8
:1031A00080910D0790910E07E80FF92FF11D808196
:1031B00090ED980F9A3030F08E3251F48181805327
:1031C0008A3098F4F093A103E093A00381E008957E
:1031D0008D3211F08B3249F4818190ED980F9A3045
:1031E00088F38E3211F48281EACFF0E0E0E0EACF9A
:1031F0001092A1031092A003E9CF80E00895CF932D
:10320000DF9385E4AEDF882309F188E04091C703AE
:103210005091C8036091C9037091CA03972F9170B0
:10322000C92F90E0D92FCC0FDD1F71FB222720F989
:1032300030E0220F331F220F331FC22B67FB4427BE
:1032400040F9C42B8C2BDF91CF91089580E0DECF25
:1032500088DF882341F081E02091A0033091A10311
:10326000232B09F480E00895A0E1B0E0EAE3F9E15E
:103270000C9450F4F82EE62EB42E122F282F30E0A6
:103280003E872D87262E312C05E0029FA001039F4B
:10329000500D11245A834983FA01E20DF31DEE0FFC
:1032A000FF1FEE0FFF1FE456FB4F6081718182818B
:1032B00093819B01AC010E9462F6882309F40DC141
:1032C0004B2D4F0D612F6E0D049FF0011124DF0176
:1032D000A20DB31DAA0FBB1FAA0FBB1FA456BB4F45
:1032E000CD90DD90ED90FC904B0D049FA00111243A
:1032F000DA01A20DB31DAA0FBB1FAA0FBB1FA45654
:10330000BB4F8D909D90AD90BC90862F90E0A98191
:10331000BA81A80FB91FAA0FBB1FAA0FBB1FA456C3
:10332000BB4F4D905D906D907C90610F70E0098176
:103330001A81060F171F000F111F000F111F0456CF
:103340001B4FD8010D911D912D913C9109831A833A
:103350002B833C83E80FF91FEE0FFF1FEE0FFF1FBB
:10336000E456FB4F00811181228133810D831E833E
:103370002F833887FA01E60FF71FEE0FFF1FEE0FBE
:10338000FF1FE456FB4F2081318142815381298701
:103390003A874B875C87A5019401C501B4010E945F
:1033A00062F6882319F0812C912C5401A701960113
:1033B000C701B6010E9462F6882311F0750164010D
:1033C00029813A814B815C81CA01B9010E9462F670
:1033D000882321F019821A821B821C82A301920188
:1033E000C301B2010E9462F6882321F049805A800D
:1033F0006B807C8029853A854B855C85CA01B90143
:103400000E9462F6882321F019861A861B861C8684
:103410002D813E814F815885CA01B9010E9462F613
:10342000882341F089859A85AB85BC858D839E83F1
:10343000AF83B88785E00D851E85809FD001819F71
:10344000B00D1124A20DB31DAA0FBB1FAA0FBB1FE5
:10345000A456BB4FBE87AD87A7019601C701B60131
:103460000E9488F4A50194010E9487F46B017C01FD
:10347000A3019201C301B2010E9488F429813A811B
:103480004B815C810E9487F49B01AC01C701B601AE
:103490000E9488F46B017C012D813E814F8158850B
:1034A000CA01B9010E9488F429853A854B855C855B
:1034B0000E9487F49B01AC01C701B6010E9488F409
:1034C00020E030E040E450E40E94FFF4AD85BE858A
:1034D0006D937D938D939C9313976096E2E10C948A
:1034E0006CF40E9470ED20E030E040E251E40E9474
:1034F000FFF40C9471A90E9470ED20E030E040E2EE
:1035000051E40E94FFF40C94F0A80E9470ED2AE0B0
:1035100037ED43E25DE30E94FFF40C94DAA80E94C9
:1035200070ED2AE037ED43E25DE30E94FFF40C9476
:1035300038AA0E9470ED0C9438AA0E9470ED20E029
:1035400030E048EC52E40E94FFF40C9487A70E94FC
:1035500070ED0E9467F5CB010C94799E0E9470ED8E
:1035600020E030E04AE754E40E94FFF40C946BAA98
:103570000C948E870C948E870C948E870C948E8777
:103580000C944A870C944A870C944A870C944A8777
:1035900080916C01882341F060915E0470915F041A
:1035A00041E081E00C9403D00895CF93DF93C09164
:1035B000BF06D091C006209729F16091BB0670919B
:1035C000BC068091BD069091BE060E9467F56E5FB5
:1035D0007F4F24976C177D07ACF4709313056093AD
:1035E00012050E9462D4605A75418F4F9F4F6093BD
:1035F0001405709315058093160590931705DF91B8
:10360000CF91089510921405109215051092160589
:1036100010921705F4CFB0E0A0E0E1E1FBE10C94DB
:1036200059F46B01E9014A3009F4D5C0453109F07C
:1036300081C0DB011296ED91FC91F2809681878129
:10364000139A00C00000E6E2F0E03197F0F7092F8E
:10365000182FEF2CE29420EFE22230E1B32EBF0CC2
:10366000E80188EFA8DC00C0000086E290E0019746
:10367000F0F7BFE1BF1508F49BC08F2D80778068FD
:103680009ADC8E2D98DC00C0000086E290E0019765
:10369000F0F780E890DC80E08EDC00C0000086E27D
:1036A00090E00197F0F78AEF86DC00C0000086E228
:1036B00090E00197F0F7005F1F4F8881807F7BDCEF
:1036C00089918295807F77DCC017D107B1F700C060
:1036D000000086E290E00197F0F7F394E0E1EE0E4F
:1036E000FB10BECF1398D6011296ED91FC9180810C
:1036F0009281980F92832181921708F09FC1948143
:103700009F5F94839381890F821710F08FEF820F50
:103710008383458150E0440F551F70E060E086814F
:1037200097810E948CF681E0CDB7DEB7E9E00C947A
:1037300075F4DEC1FB0102811381423309F485C1B6
:1037400008F48DC1463409F475C1473409F482C1C7
:103750004B3349F789812B81D80112967C911297BE
:1037600013963C91213009F4BFC1233009F0A0C168
:1037700048EF480F582F91E0341708F490E031E0FB
:10378000541708F030E0492F432B61E0571708F435
:1037900060E0462311F4932331F2FA8030E0F9011E
:1037A000E657FE4FD0802A573E4FF901E08099C17D
:1037B00080EE8F0D8068807FFEDB8F2D8295807F6D
:1037C000FADB00C0000086E290E00197F0F780E8A5
:1037D000F2DB80E861CF0B9A1398399A4198099AE5
:1037E000119A139A00C0000086E290E00197F0F76A
:1037F00088E790E0CEE9DFE0FE013197F1F701972D
:10380000D9F788EFD8DB00C0000086E290E001978E
:10381000F0F780E2D0DB80E0CEDB00C0000086E283
:1038200090E00197F0F780E0C6DB80E8C4DB00C0E1
:10383000000086E290E00197F0F780E0BCDB80E1D9
:10384000BADB00C0000086E290E00197F0F7CE01FD
:103850000197F1F7CE010197F1F7CE010197F1F74A
:10386000CE010197F1F7CE010197F1F7CE01019753
:10387000F1F7CE010197F1F7CE010197F1F7CE01F3
:103880000197F1F7CE010197F1F7CE010197F1F71A
:10389000CE010197F1F7CE010197F1F7CE01019723
:1038A000F1F72197F1F780E286DB80E484DB00C04A
:1038B000000086E290E00197F0F780E27CDB80E692
:1038C0007ADB00C0000086E290E00197F0F7D0E0DC
:1038D000C0E08C2F807780686EDB8D2F6CDB00C0A2
:1038E000000086E290E00197F0F780E864DB80E07A
:1038F00062DB00C0000086E290E00197F0F78AEFFB
:103900005ADB00C0000086E290E00197F0F780E209
:10391000119800C0419800C0119A00C000C01198D1
:1039200000C0419800C0119A00C000C0119800C0AA
:10393000419800C0119A00C000C0119800C0419881
:1039400000C0119A00C000C0119800C0419800C08A
:10395000119A00C000C0119800C0419800C0119A8F
:1039600000C000C0119800C0419800C0119A00C06A
:1039700000C0119800C0419800C0119A00C000C05A
:10398000119800C0419800C0119A00C000C0119861
:1039900000C0419800C0119A00C000C0119800C03A
:1039A000419800C0119A00C000C0119800C0419811
:1039B00000C0119A00C000C0119800C0419800C01A
:1039C000119A00C000C0119800C0419800C0119A1F
:1039D00000C000C0119800C0419800C0119A00C0FA
:1039E00000C0119800C0419800C0119A00C000C0EA
:1039F00000C00000E6E2F0E03197F0F7815009F0F6
:103A000087CF88EFD8DA00C0000086E290E0019707
:103A1000F0F7CF5FD05FC03209F05BCF80E0CBDA48
:103A200080ECC9DA00C0000086E290E00197F0F770
:103A3000139879CEF8018581888375CE80E0CDB763
:103A4000DEB7E9E00C9475F453C0B901C8010E94D7
:103A5000B8D469CED80111968C91888364CE443154
:103A600091F0473109F05FCE1882D80112968C91FF
:103A70001297898315968C91159781508A83139696
:103A80008C918B8350CED80115964C91159750E0B0
:103A9000440F551F70E060E016968D919C910E9436
:103AA0008CF6F801128280818150838314823BCE90
:103AB000381708F438CE871708F435CEFA80E12C91
:103AC000D12C243070F46ACEBE01C8010E94B8D453
:103AD000898198819D0D98838E0D8983FF0C09F44F
:103AE00022CEF7FEF6CFF0CF58E0580F482F43CE46
:103AF000EF92FF920F931F93CF93DF93EC018B0113
:103B00007A018A859B858617970731F0888199818C
:103B10000E94A5D61B870A87B701888199810E94D8
:103B200007D12E813F81820F932F911D9F838E831A
:103B300090E080E0CDB7DEB7E6E00C9478F4B0E03A
:103B4000A0E0E5EAFDE10C9458F4EC017B018A0168
:103B50008A859B858617970731F0888199810E9415
:103B6000A5D6FB86EA8688859985019609F5CC80DD
:103B7000DA808E81D80EA880B980D5015596ED9156
:103B8000FC91C5010995C80E780110E0F70121915B
:103B90007F0121111FC08E819F81810F911D9F8305
:103BA0008E8390E080E0CDB7DEB7EAE00C9474F449
:103BB000EE80FF80B801888199810E9407D18E0D27
:103BC0009F2D911D288539852817390780F681E0BA
:103BD00090E0E9CF4C2D6D2DC5010E94FDD6D80E89
:103BE000180FD4CFB0E0A0E0E8EFFDE10C945BF457
:103BF000EC01D62E1CAD0BAD7C0184E0E80EF11C6F
:103C0000E98DFA8DC7010995412F480F2D2D602FA1
:103C1000C7010E94FDD69BAD890F8BAF81E090E07C
:103C2000CDB7DEB7E7E00C9477F48091A0039091D4
:103C3000A103009731F04AE050E070E060E00C949E
:103C40008BEB60E070E0CB0108958091A003909130
:103C5000A103009731F04AE050E070E060E00C947E
:103C60005EEA60E070E0CB010895EFDF97FD0AC0E7
:103C7000ECDF6F3F71058105910509F02CF4E5DF5C
:103C8000862F089580E008958FEF0895CF93C62F73
:103C9000DFDA882311F0E9DFC82F8C2FCF91089548
:103CA0008091A0039091A103892B39F0DEDF91E090
:103CB000811101C090E0892F089591E0FCCFCF934E
:103CC000DF93C82FD62FC4DA882321F0E9DFDF91F4
:103CD000CF9108958C2F45DA8111F9CF8D2FF7CF31
:103CE000B4DFCB010895CF93DF93EB01B1DA8823E2
:103CF00011F0F6DFEC01CE01DF91CF9108950F9323
:103D00001F93CF938091A0039091A1030097D9F0C6
:103D1000FC018F01C1912C2F2F7D81F0C53411F052
:103D2000C536B9F7F801108270E060E00E9408E93A
:103D3000F801C083CF911F910F91089570E060E06A
:103D40000E9408E9F7CF60E070E0CB01F3CFCF929B
:103D5000DF92EF92FF926A017B017ADA882319F0F1
:103D6000CEDF6B017C01C701B601FF90EF90DF90C1
:103D7000CF900895B0E0A0E0E0ECFEE10C9460F498
:103D800020E24F8158856E818D810E9463D0E2E0F0
:103D90000C947CF44FE350E0BC0185E796E00C9472
:103DA000C6F68091001090910110891B8F7089F4E4
:103DB00080910B07813069F090916B1192FB8827FD
:103DC00080F992FF07C097FB882780F991E0892747
:103DD000089581E008958F929F92AF92BF92EF92E3
:103DE000FF920F931F93CF93DF93EC018B01E42E8F
:103DF000F22E80911210909113108C179D07C9F12B
:103E000025EACB33D20709F03FC08B519C4371F4B4
:103E10000E9462D46E517B4F8F4F9F4F60935A0424
:103E200070935B0480935C0490935D04D0931310B3
:103E3000C093121030E020E00093E0061093E106FA
:103E40002093E2063093E306E092D906F092DA0678
:103E5000CB51DC4321F4109264041092590482E0A7
:103E600080936C0181E08093F006109261041092BF
:103E70006004DF91CF911F910F91FF90EF90BF9061
:103E8000AF909F908F9008952CE3CB31D20771F6BD
:103E90008B53954AD1F40E9462D480905A0490903A
:103EA0005B04A0905C04B0905D04681979098A09EC
:103EB0009B0997FF0AC08091FC068770873029F420
:103EC00070DFCEE1D5E78111B1CFCBE1DCE3AECF3E
:103ED00020E040E070E060E08BE19CE37CCF0E945A
:103EE000729A0E943C84882319F080E00E944F83DC
:103EF000EFCF8AE293E19093740680937306E8CF44
:103F0000AEE1B0E0E6E8FFE10C945EF48091F906E2
:103F1000282F082E000C330BF901EE0FFF1FE85D70
:103F2000FE4F91819F9390819F933F938F9387ED55
:103F300091E19F938F938E010F5F1F4F1F930F93FC
:103F40000E9403EDC80126DFC3DF0FB6F894DEBF81
:103F50000FBECDBF6E96E4E00C947AF4CF93DF935E
:103F6000C0915904CC23B1F0C150C093590489E0E9
:103F7000C89FE0011124CD5DDB4F6A817B812F81D9
:103F80004E818881998127DF888580936404DF9141
:103F9000CF9108959DDFFBCFE0915904E63028F5DD
:103FA00081E08E0F809359044091E0065091E10624
:103FB0006091E2067091E3062091D9069091DA06AD
:103FC0008091640439E0E39FF0011124ED5DFB4F23
:103FD000A0911210B0911310B183A0834283538338
:103FE0006483758326839783808708958093D5069D
:103FF00020E040E070E060E086E794E2ECCE0C94D4
:104000003C840C94A4AE0C94729AB0E0A0E0EBE077
:10401000F0E20C9460F48D8190913F0F891778F055
:1040200080933F0F9E01285F3F4F4E815F8164E583
:1040300070E08AEE9EE00E9432ED1092E90EE2E01E
:104040000C947CF40F931F93CF93DF938C016F3FFD
:1040500019F410923F0F60E020913F0F862F062E3B
:10406000000C990B2817190609F004F560933F0F0F
:10407000C8010E94B9EC800F911FEC01C01BD10B4D
:10408000C535D1053CF00197FC012491207C2038F6
:10409000D1F3F3CFDD27AE01B8018AEE9EE00E9496
:1040A000DAECC651D14F18821092E90EDF91CF9110
:1040B0001F910F910895CF9380911B04811109C026
:1040C0008AE591E190935F0480935E0481E08093A0
:1040D0001B0462DF20E040E070E060E088EC9AE1E1
:1040E0007ADEC1E0C09364040E94B2871092640437
:1040F00035DFC093640460E089E69CE2A3DF86E5D7
:1041000091E19093740680937306CF9108950F9375
:104110001F930E9462D400911604109117042091FD
:10412000180430911904601B710B820B930B97FDDF
:104130000CC089B183FB882780F991E089274A9BCD
:104140008260309B84608093150480911504817097
:104150009091150491FD826090911404981749F094
:10416000813009F148F0823079F0833091F080930A
:1041700014041F910F910895913079F09230B9F79E
:104180009091130491500CC0992339F09330C1F3EE
:10419000EECF9130A9F3923051F7909113049F5FC5
:1041A00090931304E4CF992359F3933001F7F5CF9B
:1041B000CF92DF92EF92FF92CF93C82F0E9462D4EA
:1041C0006B017C0124EA30E74DE75FE36091320147
:1041D0007091330180913401909135010E946AED14
:1041E00087FD18C08AEF90E0A0E0B0E08C0D9D1D27
:1041F000AE1DBF1D8093030490930404A093050497
:10420000B0930604C0932701CF91FF90EF90DF9009
:10421000CF90089580E090E0DC01E8CFCF938091CB
:10422000D703811154C010924F1010925010109269
:10423000511010921D1010921C1010921F1010920D
:104240001E101092211081E08093201082E2809352
:1042500022101092271010922610EBE3F0E129E4CF
:1042600030E18FEF81932E173F07E1F7C1E0C09354
:1042700038102DEA35EB30932E1020932D10C0937B
:104280002F10109230101092311090E49093321051
:10429000109233102CEA35EB30934A1020934910DA
:1042A0002FE131E030931B1020931A109EE1909380
:1042B0003F1091E1909340109CE190933D108093CA
:1042C0003C1080933B100E94F7D4C093D70381E049
:1042D0008093D6038BE190E190935F0F80935E0F04
:1042E0001092610F1092600F53985B9A52985A9AED
:1042F0003898409A0CDF10921304CF910895FC0176
:1043000080E0309749F09491992331F0907C903877
:1043100009F08F5F3196F7CF0895009751F0FC01B7
:1043200080E09191992331F0907C9038D1F38F5FA8
:10433000F8CF80E00895B0E0A0E0E1EAF1E20C946B
:1043400058F4EC015B018A01FB01099587FD10C05F
:10435000C82ED12CF12CE12C2196F801C082D182FB
:10436000E282F382CE01CDB7DEB7EAE00C9474F4BA
:10437000982F907E903CA9F48F7190E0B0E0A0E07F
:104380006C017D0156E0CC0CDD1CEE1CFF1C5A9527
:10439000D1F7CE010196F50109958F73C82A2296AF
:1043A000DCCF982F907F903E11F58F7090E0B0E0B9
:1043B000A0E06C017D0136E0CC0CDD1CEE1CFF1C86
:1043C0003A95D1F7CE010196F50109958F73C82A68
:1043D00046E0CC0CDD1CEE1CFF1C4A95D1F7CE014B
:1043E0000296F50109958F73C82A2396B6CF982FA8
:1043F000987F903F79F5877090E0B0E0A0E06C0185
:104400007D0186E0CC0CDD1CEE1CFF1C8A95D1F7EB
:10441000CE010196F50109958F73C82A96E0CC0C60
:10442000DD1CEE1CFF1C9A95D1F7CE010296F5011A
:1044300009958F73C82A26E0CC0CDD1CEE1CFF1CEE
:104440002A95D1F7CE010396F50109958F73C82AF5
:10445000249683CF982F907C903841F4807C8038CC
:1044600069F42196CE01F5010995F8CF8E7F8D3F35
:1044700028F02196CE01F5010995F8CFC12CD12C59
:1044800076016BCF9CE0899F802D112491E0980FDD
:104490009093D5032CE0280F2093F80630E02E5F90
:1044A0003F4F40914C104217130619F014F080E072
:1044B000089520914E109217D0F7662341F08E5F39
:1044C0000E94DCD58091F8068E5F0E94DCD5809139
:1044D000F80690914C10891750F320914E1090914E
:1044E000D503291720F310924F108093501081E0CC
:1044F00008952091D403022E000C330B821713066B
:1045000041F08093D4036FEA73E188E190E10C9469
:10451000A5D60895ACE0B0E0E0E9F2E20C945AF4DC
:104520006F3F71058105910509F070F484E190E118
:1045300059DBE0911C10F0911D103196849190E0B0
:104540002C96E8E00C9476F4F0904F10E090501028
:104550002091D60321110FC04DEE5FE06E2D8F2DFF
:104560000E9456D790E080E0F80EF0924F10E09253
:1045700050109927E5CFC0901C10D0901D1028E155
:1045800030E13A8329832F2D30E03C832B832E2D7D
:1045900030E03E832D8318861F822FEF3FEF3A874E
:1045A00029871C861B860FE91DE19E012F5F3F4F67
:1045B000AB01BC01C6010E9479C8B60188E190E157
:1045C0000E94A5D68F819885CFCF4F925F926F9230
:1045D0007F928F929F92BF92CF92DF92EF92FF9243
:1045E0000F931F93CF93DF93CDB7DEB728970FB606
:1045F000F894DEBF0FBECDBF7C016A014901FB010B
:1046000090818CE0989F800D1124982FF7012081D4
:10461000822F880F820F880F80934F109093501035
:104620004115510561F1FA82E9827C836B830111A6
:104630001FC0AE014B5F5F4FB401C6017CDE6C0151
:104640006D817E818F819885611571058105910548
:10465000B1F060DFF70180818F5F8083853148F39F
:10466000CE0101960E94C517E4CFB12C860129C066
:104670008A01B12C26C0452846284728B1F728963C
:104680000FB6F894DEBF0FBECDBFDF91CF911F9163
:104690000F91FF90EF90DF90CF90BF909F908F9001
:1046A0007F906F905F904F900895B39407C0B110C2
:1046B0002DC001151105C9F20F5F1F4F011511051E
:1046C000A9F2AE014B5F5F4FB401C60134DE6C014D
:1046D0004D805E806F8078844114510461047104C0
:1046E000A9F0F0E24F1651046104710401F3D30103
:1046F000C2018D97A109B1090297A105B10530F05A
:104700004BE2441651046104710479F6F70180818B
:10471000482F4B0D5527551F4631510534F0853034
:1047200020F0CE0101960E94C51781E0411451048A
:104730006104710409F480E0B80EF70180818B0DEB
:104740008083BB2009F497CFBA94AE014B5F5F4FD3
:10475000B401C801F0DD8C016D817E818F81988567
:10476000D9DEEFCFA3E0B0E0E8EBF3E20C9450F435
:104770004C013B015A011901280181E08093640436
:104780004091E0065091E1066091E2067091E306E7
:10479000411551056105710571F0141615060CF0EF
:1047A00080E0809360041092E0061092E10610927F
:1047B000E2061092E306109160048091CE068B838E
:1047C0001092CE06811105C080916C01882309F4F6
:1047D00069C0C20194DD082F80E0C114D10411F03A
:1047E000C6018DDD1A821982E114F104B1F4402F63
:1047F00050E0282F30E0CA01820F931F46976CF4D7
:1048000085E190E0841B950B821B930B97FD01962D
:10481000959587958A8381E0898301E02FEB37E1C5
:10482000A201BE016F5F7F4FCE010296CEDEE11482
:10483000F10489F08A81882321F01A8289818F5FAF
:10484000898300E022EC37E1A701BE016F5F7F4F53
:10485000CE010296BADEC114D10451F000E02FEB74
:1048600037E1A601BE016F5F7F4FCE010296ADDE3C
:1048700041E04127B30181E00E943FD6C4013FDD02
:10488000412FB40194E1981B892F0E943FD6EB8100
:10489000EE2341F0111101C05101A114B10431F016
:1048A000F50109952396E2E10C946CF457DBFACFFD
:1048B000CF92DF92EF92FF920F931F938CE1C82E5D
:1048C00083E1D82EF12CE12C0FE213E130E020E05F
:1048D0004FE65FE16EE173E185E293E143DF1F9113
:1048E0000F91FF90EF90DF90CF900895B0E0A0E09F
:1048F000ECE7F4E20C9458F4ADB6BEB681EB91E16E
:10490000FEDC90E001962DB73EB7281B390B0FB6A1
:10491000F8943EBF0FBE2DBF8DB79EB701967C01A8
:1049200061EB71E10E94B2EC8091D5060EE711E1D6
:10493000813031F009E611E1823011F001E911E135
:1049400082EAC82E81E1D82E28E63FE14FE65FE1FA
:1049500064EA71E18BEA91E105DF0FB6F894BEBE1F
:104960000FBEADBEEAE00C9474F4CF93DF93FC016C
:1049700025AD211104C021E025AF0E94F7D4C091DC
:104980001A10D0911B10E0914910F0914A1082E06A
:104990000995E0914910F0914A1081E0099530E0C5
:1049A00020E044E1BE0188E190E10E94F2D42BE4D2
:1049B00030E147E1BE0188E190E10E94F2D4E0914C
:1049C0004910F0914A1080E00995DF91CF91089548
:1049D0004F925F926F927F928F929F92AF92BF920F
:1049E000CF92DF92EF92FF92CF93DF9300D000D06F
:1049F000CDB7DEB70E9462D46B017C0180912701A4
:104A00008F3FC1F10E9462D480900304909004040F
:104A1000A0900504B0900604681979098A099B09D9
:104A200097FD28C080910010909101108F5F8F70CA
:104A3000891701F1E0912701E43008F0DCC024E09F
:104A4000E29FF0011124E257FE4F80819181A28103
:104A5000B38189839A83AB83BC8320E030E0A901D2
:104A6000BE016F5F7F4F80E49FE00E9466CB8FEFB7
:104A7000809327014CDB8091150482FFC5C0809193
:104A8000120481111DC091E09093120480911A04C8
:104A900089278093CE0610921A0483E080936C01DC
:104AA000109215040E9462D46C507E4F8F4F9F4F1E
:104AB000609316047093170480931804909319045C
:104AC00080910E0490910F04A0911004B0911104F4
:104AD000A7019601281B390B4A0B5B0BDA01C901B0
:104AE000B7FF05C080916104882309F4F5C1D7019F
:104AF000C6018C599F4FAF4FBF4F80930E049093C8
:104B00000F04A0931004B093110460911304062EB7
:104B1000000C770B77FF03C0719561957109909137
:104B2000130480910D04981372C0633008F06FC0B5
:104B3000109213048091130480930D04643008F0E4
:104B400076C08091CE068111F4C0809112109091B0
:104B500013103CE38B31930709F00FC180916D0175
:104B6000882309F4F8C0815080936D010E94BB89AD
:104B70008090270790902807A0902907B0902A07D7
:104B800081110E94C889D501C4013AE0B695A79564
:104B9000979587953A95D1F7009751E0A507B1050C
:104BA00020F08FEF9FEFA0E0B0E0969587952091E1
:104BB0006C01211111C1309161043111B9C1809191
:104BC0001210909113108B519C4309F498C180915D
:104BD0006404811194C18091090490910A04A09108
:104BE0000B04B0910C04C81AD90AEA0AFB0AF7FCB4
:104BF00094C16ED992C180916E0190916F01A09184
:104C00007001B091710125CF1092120459CF633019
:104C100009F090CF8091130487FD07C081E0880FD1
:104C2000880F8093130464E085CF8FEFF8CF8091D5
:104C3000F50621E030E040E050E0882309F456C05A
:104C40008090F1069090F206A090F306B090F406E2
:104C500081149104A104B104E9F170E090E080E0D6
:104C60000E946EED20E030E040E85EE30E94CFED70
:104C70002B013C01C701B601681979098A099B0912
:104C80000E946EED9B01AC01C301B2010E94FFF4D2
:104C900020E030E04AE754E40E94CFED4B015C0194
:104CA00020E030E040EA52E40E94EBF524E630E0F8
:104CB00040E050E087FF12C020E030E040EF51E4D8
:104CC000C501B4010E94EBF52AE030E040E050E07D
:104CD00087FF04C021E030E040E050E0C092F106E0
:104CE000D092F206E092F306F092F406A09113043B
:104CF0000A2E000CBB0B0E94E0F324E030E040E001
:104D000050E00E94BAF38091E0069091E106A091F4
:104D1000E206B091E306820F931FA41FB51F809394
:104D2000E0069093E106A093E206B093E3061092AA
:104D30001304D701C6018856954CAF4FBF4F8093DF
:104D4000090490930A04A0930B04B0930C0481E02F
:104D500080936C01FACE8CE080936D018091070402
:104D600090910804009729F001979093080480938C
:104D7000070481E080936C01F9CE8059934B09F0D0
:104D8000F5CE80916D019FEF980F90936D01811189
:104D9000EDCE8091F6068F5F8093F6069091F70630
:104DA00024E0891708F02CE020936D01981710F487
:104DB0001092F60681E080936C01D701C6018856F7
:104DC000954CAF4FBF4F8093090490930A04A09372
:104DD0000B04B0930C04CACE009741F04091070435
:104DE000509108044817590708F0E9CE80916104F2
:104DF000811111C0223038F0243008F43FC0243033
:104E000011F410926C0184E190E1AFDD81E08093B8
:104E1000DC068093610483E06CDB81E080933810D2
:104E2000E0911210F091131009951092DC06809118
:104E30006104811127C01092CE06809112109091CA
:104E400013108B519C4309F0C2CE0E9462D4DC0146
:104E5000CB018C199D09AE09BF0980900704909081
:104E60000804B12CA12C88169906AA06BB0608F0E6
:104E7000A6CE9093080480930704A1CE81E080938E
:104E80006C01C1CF88E190E10E9475D691E081115B
:104E900001C090E090936104882369F28091121020
:104EA000909113108B519C43B9F40E9462D4DC01A1
:104EB000CB018C199D09AE09BF09C0900704D090A1
:104EC0000804F12CE12CC816D906EA06FB0620F4EA
:104ED00090930804809307040F900F900F900F9009
:104EE000DF91CF91FF90EF90DF90CF90BF90AF9088
:104EF0009F908F907F906F905F904F90089558E9AA
:104F0000C50E5AE3D51EE11CF11CC0920904D092D3
:104F10000A04E0920B04F0920C0480916104811168
:104F2000DBCF80916C018130B9F610926C01D4CF47
:104F3000009709F470CF52CFACE0B0E0E2EAF7E2BC
:104F40000C945AF4F0904F10E09050102091D6033A
:104F5000211112C04DEC5FE06E2D8F2D0E9456D7AF
:104F600090E080E0F80EF0924F10E09250109927F8
:104F70002C96E8E00C9476F4C0901C10D0901D1094
:104F800028E130E13A8329832F2D30E03C832B83C5
:104F90002E2D30E03E832D8318861F827A87698705
:104FA0001C861B860FE91DE19E012F5F3F4F4FEBD3
:104FB00057E1BC01C6010E940EC9B60188E190E12B
:104FC0000E94A5D68F819885CDCFA4E0B0E0EBEE0E
:104FD000F7E20C9456F47C01062F5A01122F862F0B
:104FE000660F990B9C012E573E4F690186E0882E73
:104FF000912C11160CF03DC0AE014F5F5F4F6FEB6F
:1050000077E1C70198D97C0169817A818B819C8184
:10501000611571058105910561F16D33710581059A
:10502000910509F450C06E3771058105910509F4A9
:105030004AC06A3271058105910501F507FF11C06B
:1050400081E190E10E3F11F08DE090E136E0130236
:10505000B001112471DF66E070E00E9422F4161B9B
:1050600060C065E470E080E090E054DA115069F5CA
:1050700010E0812F2496ECE00C9472F464327105F8
:105080008105910571F4A114B104D1F0E6E01E028E
:10509000B0011124C50150DFB4010E9422F4161B97
:1050A000A8CF603471058105910551F41150F601C6
:1050B0006081062E000C770B880B990B2BDA99CFA9
:1050C00029DA115096CF07FDBBCF61E089819A8123
:1050D000AB81BC81CD97A105B10509F460E0600FFB
:1050E0006A30A4F01150862F6AE00E9401F4092F63
:1050F000682F880F770B605D7F4F072E000C880BA1
:10510000990B08DA112309F4B3CF602F062E000C97
:10511000770B605D7F4F072E000C880B990BFAD937
:105120001150112309F4A4CF86E01802B001112414
:10513000C70102DF66E070E00E9422F4161B99CFDF
:10514000E4E1F0E183AF64AF6FEF7FEFCA01F4CE2B
:10515000ACE0B0E0EEEAF8E20C945AF4F0904F10B4
:10516000E09050102091D603211112C04DEA5FE06B
:105170006E2D8F2D0E9456D790E080E0F80EF092B1
:105180004F10E092501099272C96E8E00C9476F49A
:10519000C0901C10D0901D1028E130E13A83298383
:1051A0002F2D30E03C832B832E2D30E03E832D834A
:1051B00018861F827A8769871C861B860FE91DE186
:1051C0009E012F5F3F4F42EC57E1BC01C6010E9498
:1051D0000EC9B60188E190E10E94A5D68F8198851D
:1051E000CDCF6FEF7FEFB4CFB0E0A0E0EAEFF8E211
:1051F0000C9458F45C016B0182D8E82EC6018DD85E
:10520000F12C03E110E0081B1109C5E20E151F0582
:105210000CF4CFE18C2F90E09C012E5F3F4F40912A
:105220004C104217130609F08CF5099720914E1087
:10523000281719065CF14091FA065091FB0660911F
:10524000F90610924F10C093501025E1C501BDDE44
:10525000D1E0C114D104A9F06AE370E080E090E0ED
:1052600059D90E151F05A4F4C45F80914C10C817BE
:1052700040F020914E104C2F4950550B2417150625
:105280004CF4CDB7DEB7EAE00C9474F4D0E0E1CF93
:10529000DD23B9F3802F880F080F000F00934F1004
:1052A000C093501060E270E080E090E033D9C60116
:1052B00098DFE7CF0F931F93CF93DF93FC01EB01B0
:1052C0008091E0069091E106A091E206B091E3069C
:1052D000B7FF08C01092E0061092E1061092E206B5
:1052E0001092E3068091E4069091E506A091E6060F
:1052F000B091E7064091E0065091E1066091E20628
:105300007091E30684179507A607B70744F48093C6
:10531000E0069093E106A093E206B093E306809145
:105320006C018823D9F06091E0067091E1068091CC
:10533000E2069091E3060091E8061091E9062091BB
:10534000EA063091EB06600F711F821F931F0995CB
:10535000BC018091EE069091EF0646DF8091CE066B
:10536000811108C08091DD068823A9F180916C012C
:10537000882389F18091EC069091ED060097B1F0B9
:105380004091E0065091E1066091E2067091E306DB
:105390000091E8061091E9062091EA063091EB06AB
:1053A000400F511F621F731FFE010995E091DE0639
:1053B000F091DF06309741F08091DD06811103C046
:1053C0008091CE06811109958091CE061092CE066D
:1053D00081110E94AE1FDF91CF911F910F9108950F
:1053E00069E474E781E79AE165CF6DE377E18BE7E4
:1053F0009AE160CF61E577E185E89AE15BCF67E606
:1054000077E18FE89AE156CF6BE777E189E99AE196
:1054100051CF69E877E18DE99AE14CCF6DE977E109
:1054200087EA9AE147CF6BEA77E18EEA9AE142CFC9
:10543000ACE0B0E0EEE1FAE20C9456F4982F862F3F
:105440006A017901B02E692F1DD8882309F488C01C
:105450001091D603C701002379F10E947F21A82E65
:1054600080901C1090901D10111142C02FEF3FEF43
:10547000122F23E12A194091FA065091FB06609100
:10548000F906C601A2DDAA2009F46AC0B6E08B9F26
:10549000600111246AE370E080E090E03BD857E0BF
:1054A000C516D10408F442C060E270E080E090E0EC
:1054B00031D8C81AD90AF3CF0E948D21A82E809026
:1054C0001C1090901D10112389F2FE0133968AE082
:1054D000DF011D928A95E9F788E190E19A8389833B
:1054E00008E71DE19E012F5F3F4F42EC57E112C0DC
:1054F000FE0133968AE0DF011D928A95E9F788E183
:1055000090E19A83898308E71DE19E012F5F3F4F59
:105510004FEB57E1B701C4010E940EC9B40188E105
:1055200090E10E94A5D62F813885A2CF4091F80640
:10553000212F30E0A6E0AA9EC00111242E5F3F4F2C
:10554000281739070CF49C0180E8821B80934F10C8
:1055500040935010BB2041F06FEF7FEFC701ECDCB0
:105560002C96ECE00C9472F4C7013BDEF9CFA6E078
:10557000B0E0EDEBFAE20C9450F40E94D11E8E8361
:105580000E9492D12091D9062D83522E2B5F298320
:1055900085E085198A8386E085198B8384E08519E7
:1055A0008C8383E0482E451882E0382E35182AE295
:1055B000622E23E1722E81E0282E25188D81811123
:1055C00042C08091DB06882371F180916C018823B1
:1055D00061F0652D619581E09091DB06911180E08D
:1055E00024E041EA53E10E9463D09E819111C4C13D
:1055F0008D81853009F03AC18091DB06853009F450
:10560000E1C080916C01882361F081E09091DB061C
:10561000953009F080E023E04FE553E16A810E9474
:1056200063D017E0AAC18091CE061092CE068823DF
:1056300061F20E94AE1F8091F006882331F2269617
:10564000E2E10C946CF49D81913071F58091DB0660
:105650008130C9F080916C01882339F21F9280E972
:1056600093E19F938F932F9281E09091DB0691308D
:1056700009F080E08F930E94BA1E0F900F900F9058
:105680000F900F90B2CF8091CE061092CE06882355
:1056900009F370927406609273060E94681F8091ED
:1056A000F0068823B9F2CBCF2D81223009F038C122
:1056B0008091DB068230A1F080916C01882361F03B
:1056C00081E09091DB06923009F080E023E047E82A
:1056D00053E1632D0E9463D08E8181114DC1A1CF12
:1056E0008091CE061092CE06882331F388ED9CE29D
:1056F0000E945EA08091F0068823F1F2A0CF8091F5
:10570000DB068330B1F080916C01882309F430C14D
:1057100081E09091DB06933009F080E023E04AE7D6
:1057200053E1642D0E9463D09E81992309F479CFBF
:1057300023C18091CE061092CE06882321F387E9FB
:105740009EE20E945EA08091F0068823E1F277CF6E
:105750008091CE061092CE06882309F4EDC020E099
:1057600030E04AE754E460910F0770911007809190
:105770001107909112070E94CFED20E030E040E841
:105780005FE30E9487F40E946CF5912C812C83E1E9
:10579000A82E8AE2B82E6B011BE2E12EFF24F394BF
:1057A00000E010E021E030E040E050E06FE077E022
:1057B0008DE693E10E9445D18091F006882309F49B
:1057C000BBC03DCF8091CE061092CE06882309F44F
:1057D00018CF82E591E30E945EA08091F0068823B5
:1057E00009F40FCF2CCF8091CE061092CE068823DD
:1057F00009F445C087EA92E30E945EA08091F0061A
:105800008823E9F11CCF8091CE061092CE06882322
:1058100009F4BBC08EEC93E30E945EA08091F00679
:10582000882309F4B2C00BCF8091CE061092CE0629
:10583000882309F440C089E495E30E945EA080912A
:10584000F0068823C1F1FBCE8091CE061092CE06E1
:10585000882309F44CC00E94CC1F20E040E070E097
:1058600060E088E594E20E94EB1EE9CE2D812630AF
:1058700009F0D7CE8091DB06863009F4B4CF809151
:105880006C01882309F4CDCE81E09091DB0696303F
:1058900009F080E023E046E553E16B810E9463D08C
:1058A00017E081E0810F9D81891316C08091DB068E
:1058B000891709F4B9CF80916C01882369F06D8153
:1058C000651981E09091DB062D81921380E023E041
:1058D00041E453E10E9463D082E0810F9D818913EE
:1058E00015C09091DB062D81921709F4ADCF809100
:1058F0006C01882359F06D81651981E02D81921327
:1059000080E023E04FE253E10E9463D08D818F5FFE
:105910008D839981891352CE1D5F1093DA068FCE45
:105920008D81833009F4EBCE843009F05ECE809116
:10593000DB06843009F40CCF80916C018823C1F020
:1059400011E08091DB06843009F010E060910F07D0
:105950007091100780911107909112070E946BAA15
:1059600000E09C014DE653E16C81812F61DDDCCECE
:105970002E81222309F47ACF15E09D81191391CF4E
:105980008091DB06811709F43ECF80916C0188235A
:1059900009F487CF6D81651981E09091DB062D8137
:1059A000921380E023E04AE453E10E9463D079CF70
:1059B000B0E0A0E0EEEDFCE20C9455F40E9492D130
:1059C000C091D90665E0862E8C0ED6E0DC1B85E002
:1059D000D82EDC1A84E0C82ECC1A83E0B82EBC1A6C
:1059E00082E0A82EAC1A81E0982E9C1A7C2E71942D
:1059F000C1112BC08091DB068823B1F080916C012E
:105A0000882359F081E09091DB06911180E024E039
:105A10004AE053E1672D0E9463D0CF5F8C12E8CF3C
:105A200087E08093DA060CC08091CE061092CE06F5
:105A3000882321F30E94AE1F8091F0068823F1F2A3
:105A4000CDB7DEB7EDE00C9471F4C130E1F5809193
:105A5000DB068130E1F080916C018823F1F211E0E6
:105A60008091DB06813009F010E06091130C709199
:105A7000140C8091150C9091160C0E9438AA00E02D
:105A80009C0146E552E1692D812FD2DCC6CF809181
:105A9000CE061092CE068823F1F20E9439D1E12C75
:105AA0001CE3F12E0CE116E420E030E040E85FE377
:105AB00063E17CE086E592E10E94E8D18091F00606
:105AC000882349F2BDCFC23009F006C18091DB06C0
:105AD0008230D9F080916C01882309F49ECF11E0C7
:105AE0008091DB06823009F010E06091170C709114
:105AF000180C8091190C90911A0C0E9438AA00E0A1
:105B00009C014CE452E16A2DBFCF8091CE061092E9
:105B1000CE068823F9F20E9439D1E12C1CE3F12E44
:105B20000CE116E420E030E040E85FE367E17CE070
:105B30008CE492E10E94E8D18091F006882351F232
:105B40007FCF8091DB068330D9F080916C01882370
:105B500009F463CF11E08091DB06833009F010E097
:105B600060911B0C70911C0C80911D0C90911E0C6F
:105B70000E9438AA00E09C0142E452E16B2D84CFE0
:105B80008091CE061092CE068823F9F20E9439D178
:105B9000E12C1CE3F12E0CE116E420E030E040E8BB
:105BA0005FE36BE17CE082E492E10E94E8D18091C6
:105BB000F006882351F244CF8091DB068430D9F07F
:105BC00080916C01882309F428CF11E08091DB06D5
:105BD000843009F010E060911F0C7091200C8091CE
:105BE000210C9091220C0E9438AA00E09C0148E30D
:105BF00052E16C2D49CF8091CE061092CE068823BB
:105C0000F9F20E9439D1E12C1CE3F12E0CE116E4EB
:105C100020E030E040E85FE36FE17CE088E392E180
:105C20000E94E8D18091F006882351F209CF80913B
:105C3000DB068530D9F080916C01882309F4EDCE24
:105C400011E08091DB06853009F010E060912F0CA7
:105C50007091300C8091310C9091320C0E9438AAD6
:105C600000E09C014BE252E16D2D0ECF8091CE06FB
:105C70001092CE068823F9F20E9439D1E12C1CE360
:105C8000F12E0CE116E420E030E0A9016FE27CE0A7
:105C90008BE292E10E94E8D18091F006882359F2CC
:105CA000CFCE8091CE061092CE06882329F10E9495
:105CB00039D1E12C1CE3F12E0CE116E420E030E0B8
:105CC000A90163E37CE08CE192E10E94E8D180913C
:105CD000F006882389F0B4CEC33009F432CFC43043
:105CE00009F46ACFC53009F4A2CFC63009F095CEC9
:105CF0008091DB068630A9F280916C01882309F43B
:105D00008CCE11E08091DB06863009F010E06091C6
:105D1000330C7091340C8091350C9091360C0E94AC
:105D200038AA00E09C014CE152E16D2FADCEACE011
:105D3000B0E0EDE9FEE20C9450F4C090F30BD0908B
:105D4000F40BE090F50BF090F60B8091F70B90912F
:105D5000F80BA091F90BB091FA0B8C159D05AE05CF
:105D6000BF0510F4D701C601C090EF0BD090F00B27
:105D7000E090F10BF090F20BBC01CD016C157D05AC
:105D80008E059F0510F4C701B6010E946EED2B0130
:105D90003C010E9492D12091D9062B872E83822F1D
:105DA0008B5F8D8387E0922F821B8F8386E0821B1F
:105DB000888785E0821B898784E0821B8A8783E04D
:105DC000282E221A82E0382E321A91959C872B8534
:105DD00021112DC08091DB068823C9F080916C01D0
:105DE000882359F081E09091DB06911180E024E056
:105DF0004AE053E16C850E9463D08B858F5F8B876F
:105E00009D819813E4CF88E08093DA060CC08091DE
:105E1000CE061092CE06882309F30E94AE1F809111
:105E2000F0068823D9F22C96E2E10C946CF48B8571
:105E3000813009F07EC08091DB068130F1F08091E5
:105E40006C018823D1F211E08091DB06813009F0EA
:105E500010E06091230C7091240C8091250C90919E
:105E6000260C0E9438AA61E02E81621B00E09C0192
:105E70004BEA52E1812FDCDAC0CF8091CE0610923E
:105E8000CE068823E1F20E9439D12AE037ED43E2C1
:105E90005DE3C301B2010E94CFED4B015C0120E044
:105EA00030E040E05FE40E946AED87FD05C0812C90
:105EB000912CA12C3FE4B32E2AE037ED43E25DE3C1
:105EC0006091230C7091240C8091250C9091260CEC
:105ED0000E94CFED20E030E040E85FE30E9487F4CD
:105EE0000E946CF569837A838B839C83C501B4011E
:105EF0000E9467F57B018C0121E0E21AF10801099B
:105F00001109912C812C2FEFA22E29E2B22EC980EB
:105F1000DA8021E030E040E050E063E27CE08BEAB0
:105F200092E10E9445D18091F006882309F487CF41
:105F30007ACF8B85823009F084C18091DB06823074
:105F4000D9F080916C01882309F457CF11E080913A
:105F5000DB06823009F010E06091270C7091280C6C
:105F60008091290C90912A0C0E9438AA00E09C0193
:105F70004DE952E1632D7ECF8091CE061092CE0680
:105F80008823F9F20E9439D16091FB0B7091FC0BD0
:105F90008091FD0B9091FE0B0E946EED7B018C01B8
:105FA00020E030E048EC52E467E27CE08DE992E1E9
:105FB0000E94E8D18091F006882319F234CF8091B5
:105FC000DB068330D9F080916C01882309F415CF6A
:105FD00011E08091DB06833009F010E060912B0C1A
:105FE00070912C0C80912D0C90912E0C0E9438AA4F
:105FF00000E09C0140E952E1622D3CCF8091CE0649
:106000001092CE068823F9F20E9439D12AE037EDAA
:1060100043E25DE3C301B2010E94CFED4B015C019D
:1060200020E030E040E05FE40E946AED87FD05C0BB
:10603000812C912CA12C9FE4B92E2AE037ED43E26C
:106040005DE360912B0C70912C0C80912D0C909144
:106050002E0C0E94CFED20E030E040E85FE30E948C
:1060600087F40E946CF569837A838B839C83C501D6
:10607000B4010E9467F57B018C0121E0E21AF1086E
:1060800001091109912C812C8FEFA82E89E2B82EDD
:10609000C980DA8021E030E040E050E06BE27CE053
:1060A00080E992E10E9445D18091F006882309F4AD
:1060B0008ACFB9CE8091DB068430E9F080916C0103
:1060C000882309F49ACE11E08091DB06843009F030
:1060D00010E06091EF0B7091F00B8091F10B9091BB
:1060E000F20B0E946EED0E94DAA800E09C0144E8E9
:1060F00052E16A85BFCE8091CE061092CE068823EB
:10610000E9F20E9439D106EC1AE124E630E040E0E1
:1061100050E06FEE7BE084E892E10E9449D28091EA
:10612000F006882359F27FCE8091DB068530E9F0B6
:1061300080916C01882309F460CE11E08091DB0628
:10614000853009F010E06091F30B7091F40B8091B1
:10615000F50B9091F60B0E946EED0E94DAA800E01C
:106160009C0148E752E1698585CE8091CE06109268
:10617000CE068823E9F20E9439D104EC1AE124E624
:1061800030E040E050E063EF7BE088E792E10E947E
:1061900049D28091F006882359F245CE8091DB06E2
:1061A0008630E9F080916C01882309F426CE11E055
:1061B0008091DB06863009F010E06091F70B70915A
:1061C000F80B8091F90B9091FA0B0E946EED0E94F2
:1061D000DAA800E09C014CE652E168854BCE809144
:1061E000CE061092CE068823E9F20E9439D102EC45
:1061F0001AE12AE030E040E050E067EF7BE08CE617
:1062000092E10E9449D28091F006882359F20BCE88
:106210008091CE061092CE06882339F10E9439D1A2
:1062200000EC1AE124E630E040E050E06BEF7BE068
:1062300080E692E10E9449D28091F0068823A9F07D
:10624000F2CD2B85233009F4BACE243009F432CFB5
:10625000253009F469CF263009F4A0CF273009F0A2
:10626000CCCD8091DB06873099F280916C01882338
:1062700009F4C3CD11E08091DB06873009F010E00E
:106280006091FB0B7091FC0B8091FD0B9091FE0BCC
:106290000E946EED0E94DAA800E09C0140E652E107
:1062A0006F81E8CDB0E0A0E0E8E5F1E30C9452F4B2
:1062B0000E9492D1C091D90665E0562E5C0ED3E0C3
:1062C000DC1B82E0782E7C1A81E0682E6C1A4C2E42
:1062D0004194C1112BC08091DB068823B1F08091DD
:1062E0006C01882359F081E09091DB06911180E0E8
:1062F00024E04AE053E1642D0E9463D0CF5F5C123A
:10630000E8CF84E08093DA060CC08091CE0610922C
:10631000CE06882321F30E94AE1F8091F0068823C9
:10632000F1F2CDB7DEB7E0E10C946EF4C13009F0C4
:1063300059C08091DB068130E1F080916C018823A7
:10634000E9F211E08091DB06813009F010E0609104
:10635000EF0F7091F00F8091F10F9091F20F0E946A
:10636000F0A800E09C014FEC52E1662D812F60D82F
:10637000C5CF8091CE061092CE068823F1F220E0A0
:1063800030E040E251E46091EF0F7091F00F8091A6
:10639000F10F9091F20F0E94CFED20E030EE42E13C
:1063A00055E40E9488F40E946CF5912C812C45EFF5
:1063B000A42E49E2B42E6B011CE5E12E12E1F12E70
:1063C00000E010E022ED36EF4FEF5FEF6FEE7FE081
:1063D0008FEC92E10E9445D18091F006882309F468
:1063E000ACCF9FCFC23009F090C08091DB068230E5
:1063F000D9F080916C01882309F480CF11E080915D
:10640000DB06823009F010E06091F30F7091F40F19
:106410008091F50F9091F60F0E94F0A800E09C018A
:1064200040EC52E1672DA2CF8091CE061092CE06AD
:106430008823F9F220E030E040E251E46091F30F6C
:106440007091F40F8091F50F9091F60F0E94CFEDAF
:1064500020E030EE42E155E40E9488F40E946CF5A1
:10646000912C812C25EFA22E29E2B22E6B011CE586
:10647000E12E12E1F12E00E010E022ED36EF4FEFB9
:106480005FEF63EF7FE080EC92E10E9445D1809165
:10649000F006882309F4ADCF44CF8091CE06109248
:1064A000CE068823C9F120E030E048EC52E4609148
:1064B000F70F7091F80F8091F90F9091FA0F0E94E9
:1064C000CFED20E030E04AEF54E40E9488F40E94CF
:1064D0006CF5912C812C89E0A82E8AE2B82E6B01F4
:1064E00010EAE12E1FE0F12E00E010E020E338EF8B
:1064F0004FEF5FEF67EF7FE081EB92E10E9445D1C4
:106500008091F006882341F00CCFC33009F0F6CE1D
:106510008091DB06833009F280916C01882309F4B5
:10652000EDCE11E08091DB06833009F010E0609140
:10653000F70F7091F80F8091F90F9091FA0F0E9468
:1065400087A700E09C0141EB52E16D2F0FCFB0E037
:10655000A0E0EDEAF2E30C9459F40E9492D1C091CC
:10656000D90685E0C82ECC0ED4E0DC1B13E01C1B42
:1065700082E0F82EFC1A81E0E82EEC1ABC2EB194D1
:10658000C1112BC08091DB068823B1F080916C0192
:10659000882359F081E09091DB06911180E024E09E
:1065A0004AE053E16B2D0E9463D0CF5FCC12E8CF5D
:1065B00085E08093DA060CC08091CE061092CE065C
:1065C000882321F30E94AE1F8091F0068823F1F208
:1065D000CDB7DEB7E9E00C9475F4C130B9F5809120
:1065E000DB068130F1F080916C018823F1F2DD242B
:1065F000D3948091DB06813009F0D12C6091030C9B
:106600007091040C8091050C9091060C0E9471A968
:1066100000E09C014FEF52E16E2D8D2D0E94182A53
:10662000C4CF8091CE061092CE068823E1F20E945C
:1066300039D14EEB5AE163E07CE08FEF92E10E94AA
:10664000A4D28091F006882371F2C2CFC23009F043
:106650007FC08091DB068230E1F080916C0188235D
:1066600009F4A3CFDD24D3948091DB06823009F0B6
:10667000D12C6091070C7091080C8091090C9091BD
:106680000A0C0E9471A900E09C0144EF52E16F2DB9
:10669000C4CF8091CE061092CE068823F1F20E94DC
:1066A00039D14CEB5AE167E07CE084EF92E10E9443
:1066B000A4D28091F006882381F28ACF8091DB06F4
:1066C0008330E1F080916C01882309F46ECFDD24E2
:1066D000D3948091DB06833009F0D12C60910B0CB0
:1066E00070910C0C80910D0C90910E0C0E9471A970
:1066F00000E09C0149EE52E1612F8FCF8091CE06E0
:106700001092CE068823F1F20E9439D14AEB5AE169
:106710006BE07CE089EE92E10E94A4D28091F006C9
:10672000882381F255CF8091CE061092CE06882321
:10673000C9F00E9439D148EB5AE16FE07CE08EED60
:1067400092E10E94A4D28091F006882359F040CFB4
:10675000C33009F4B3CFC43009F027CF8091DB06F2
:10676000843009F380916C01882309F41ECFDD2465
:10677000D3948091DB06843009F0D12C60910F0C0A
:106780007091100C8091110C9091120C0E9471A9C3
:1067900000E09C014EED52E16D2F3FCFA3E0B0E051
:1067A000E4EDF3E30C9450F40E9492D12091D906C9
:1067B0002A832B5F298385E09A81891B8B8384E060
:1067C000782E791A23E0422E342C391A82E0682E72
:1067D000691A81E0582E591A292E21942A812111F3
:1067E0002DC08091DB068823C9F080916C0188233D
:1067F00059F081E09091DB06911180E024E04AE0BD
:1068000053E1622D0E9463D09A819F5F9A83298110
:106810009213E4CF86E08093DA060CC08091CE0616
:106820001092CE06882309F30E94AE1F8091F006D5
:106830008823D9F22396E2E10C946CF48A818130AA
:1068400071F59091DB069130B9F080916C0188234D
:10685000D9F281E0913009F080E09091180520E1B3
:1068600032E1911102C02CE032E101E043E152E15A
:10687000652D0E94182AC8CF8091CE061092CE06B0
:10688000882319F3809118052A818227809318059F
:1068900040926C018091F0068823B9F2CBCF8A81B7
:1068A000823009F0CFC08091DB068230C1F0809148
:1068B0006C01882309F4A8CF11E08091DB068230B7
:1068C00009F010E080913001909131010E94799E91
:1068D00000E09C0145E052E1662D812FCACF8091F6
:1068E000CE061092CE06882311F310E000E024E0DB
:1068F00031E050E040E060E371E085E092E10E9429
:10690000D6D28091F006882391F294CF8091DB0655
:106910008330B9F080916C01882309F475CF11E0C0
:106920008091DB06833009F010E080912E01909178
:106930002F010E94799E00E09C014EEF51E1632DF2
:10694000CCCF8091CE061092CE06882319F310E0AA
:1069500000E024E031E050E040E06EE271E08EEFD4
:1069600091E10E94D6D28091F006882399F262CFFD
:106970008091DB068430D9F080916C01882309F482
:1069800043CF11E08091DB06843009F010E0609184
:106990002A0170912B0180912C0190912D010E9470
:1069A00087A700E09C0146EF51E1672D96CF8091CB
:1069B000CE061092CE068823F9F220E030E048ECB3
:1069C00052E460912A0170912B0180912C019091E9
:1069D0002D010E94CFED0E946CF5912C812C89E055
:1069E000A82E8AE2B82E6B0118EEE12E13E0F12EEC
:1069F00000E010E020E030E0A9016AE271E086EFFB
:106A000091E10E9445D18091F006882309F4B4CF2A
:106A100011CF8091CE061092CE06882319F10E94E4
:106A200039D100E81FE124E031E046E950E068E2B6
:106A300071E087EE91E10E94D6D28091F006882322
:106A400089F0F8CE8A81833009F460CF843009F46C
:106A50008FCF853009F0D8CE1092F9068091DB06F1
:106A60008530B9F280916C01882309F4CDCE11E014
:106A70008091DB06853009F010E08091280190912B
:106A800029010E94799E00E09C0147EE51E16B8153
:106A900024CFB0E0A0E0EFE4F5E30C9450F40E94C2
:106AA00092D1C091D90635E0432E4C0E43E0342EEE
:106AB00055EE652E51E7752ED1E0DC1B2C2E21946E
:106AC00082E0582E5C1AC11133C08091DB06882306
:106AD000F1F080916C01882359F081E09091DB0600
:106AE000911180E024E04AE053E1622D0E9463D0DE
:106AF00080919B04882309F4B0C0C23009F44EC0D1
:106B000083E0CF5F4C12DFCF8093DA060CC0809118
:106B1000CE061092CE068823E1F20E94AE1F80912D
:106B2000F0068823B1F2CDB7DEB7E2E10C946CF445
:106B3000C130F1F68091DB068130C9F080916C01A3
:106B40008823B1F281E09091DB06913009F080E07A
:106B500090919B0420E132E1911102C02CE032E1DE
:106B600001E04DEC51E16D2F0E94182AC1CF8091B8
:106B70009B049091CE061092CE069923F9F28C27B1
:106B800080939B0430926C016114710411F00E9497
:106B9000E5718091F006882389F2C5CF8091DB06EC
:106BA0008230F1F080916C01882309F4A9CF11E0C3
:106BB0008091DB06823009F010E0609197047091BB
:106BC00098048091990490919A040E946BAA00E025
:106BD0009C0143EC51E1652D812F0E94182A90CF32
:106BE0008091CE061092CE068823E1F20E9439D120
:106BF00020E030E04AE754E46091970470919804F3
:106C00008091990490919A040E94CFED20E030E8A1
:106C10004BEB54E40E9487F40E946CF585EE882EBD
:106C200081E7982E93E1A92E9AE2B92E6B0116ED19
:106C3000E12E16E0F12E00E010E02CED35E040E012
:106C400050E067E974E083EC91E10E9445D18091C6
:106C5000F006882309F4A6CF66CF82E052CF0C94C9
:106C600094C94F925F926F927F928F929F92BF9240
:106C7000CF92DF92EF92FF920F931F93CF93DF9308
:106C80001092CC031092CB032FE32093CF031092EA
:106C9000CE031092CD031092C7031092C803109236
:106CA000C9031092CA039C01F90190812F5F3F4FE5
:106CB0009032D1F39E34C9F4818190ED980F9A30CF
:106CC00020F08D3211F08B3281F432969F012F5FCC
:106CD0003F4F808180538A3008F46DC09F012F5F41
:106CE0003F4F8081803209F468C0F0930E07E09333
:106CF0000D078F010F5F1F4FC0816AE270E0C8016E
:106D00000E94A6F6009731F0FC0131978081803215
:106D1000E1F31182CD3421F0C43511F0C734D9F537
:106D2000F80180810F5F1F4F8032D1F380538A308A
:106D300090F5C093CF0390E080E06AE0AF014F5F31
:106D40005F4F689F9001699F300D1124C901C09762
:106D50002081820F911D27FD9A95FA0120812053F1
:106D60002A3060F39093CE038093CD03DF013196F8
:106D70002C912032D9F3CD3461F58E31910539F063
:106D8000F0F48731910519F08C31910511F5B0932C
:106D9000CC03A093CB03DF91CF911F910F91FF9074
:106DA000EF90DF90CF90BF909F908F907F906F90EB
:106DB0005F904F900895F90189CFF9018FCF853702
:106DC000910538F08737910510F3803A13E0910769
:106DD000F1F280900D0790900E0740E050E0BA016C
:106DE00030E020E0C12CD12C7601C394FD01319616
:106DF000DC91DD2309F484C0D132F1F4CD34E1F427
:106E000080329105C9F44093C7035093C80360933F
:106E1000C9037093CA03F093CC03E093CB0363E2FE
:106E200070E0CF010E94A6F6009709F4B4CFFC01F0
:106E30001082B1CFDF01DACFD154DA3108F05BC074
:106E4000DF011D91103291F0A0EDA10FAA30E8F002
:106E50001E3271F4A181A053AA30B8F0211531057A
:106E600019F49F0121503109B12C13C0FD01E8CF65
:106E70001D3211F01B3291F7A181B0EDBA0FBA307B
:106E800020F0AE3259F7A281E6CFBE2EB818309767
:106E900059F3AD2FB0E02601370104C0440C551C56
:106EA000661C771CDA95D2F744295529662977297B
:106EB000A355BC4FBC92A081A154AA3108F4BACF0B
:106EC000DF01D191DD2309F491CF00EDB02EBD0E8D
:106ED00019E01B15A8F713EDB12EBD0E11E01B151F
:106EE00078F7DB3269F3FD013196DC91D03209F09D
:106EF0007DCFDF01F8CF21153105E9F69D01DBCF0C
:106F00003093CC032093CB034093C7035093C80323
:106F10006093C9037093CA033ECFFC0165917591DC
:106F20008591949108958091FD06882319F080E061
:106F30000E94A09B80E008958F929F92AF92BF9293
:106F4000CF92DF92EF92FF92CF93DF93EC0180908C
:106F5000920490909304A0909404B090950420E043
:106F600030E0A901C501B4010E946AED882309F44B
:106F700052C0C880D980EA80FB80A7019601C50174
:106F8000B4010E946AED18160CF04AC020919C03CF
:106F900030919D0340919E0350919F03C701B6011C
:106FA0000E946AED882321F1C0929C03D0929D0338
:106FB000E0929E03F0929F032091980330919903F1
:106FC00040919A0350919B03C701B6010E94CFEDF7
:106FD0009B01AC0160E070E080E89FE30E9487F4D1
:106FE000609314017093150180931601909317011B
:106FF0006091140170911501809116019091170113
:10700000DF91CF91FF90EF90DF90CF90BF90AF9046
:107010009F908F90089560E070E080E89FE3F0CF4C
:1070200060E070E0CB01ECCFB0E0A0E0EAE1F8E393
:107030000C9452F4EC01209100053091010540912F
:10704000020550910305688179818A819B810E94A4
:1070500087F44B015C0120910405309105054091B6
:107060000605509107056C817D818E819F810E946C
:1070700087F46B017C01A501940160910C01709172
:107080000D0180910E0190910F010E946AED8823FD
:1070900009F45AC080920C0190920D01A0920E0149
:1070A000B0920F012091900330919103409192038F
:1070B00050919303C501B4010E94CFED2B013C0117
:1070C0000E9498F54B015C0120E030E0A9010E948C
:1070D0006AED87FD6EC020E030E040E850E4C50175
:1070E000B4010E94EBF5181634F4812C912CC0E801
:1070F000AC2EC0E4BC2EA5019401C301B2010E94D4
:1071000087F42B013C0120E030E0A9010E946AEDE8
:1071100087FD53C0409288035092890360928A038E
:1071200070928B03C501B4010E9467F560938603DA
:10713000062E000C770B6F5F7F4F6430710514F0E3
:1071400064E070E060938403D0910A01109186039B
:10715000A7019601609110017091110180911201B7
:10716000909113010E946AED811130C0D11388C043
:1071700020916C0330916D0340916E0350916F0329
:10718000609188037091890380918A0390918B03A9
:107190000E94CFED209170033091710340917203F2
:1071A000509173030E9488F4CDB7DEB7E0E10C94F0
:1071B0006EF4812C912C54019ECF10928803109272
:1071C000890310928A0310928B03ACCFC0921001F6
:1071D000D0921101E0921201F092130120919403D8
:1071E000309195034091960350919703C701B601E2
:1071F0000E94CFED4B015C010E9498F56B017C0170
:1072000020E030E0A9010E946AED87FDFDC020E08A
:1072100030E040E850E4C701B6010E94EBF51816D3
:1072200034F4C12CD12CB0E8EB2EB0E4FB2EA70136
:107230009601C501B4010E9487F44B015C0120E076
:1072400030E0A9010E946AED87FDE2C080928C03C4
:1072500090928D03A0928E03B0928F03C701B60166
:107260000E9467F560938703062E000C770B6F5F13
:107270007F4F6430710514F064E070E06093850323
:10728000C0918703D11305C080910B018C1709F4BD
:1072900070C0809186039091870390930B01809337
:1072A0000A010C2E000CDD0B25E01203C001112495
:1072B000FC01EC0FFD1FEE0FFF1FEE0FFF1FE4564A
:1072C000FB4F208131814281538120938003309391
:1072D0008103409382035093830300918503002E22
:1072E000000C110BFC01E00FF11FEE0FFF1FEE0F62
:1072F000FF1FE456FB4F60817181828193810E9460
:1073000087F460937C0370937D0380937E03909356
:107310007F032091840335E02303F0011124CE0F75
:10732000DF1FCC0FDD1FCC0FDD1FC456DB4F2881C4
:1073300039814A815B8120937803309379034093AC
:107340007A0350937B03E00FF11FEE0FFF1FEE0F48
:10735000FF1FE456FB4F60817181828193810E94FF
:1073600087F460937403709375038093760390930E
:10737000770380908C0390908D03A0908E03B09043
:107380008F0320917C0330917D0340917E035091C7
:107390007F03C501B4010E94CFED2091800330919D
:1073A000810340918203509183030E9488F46B0112
:1073B0007C01C0927003D0927103E0927203F0924C
:1073C00073032091740330917503409176035091BB
:1073D0007703C501B4010E94CFED2091780330916D
:1073E000790340917A0350917B030E9488F4A701AE
:1073F00096010E9487F460936C0370936D038093F1
:107400006E0390936F03B4CEC12CD12C76010FCFB5
:1074100010928C0310928D0310928E0310928F03A2
:107420001DCFACE0B0E0E7E1FAE30C945FF4182F75
:10743000882379F020E030E0A9016091080570917F
:10744000090580910A0590910B050E946AED882339
:10745000F1F0809196048117D1F00E94B2878CE000
:10746000E6E7F1E0DE01119601900D928A95E1F7D1
:10747000CE010196D9DD80919604882361F080E4E5
:107480009FE00E94D487109296040E9446992C9601
:10749000E3E00C947BF481E08093960480E49FE029
:1074A0000E94D686F2CF9091960481E08927B9CFC9
:1074B00080E0B7DF109204051092050510920605D2
:1074C0001092070510920005109201051092020516
:1074D0001092030510920C0510920D0510920E05E6
:1074E00010920F05109208051092090510920A05D6
:1074F00010920B05ECE9F4E020E035E080E090E04C
:10750000A0ECBFE780839183A283B38384839583B8
:10751000A683B78380879187A287B387848795875F
:10752000A687B787808B918BA28BB38B74962E170F
:107530003F0741F708954F925F926F927F928F922B
:107540009F92AF92BF92CF92DF92EF92FF921F93E2
:10755000CF93DF93EC01162F209192043091930486
:107560004091940450919504688179818A819B812E
:107570000E946AED882309F497C0B090960480E0D9
:1075800050DFC880D980EA80FB8020E030E0A9018C
:10759000C701B6010E94EBF518161CF0C12CD12CC6
:1075A0007601C0929204D0929304E0929404F092F7
:1075B00095042DEB37E346E855EBC701B6010E9471
:1075C000EBF587FD0BC02DEB37E346E855E3C7012C
:1075D000B6010E946AED18160CF076C0A70196015C
:1075E00060E070E080E89FE30E94FFF460939803FE
:1075F0007093990380939A0390939B0380EF9FEF7E
:10760000A9E7B4EC80939C0390939D03A0939E0301
:10761000B0939F03BB2009F447C04090400F5090A7
:10762000410F6090420F7090430F8090440F9090F4
:10763000450FA090460FB090470FC090480FD090D4
:10764000490FE0904A0FF0904B0F81E0EADE1123E2
:1076500059F12091400F3091410F4091420F5091CC
:10766000430FC301B2010E946AED81111BC020913A
:10767000440F3091450F4091460F5091470FC5017F
:10768000B4010E946AED81110DC02091480F309124
:10769000490F40914A0F50914B0FC701B6010E940C
:1076A0006AED81110E948399DF91CF911F91FF9024
:1076B000EF90DF90CF90BF90AF909F908F907F9092
:1076C0006F905F904F90089560E070E0CB018ECF97
:1076D0008F929F92AF92BF92CF92DF92EF92FF92E2
:1076E000C0900805D0900905E0900A05F0900B05C0
:1076F00020E030E0A901C701B6010E946AED8823AD
:10770000E1F1A701960160E070E080E89FE30E944C
:10771000FFF46B017C0180900C0590900D05A0900A
:107720000E05B0900F0520E030E0A901C501B401BD
:107730000E946AED882329F1A501940160E070E0C0
:1077400080E89FE30E94FFF4C0929003D0929103DF
:10775000E0929203F09293036093940370939503E5
:107760008093960390939703FF90EF90DF90CF90D4
:10777000BF90AF909F908F900895C12CD12C76012F
:10778000CACF60E070E0CB01DFCFCF92DF92EF9203
:10779000FF926B017C0183E3C816D104E104F1047C
:1077A00070F082E3C81AD108E108F10862E370E0E2
:1077B00080E090E00E94D9D30E943C7FECCFC701CB
:1077C000B6010E94D9D30E943C7FFF90EF90DF90DA
:1077D000CF90089590916B1194FB882780F994FFC6
:1077E00006C081E09091670F911101C080E008957B
:1077F0000E9446CCEFDF882351F080916B1182FD0F
:1078000006C085E691E190937406809373060C940C
:10781000AC9D10921A0410926B01DCDF90916B11F9
:1078200080FB97F990936B1160E088E491E10E94EE
:1078300022200C94681FA4E0B0E0E1E2FCE30C9489
:1078400052F41092F5068091CE061092CE0688234F
:1078500061F020E040E070E060E08BE395EA0E9498
:10786000EB1E2496E0E10C946EF4209136013091E9
:1078700037014091E0065091E106CA01820F931F43
:107880002436310509F019C24730510544F00697F6
:107890008A3091050CF020C28AE090E027C206965B
:1078A0004A3F5F4FACF38091DC06882309F466C23F
:1078B0006091250570912605072E000C880B990B09
:1078C0000E9470EDF1E0F9832091210530912205AD
:1078D00040912305509124050E94EBF518160CF0F9
:1078E00019826091BF067091C006072E000C880BAC
:1078F000990B0E9470ED2091BB063091BC0640911F
:10790000BD065091BE060E94EBF518161CF42981A5
:1079100022602983C980C09202042091500F3091C7
:10792000510F4091520F5091530F6091400F709141
:10793000410F8091420F9091430F0E9488F44B01B8
:107940005C012091540F3091550F4091560F50918A
:10795000570F6091440F7091450F8091460F9091A1
:10796000470F0E9488F469837A838B839C832091DC
:10797000580F3091590F40915A0F50915B0F609101
:10798000480F7091490F80914A0F90914B0F0E94C0
:1079900088F42B013C0120E030E040E251E40E94F9
:1079A000CFED20E030E048EC52E40E94CFED6B01D7
:1079B0007C0120E030E0A901C301B2010E946AED20
:1079C00020E030E040EA50EC87FD04C020E030E0E9
:1079D00040EA50E4C701B6010E9488F420E030E09C
:1079E00040E251E40E94FFF40E9467F52B013C0144
:1079F00080E277FE09C07094609450944094411CDA
:107A0000511C611C711C8DE28093650460E220E1D1
:107A1000421627E25206610471048CF0C301B201E0
:107A200020E137E240E050E00E94BAF3CA01B90118
:107A30002AE030E040E050E00E94BAF3605D6093DD
:107A4000660460E248EE441643E0540661047104A3
:107A50008CF0C301B20128EE33E040E050E00E9418
:107A6000BAF3CA01B9012AE030E040E050E00E94D8
:107A7000BAF3605D60936704C301B20124E630E0AD
:107A800040E050E00E94BAF36AE0C62ED12CE12C0F
:107A9000F12CCA01B901A70196010E94BAF3605DF9
:107AA00060936804C301B201A70196010E94BAF372
:107AB0002B013C01CA01B901A70196010E94BAF34A
:107AC000442009F423C12EE220936904605D609391
:107AD0006A0460E3460E40926B0465E674E08AEF48
:107AE00093E00E94B1F620E030E0A901C501B401A5
:107AF0000E946AED20E030E040E05FEB87FD04C0CB
:107B000020E030E040E05FE3C501B4010E9488F46A
:107B10000E9467F5CB010E94FA9DBC0185EF93E0BE
:107B20000E94B1F620E030E0A90169817A818B8161
:107B30009C810E946AED20E030E040E05FEB87FD31
:107B400004C020E030E040E05FE369817A818B810E
:107B50009C810E9488F40E9467F5CB010E94FA9DE7
:107B6000BC0180EF93E00E94B1F680916B1183FD20
:107B7000DFC030DE882309F4DEC08091631190916C
:107B80006411A0916511B09166110097A105B1052E
:107B900009F4D1C0BC01CD016D597F4F8F4F9F4F6C
:107BA00024E630E040E050E00E9498F360916711D5
:107BB000709168118091691190916A110E9498F3F7
:107BC00029830E945F9D4B015C01162F8091260145
:107BD000C9808C15A1F0C092260128E4C29EB00194
:107BE000112490E080E00E946EED2AE037ED43E240
:107BF0005CE30E94CFED0E946CF56093EF038091EF
:107C00002501181709F4BAC080922501C501B401F5
:107C100020E13EE040E050E00E9498F329013A0163
:107C200089019CE3C92ED12CE12CF12CC501B401B2
:107C3000A70196010E9498F369837A838B839C83C2
:107C4000CA01B901A70196010E9498F36B0140E8AF
:107C5000841641E5940641E0A406B10408F46DC021
:107C6000C501B40120E831E541E050E00E9498F3FD
:107C700029013A015901DF92CF92C80168E170E011
:107C80000E940EF49F938F935F924F928DE390E149
:107C90009F938F938FED93E09F938F930E9403EDBB
:107CA0000FB6F894DEBF0FBECDBF89E09AE049164B
:107CB000510408F05CC088E05AC0243631054CF409
:107CC0008536910504F58A30910534F48AE090E018
:107CD00009C084369105BCF0883EE3E09E0714F0AD
:107CE00087EE93E02817390709F4DDCD909337012B
:107CF000809336011092E0061092E1061092E2069F
:107D00001092E306D0CD84E690E0F0CF662351F0E8
:107D10002EE220936904605D60936A0480E28093A0
:107D20006B04DBCE80E280936A0480936904F6CF13
:107D300084E6898346CF198244CF4114510409F067
:107D400057C2EA81EF93F981FF93DF926F9381E34A
:107D500090E19F938F938FED93E09F938F930E9479
:107D600003ED0FB6F894DEBF0FBECDBF85E0982FB0
:107D7000990F990F891B855A8093DE030E9462D464
:107D80000091D9031091DA032091DB033091DC03D9
:107D90006B017C01C01AD10AE20AF30A970186013D
:107DA00037FD11C02091D80320952093D8036A5441
:107DB0007C4F8F4F9F4F6093D9037093DA0380936A
:107DC000DB039093DC03D090D803D98281E00E943A
:107DD000792280914C108F3080F480914E10883041
:107DE00060F085E2E82E81E1F82E07E025E048E02A
:107DF00064E088E190E10E947BD780910204982F93
:107E0000927048E00CE081FD02C042E102E0809106
:107E10004C10843180F480914E10841760F09923C7
:107E200009F405C281E091E17C0123E068E488E186
:107E300090E10E947BD780914C108431C0F48091F6
:107E40004E108230A0F0C980CC2009F4F3C180919B
:107E50002B07882309F4EEC185EC90E17C0102E157
:107E600023E042E068E688E190E10E947BD78091C0
:107E70004C108C3108F0A0C0809021059090220514
:107E8000A0902305B0902405C0902505D09026052C
:107E9000843198F480914E10883078F080910204FB
:107EA00080FFCBC187E790E17C010CE022E048E055
:107EB00060E388E190E10E947BD780914C1088308C
:107EC00040F4D7FEBDC14BE550E167E08EE20E9471
:107ED000A02880914C108C31B0F480914E108431E8
:107EE00090F020E030E040E05FE3C501B4010E9483
:107EF00088F40E9467F577FFCCC14BE550E16CE157
:107F00008EE20E94A028C090BB06D090BC06E090F4
:107F1000BD06F090BE0680914C10883060F48091D0
:107F2000BF069091C00697FFDDC14BE550E167E0C9
:107F300089E40E94A02880914C108C31B0F480918B
:107F40004E10843190F020E030E040E05FE3C70164
:107F5000B6010E9488F40E9467F577FFEBC14BE5FC
:107F600050E16CE189E40E94A02880914C108C3192
:107F700018F580914E108431F8F080912B078823FA
:107F8000D9F064E6869FC001112481589F4F6FEF9E
:107F900070E00E9422F4CB010E94799E27E6209394
:107FA0004F102CE1209350100E94F12865E270E000
:107FB00080E090E00E948A220DDC882379F1809194
:107FC0004C10843358F580914E108A3238F107E016
:107FD00028E04AE26AE288E190E10E9422D605E0C8
:107FE00022E04CE262E388E190E10E9422D624E0A4
:107FF0004AE061E38AE20E94F2D560911A10709122
:108000001B1082E3809334108BE28093351024E3BD
:1080100030E142E388E190E10E94F2D480914C107B
:10802000853350F480914E10813330F024E04AE4DF
:1080300061E386E30E94F2D580914C10843368F4AA
:1080400080914E10823348F002E02091EF0342E32A
:1080500067E388E190E10E9422D680914C10803342
:1080600078F480914E10883258F08091DE0380932E
:108070004F1080E3809350108FED93E00E94F12821
:1080800080914C10883208F060C080914E108D3184
:1080900008F45BC02BE040E86DE180E00E94F2D57F
:1080A00080914C10873208F050C080914E108F3173
:1080B00008F44BC083E080934F1016E210935010E9
:1080C00068E570E080E090E00E948A228BE0809377
:1080D0004F1010935010C980CC2009F454C185EF83
:1080E00093E00E94F12888E280934F1016E21093EB
:1080F000501069E570E080E090E00E948A2280E301
:1081000080934F1010935010C980CC2009F45EC1A9
:1081100080EF93E00E94F1288DE480934F1016E2E7
:10812000109350106AE570E080E090E00E948A228F
:1081300085E580934F1010935010C980CC2009F42E
:1081400068C18AEF93E00E94F12880914C1083333C
:1081500048F580914E108B3228F183E00E947922FD
:1081600083E080934F1013E31093501066E070E0AB
:1081700080E090E00E948A2281E00E947922809132
:108180003601909137010E94799E2CE020934F1088
:10819000109350100E94F12865E270E080E090E0BA
:1081A0000E948A2280914C10813408F05ACB809131
:1081B0004E10863308F455CB10924F108EE3809307
:1081C00050108AEE9EE00E948D21182F863108F013
:1081D00043C18AEE9EE00E94F128153109F441CB9B
:1081E00060E270E080E090E00E948A221F5FF5CF9D
:1081F0000436110538F4DF926F935F924F9285E257
:1082000090E1A7CDDF926F935F924F928BE190E167
:108210009F938F938FED93E09F938F930E9403ED35
:108220000FB6F894DEBF0FBECDBF86E0A0CD8BEFBA
:1082300090E1FACD8FE890E111CE8FE590E134CE58
:10824000C6010E94799EFC01808193E0803229F46E
:10825000818192E0803209F491E0892F880F880FA4
:10826000D92ED81A8D2D895C80934F1087E080938A
:10827000501023E030E0291B3109CF01820F931FFA
:108280000E94F12869E070E080E090E00E948A227C
:1082900020CECB010E94799EFC01808193E0803248
:1082A00029F4818192E0803209F491E0892F880FCE
:1082B000880FE92EE81A8E2D895C80934F108CE18F
:1082C0008093501023E030E0291B3109CF01820F49
:1082D000931F0E94F12869E070E080E090E00E9426
:1082E0008A2211CE0E94799EFC01808193E0803227
:1082F00029F4818192E0803209F491E0892F880F7E
:10830000880F292F281B822F8E5A80934F1087E0C9
:108310008093501023E030E0291B3109CF01820FF8
:10832000931F0E94F12869E070E080E090E00E94D5
:108330008A2201CECB010E94799EFC01808193E0CC
:10834000803229F4818192E0803209F491E0892F12
:10835000880F880F492F481B842F8E5A80934F1007
:108360008CE18093501023E030E0291B3109CF01CC
:10837000820F931F0E94F12869E070E080E090E096
:108380000E948A22F2CD87E00E942B9480FF13C0C6
:1083900005EF13E0F80161918F01662309F4A3CE84
:1083A0006F320CF06FE3062E000C770B880B990BE5
:1083B0000E948A22EFCF8091FC0680FD90CE6FEF65
:1083C0007FEF86E590E10E949C278DCE87E00E949A
:1083D0002B9481FF13C000EF13E0F80161918F012E
:1083E000662309F499CE6F320CF06FE3062E000C71
:1083F000770B880B990B0E948A22EFCF8091FC06A5
:1084000081FD86CE6FEF7FEF86E590E10E949C278D
:1084100083CE87E00E942B9482FF13C00AEF13E003
:10842000F80161918F01662309F48FCE6F320CF051
:108430006FE3062E000C770B880B990B0E948A22A3
:10844000EFCF8091FC0682FD7CCE6FEF7FEF8EE454
:1084500090E10E949C2779CE81E0C980C11001C0C3
:1084600080E09091DD038917C9F0D090E90ED982A0
:108470008093DD038AEE9EE00E948D21D81608F0DD
:1084800054C029812F5F2983E22FF0E0E651F14F9C
:108490008081807C8038A9F32093E90E0091E90E59
:1084A00010E00651114FC8010E948D21898360E8B8
:1084B00070E0C8010E94A8284981453108F0D1C95F
:1084C00060E270E080E090E00E948A22698164317D
:1084D00009F4C7C960E270E080E090E00E948A225F
:1084E0008981833109F4BDC960E270E080E090E0E9
:1084F0000E948A229981923109F4B3C9292F30E070
:108500002E5F3F4F4AEF4203B001439F700D11248D
:1085100060587F4F8AEE9EE00E94A82860E270E0DB
:1085200080E090E00E948A229CC91092E90EB6CFAA
:1085300051D9882339F080916B1182FB882780F90B
:1085400091E08927089581E00895DC01EC918E2F58
:1085500090E0FC01EE0FFF1FE80FF91FE953F04F09
:1085600080818F77808308951092900082E08093BD
:1085700091001092950010929400C19AE1E7F0E00A
:108580008081826080830895B0E0A0E0EAECF2E4AC
:108590000C9455F4EC017B0188818C3008F0A5C067
:1085A00090E0FC01EE0FFF1FE80FF91FE953F04FB9
:1085B00080818F770E9463CA19821A8288812CE099
:1085C000622F0E94F5F3829FB001112430E020E079
:1085D000AB01420F531FFA01EE0FFF1FE40FF51F0F
:1085E000E953F04F908197FD08C02F5F3F4F2C302B
:1085F000310571F7811101C0B7DF7880072D10E0D8
:108600006801CC0CDD1CF601E00FF11FE953F04FBF
:1086100080818068808377FC68C080E2E81682E011
:10862000F8060CF03FC08A8128E532E0281B3109AA
:1086300087FD3395220F331F220F331F032E000CAB
:10864000440B550B898178E8872E912C881A910864
:1086500087FD9394880C991C880C991C092C000C9C
:10866000AA08BB0860E070E0CB01F7FC0AC0B701C4
:10867000653B710514F064EB70E0072E000C880B6D
:10868000990B281939094A095B090E9489F324EBDF
:1086900030E040E050E00E94BAF3820E931EA41E28
:1086A000B51E74018BE08715D8F0298188E890E029
:1086B000821B910927FD9395880F991F880F991F99
:1086C000E816F906BCF402972FB7F894E601C00F3C
:1086D000D11FC953D04F880F991F9A8389832FBF09
:1086E00062E370E080E090E050D8CDB7DEB7EDE017
:1086F0000C9471F42A8188E592E0821B910927FD90
:108700009395880F991F880F991FE816F906DCF6D4
:10871000C701D9CFCF93DF93EB01682F70E08CEEC8
:108720009FE032DF688179818A819B81643F21E00B
:1087300072078105910520F464EF71E080E090E01C
:1087400024D886B182958170DF91CF910895A4E0FD
:10875000B0E0EDEAF3E40C9460F48EEE92E0A0E079
:10876000B0E089839A83AB83BC83BE016F5F7F4F88
:108770008AE5D0DF2496E2E00C947CF4A4E0B0E03B
:10878000E4ECF3E40C9460F48EEE92E0A0E0B0E050
:1087900089839A83AB83BC83BE016F5F7F4F8AE07E
:1087A000B9DF2496E2E00C947CF4A4E0B0E0EBEDB9
:1087B000F3E40C9460F484EF91E0A0E0B0E08983EE
:1087C0009A83AB83BC83BE016F5F7F4F8CE3A2DFD4
:1087D0002496E2E00C947CF4A4E0B0E0E2EFF3E451
:1087E0000C9460F484EF91E0A0E0B0E089839A8378
:1087F000AB83BC83BE016F5F7F4F80EA8BDF249623
:10880000E2E00C947CF41F920F920FB60F921124A9
:108810000BB60F922F933F934F935F936F937F937A
:108820008F939F93AF93BF93EF93FF9380915D03DB
:1088300087FF27C0109295001092940080915D03ED
:108840008F5F80935D0380915D03082E000C990B70
:108850002091EB0F2817190629F024F080915D0371
:108860008C30DCF1809194009091950004968034D6
:108870009C4908F47DC080919400909195000496E5
:1088800079C080915D03082E000C990B2091EB0FAD
:108890002817190699F294F2E0915D038E2FEE0FDE
:1088A000990BFC01EE0FFF1FE80FF91FE953F04F82
:1088B000808187FFC3CFE0915D038E2FEE0F990B70
:1088C000FC01EE0FFF1FE80FF91FE953F04F808105
:1088D00060E08F770E947DD3B1CF209194003091DA
:1088E0009500E0915D038E2FEE0F990BFC01EE0FCA
:1088F000FF1FE80FF91FE953F04F81819281820F2A
:10890000931F9093990080939800E0915D038E2FC0
:10891000EE0F990BFC01EE0FFF1FE80FF91FE95353
:10892000F04F808187FF11C0E0915D038E2FEE0F25
:10893000990BFC01EE0FFF1FE80FF91FE953F04FF1
:10894000808161E08F770E947DD3FF91EF91BF918D
:10895000AF919F918F917F916F915F914F913F91D7
:108960002F910F900BBE0F900FBE0F901F90189578
:1089700080E49CE990939900809398008FEF809316
:108980005D03E3CF9091C00095FFFCCF8093C600BC
:108990000895CF93DF93EC01FE0184912196882303
:1089A00011F0F0DFF9CFDF91CF9108950F931F936E
:1089B000CF938C01C62F88EA9DE0EBDFC801E9DF89
:1089C0008AE3E0DF80E38C0FDDDF8AE0DBDFCF913D
:1089D0001F910F910895E091210D81E6E89FF0012C
:1089E0001124ED57F24F8081811105C08FE29BE287
:1089F000D0DF8AE0C7CF0895CF92DF92EF92FF9247
:108A00006A017B01C6DF42E0C701B6010E94FE7B1E
:108A1000FF90EF90DF90CF900895CF93DF9369EBB5
:108A20007DE00E94ACCBC091FB0FD091FC0F488140
:108A300059816A817B8180EB9DE0DEDF4C815D8125
:108A40006E817F8182E99CE2D7DF4091F70F5091E0
:108A5000F80F6091F90F7091FA0F8FE89CE2CCDF6C
:108A60008DEA9DE096DF81E19DE193DF8AE08ADF78
:108A7000DF91CF910895C0DF8AE084CFABE4B0E00E
:108A8000E4E4F5E40C9450F470E060E085E40E94C6
:108A9000731E9AA789A7811133C083E40E94281905
:108AA00005E010E0882319F00E94701E8C0183E518
:108AB0000E942819882361F10E94701E9A8389837D
:108AC00060E085E50E945F1E8AAF60E08CE79FE072
:108AD0000E9422200E9462D46D877E878F87988BA8
:108AE0008091690190916A010E9749815A814817D6
:108AF00059079CF081E59FE04CDF0E9446CC03C003
:108B000089E89FE046DFC55BDF4FE2E10C946CF43F
:108B100029EB30E03A832983D3CF8D859E85AF85BD
:108B2000B889805E914BAF4FBF4F8CAB9DABAEAB66
:108B3000BFAB8DE39FE02DDF0E943D7D8FE78093EB
:108B4000270581E080936B0160E089E29FE00E944D
:108B500022208D849E84AF84B8888BA69CA6ADA667
:108B6000BEA61D8E1E8E1F8E18A219A21AA21BA2AF
:108B70001CA21D821E821F8218862FE730E040E073
:108B800050E0298B3A8B4B8B5C8B80E090E4ACE11E
:108B9000B6E489879A87AB87BC871D8A1E8A1F8A9D
:108BA000188EFFE7CF2ED12CE12CF12C1FA618AA8E
:108BB00019AA1AAA1BAA1DA21EA21FA218A611E07A
:108BC000312C212C412C512C320129813A81032E48
:108BD000000C440B550B2BAF3CAF4DAF5EAF402F9D
:108BE000002E000C550B59AF48AF89819A814E96E3
:108BF0009C01990F440B550B23962CAF3DAF4EAF04
:108C00005FAF239789819A814E979C01990F440BFE
:108C1000550B27962CAF3DAF4EAF5FAF27974981DD
:108C20005A8146505109CA01092E000CAA0BBB0BF0
:108C30002B968CAF9DAFAEAFBFAF2B9780916B01E2
:108C4000882309F48FC00E9462D469837A838B835E
:108C50009C83909119052C969FAF2C97992309F42A
:108C600070C00E94CD7E1092190540902105509051
:108C7000220560902305709024052D893E894F8937
:108C8000588DC301B2010E94EBF5181624F44D8AE9
:108C90005E8A6F8A788E29853A854B855C85C3010B
:108CA000B2010E946AED87FF04C049865A866B862E
:108CB0007C866BAD7CAD8DAD9EAD0E9470ED698FF5
:108CC0007A8F8B8F9C8F112309F46BC19B01AC01B0
:108CD000C301B2010E94EBF518169CF589819A81B7
:108CE000AB81BC8188199909AA09BB09AC01BD01F6
:108CF000485853416109710977FD23C049895A8950
:108D00006B897C894C195D096E097F09759567959A
:108D100057954795409327058DA39EA3AFA3B8A76A
:108D2000298D3A8D4B8D5C8D2D8B3E8B4F8B588FC3
:108D300089819A81AB81BC818D879E87AF87B88BF3
:108D400010E023966CAD7DAD8EAD9FAD23970E9454
:108D500070EDA30192010E946AED87FF21C082EAB3
:108D60009EE017DE10926B010E943D7DC6CE4BEE59
:108D7000C42ED12CE12CF12C6BC124E130E040E079
:108D800050E0298B3A8B4B8B5C8B34E1C32ED12C7A
:108D9000E12CF12C6BC1C98ADA8AEB8AFC8A66C1A4
:108DA00089819A81AB81BC812BA53CA54DA55EA58F
:108DB000821B930BA40BB50BB7FD47C089A50E947E
:108DC0009F7C8AE0DFDD89819A81AB81BC81805301
:108DD000984FAF4FBF4F8BA79CA7ADA7BEA79FA52E
:108DE000911166C028A939A94AA95BA9C301B2019A
:108DF0000E94EBF518160CF045C020E030E040E092
:108E000050E4C301B2010E9488F468AB79AB8AAB2D
:108E10009BAB29813A814B815C81205E314B4F4F66
:108E20005F4F2CAB3DAB4EAB5FAB2B966CAD7DADCE
:108E30008EAD9FAD2B970E9470EDA30192010E9411
:108E40006AED881F8827881F8FA78D859E85AF852F
:108E5000B88988169906AA06BB0610F4D501C40184
:108E600029813A814B815C81281B390B4A0B5B0BB2
:108E7000DA01C90181389F44A241B10570F184E84B
:108E80009EE06FCF89819A81AB81BC812CA93DA9DD
:108E90004EA95FA9821B930BA40BB50B4BEF56E2B7
:108EA0006AE077E2B7FDD1CF80E00E94E67DCDCFCA
:108EB00027966CAD7DAD8EAD9FAD27970E9470ED6E
:108EC0009B01AC01C301B2010E946AED87FFBDCFD7
:108ED00047E557E267E677E2E7CF48AD59AD42157F
:108EE00053050CF05BC053E0251631040CF456C05A
:108EF00087E29EE04EDD8AE09EE04BDD4D815E81A3
:108F00006F81788583E29EE0B6DD8AE09EE041DDF8
:108F100049A15AA16BA17CA18FE19EE0ACDD8AE062
:108F20009EE037DD4D8D5E8D6F8D78A18BE19EE0EB
:108F3000A2DD8AAD882309F4E0CD2D813E814F81E9
:108F40005885209328053093290540932A0550938E
:108F50002B052CEA35EC47E25EE369A17AA18BA1EF
:108F60009CA10E94CFED60932C0570932D058093FA
:108F70002E0590932F052CEA35EC47E25EE36D8DCC
:108F80007E8D8F8D98A10E94FFF4609330057093C1
:108F900031058093320590933305AFCD0E94E824CC
:108FA0004DCE298D3A8D4B8D5C8DC301B2010E944F
:108FB0006AED87FFC6CE89819A81AB81BC812D8500
:108FC0003E854F855889821B930BA40BB50BAC01D2
:108FD000BD01485853416109710977FDB2CE211492
:108FE000310409F4F2C08DA09EA0AFA0B8A4880EF1
:108FF000991EAA1EBB1E2DA13EA14FA158A5281B3C
:10900000390B4A0B5B0BC701B6010E9489F3A5011E
:1090100094010E94BAF3C988DA88EB88FC88C20EF2
:10902000D31EE41EF51E34E1C316D104E104F1049D
:109030000CF4A3CE4CEEC416D104E104F1040CF000
:1090400096CE50E8C516D104E104F1040CF4A3CE89
:10905000C98ADA8AEB8AFC8A8EEF90E0A0E0B0E061
:109060008C199D09AE09BF096C017D0181E29FE069
:1090700090DC69897A898B899C890E942F368CE1E2
:109080009FE087DCC701B6010E942F3649855A85CB
:109090006B857C8585E19FE0AFDC4D895E896F89BA
:1090A000788D8EE09FE0A8DC33E0231631040CF4C9
:1090B0008CC0C701B6010E9470ED20E030E040E8AE
:1090C00050E40E94CFED6D837E838F83988729853E
:1090D0003A854B855C856D897E898F89988D0E9444
:1090E00087F42BED3FE049E450E40E94CFED20E00F
:1090F00030E040E05FE30E94CFED9B01AC016D8169
:109100007E818F8198850E94FFF469877A878B879B
:109110009C87C501B4010E9470ED2FE632E143E85F
:109120005AE30E94CFED4B015C012AE939E949E19C
:109130005FE369857A858B859C850E94CFED6D8381
:109140007E838F8398879B01AC010E9488F4A501E0
:1091500094010E94FFF469A37AA38BA39CA32D81A1
:109160003E814F815885C501B4010E94CFED20E0BA
:1091700030E040E05EE30E94CFED6D8F7E8F8F8FF9
:1091800098A349855A856B857C8588E09FE034DC0F
:10919000B501A40182E09FE06EDC83EF9EE0F9DB85
:1091A0004D815E816F8178858DEE9EE025DC49A141
:1091B0005AA16BA17CA187EE9EE01EDC4D8D5E8DD9
:1091C0006F8D78A181EE9EE056DC89899A89AB8902
:1091D000BC898C0D9D1DAE1DBF1DB595A79597959E
:1091E00087958093270549AD4F930F933F922F9218
:1091F0008DEC9EE09F938F9328ED3EE03F932F935D
:109200001F920E9405205FEF251A350A0FB6F894C9
:10921000DEBF0FBECDBF298D3A8D4B8D5C8D29876A
:109220003A874B875C8789809A80AB80BC802C967C
:109230001FAD2C9786CDCF93DF936CE97DE00E9424
:10924000ACCBC6E6D6E0488159816A817B8183E94F
:109250009DE0D2DB4C815D816E817F8182E99CE261
:10926000CBDB488559856A857B858FE89CE203DCEA
:10927000DF91CF91089562E177E00E94ACCB6091DD
:10928000FF0B7091000C8091010C9091020C0E94D8
:109290006EEDAB01BC0189E097E0AEDB40912F0C95
:1092A0005091300C6091310C7091320C86E097E057
:1092B000A3DB4091330C5091340C6091350C7091CC
:1092C000360C83E097E098DB40910F075091100730
:1092D000609111077091120780E097E0CCCBCF939B
:1092E000DF9366EB76E00E94ACCBCFEEDBE04CA9DF
:1092F0005DA96EA97FA98DEA96E07EDB48AD59ADE8
:109300006AAD7BAD8AEA96E077DB4CAD5DAD6EADC4
:109310007FAD83E097E0AFDBDF91CF910895CF93EE
:10932000DF9362E976E00E94ACCBCFEEDBE04CA1AC
:109330005DA16EA17FA189E896E05EDB48A559A5F5
:109340006AA57BA582E99CE257DB4CA55DA56EA5CD
:109350007FA58FE89CE250DB48A959A96AA97BA99F
:109360008CE89CE288DBDF91CF910895CF93DF9367
:109370006DE676E00E94ACCBCFEEDBE068817981D0
:109380008A819B810E946EEDAB01BC0184E696E070
:1093900033DB6C817D818E819F810E946EEDAB01FC
:1093A000BC0182E99CE228DB688579858A859B85FA
:1093B0000E946EEDAB01BC018FE89CE21DDB6C8569
:1093C0007D858E859F850E946EEDAB01BC018CE88A
:1093D0009CE251DBDF91CF910895811105C081EAB4
:1093E00094E0D7DA8AE0CECA85EA94E0FACF8AE937
:1093F00094E0CFCA84E994E0CCCA0F931F93CF9333
:1094000081110EC0C42F8B01F5DF83E19CE0C1DA2E
:10941000C801BFDACC2321F08AE3B4DA8AE0B2DAF9
:10942000CF911F910F910895CF9384E50E94281941
:10943000C0E08823E9F00E94351EC82F1816C4F436
:10944000D9DF8DE49FDA6091CD037091CE0390E077
:1094500080E00E9437C98FE997E09BDA6C2FCC0F30
:10946000770B880B990B0E9494C98AE08BDACFEFB7
:109470008C2FCF910895CF93C82F41E066E777E016
:10948000BCDFC11101C0B6DF40912805509129050C
:1094900060912A0570912B058DE697E0ADDA2CEAF4
:1094A00035EC47E25EE360912C0570912D058091CB
:1094B0002E0590912F050E94FFF4AB01BC018AE6B6
:1094C00097E09ADA2CEA35EC47E25EE360913005EA
:1094D0007091310580913205909133050E94CFED56
:1094E000AB01BC0187E697E087DA8AE04BDACF91DF
:1094F0000895CF9381110EC040E062E576E07DDFF4
:1095000080919B04811103C085E496E042DA8AE0F1
:1095100039DA70DFC0919B048CE396E03ADA6C2F65
:1095200070E090E080E00E9494C9409197045091CF
:1095300098046091990470919A0489E396E09BDA0B
:10954000CF910895CF93DF93EB0123DABE01DD0FB6
:10955000880B990B0E9494C9DF91CF9108950E94C6
:109560003D7D0E94CE9D8091B606813091F03FDF17
:109570008DE194E00EDA60E083E194E00E94222025
:109580006EE571E080E090E00E94C53B81E0809351
:10959000B6060895CF92DF92EF92FF921F93CF937A
:1095A000DF9300D000D0CDB7DEB78EEEC82E82E0BC
:1095B000D82EE12CF12CC982DA82EB82FC82BE012A
:1095C0006F5F7F4F8AE5A6D881110EC010E0812F12
:1095D0000F900F900F900F90DF91CF911F91FF9000
:1095E000EF90DF90CF900895F7D8C982DA82EB82AE
:1095F000FC82BE016F5F7F4F8AE58CD8182F8823CD
:1096000029F3F5DE8EEF94E0C4D9A9DFE0CFCF9245
:10961000DF92EF92FF921F93CF93DF9300D000D0A1
:10962000CDB7DEB78EEEC82E82E0D82EE12CF12C1D
:10963000C982DA82EB82FC82BE016F5F7F4F8AE0D3
:1096400069D881110EC010E0812F0F900F900F90FC
:109650000F90DF91CF911F91FF90EF90DF90CF900F
:109660000895BAD874D88AD872D8C982DA82EB82BF
:10967000FC82BE016F5F7F4F8AE04CD8182F882391
:1096800011F3B5DE81EC94E084D969DFDDCFEC0124
:109690008B01F42E0E943D7D209709F479C0AADE4B
:1096A000CE0177D98AE06ED90115110511F403EBCB
:1096B0001BE20E940E211F930F93DF93CF9383EE43
:1096C00093E09F938F9381E08F930E9405200E94E7
:1096D000681FC0911910C695C69584E190E10E945B
:1096E000B524DC2FDD0F1D2F1C0F8DB79EB70796FD
:1096F0000FB6F8949EBF0FBE8DBF83E00E94792203
:1097000010924F10C09350108AEE9EE00E94F128F4
:1097100010924F10D09350106FEF7FEF84ED93E0D5
:109720000E949C2710924F10109350106FEF7FEF04
:1097300087EC93E00E949C2788E190E10E9475D617
:109740008111DBCF54DE83EF93E023D989EE93E0E0
:10975000019739F000C00000EEE5F9E03197F0F72D
:10976000F7CFF89489EE93E0019739F000C000003C
:10977000E6EEF3E03197F0F7F7CF0E943D7DFF2052
:1097800021F00E943383A895FECF0E94EE82FBCF8A
:109790000115110511F403EB1BE2CAEED3E089CFEA
:1097A000CF93DF93EB01F5D8BE0190E080E00E94FB
:1097B00037C98AE0E7D8DF91CF9108958091370CBF
:1097C0009091380C2FEF3FEF981751F0E92FF0E010
:1097D000E95CF34F228130E09F5F9F779093380CD4
:1097E000C9010895A8E0B0E0E8EFFBE40C9450F460
:1097F000B82E8091200D843008F0F6C131E6D32ECA
:109800008091200D843008F01FC18091370C909119
:10981000380C891B8F7709F417C1D0DF97FF09C077
:10982000E6DD83E193E0B5D88091370C8093380C66
:10983000E7CF8A3019F08D3009F0FDC010921F0D6E
:109840008091BD0C9091BE0CFC01E754F34F168241
:10985000892B19F40E943C7FD3CF1092BE0C10923A
:10986000BD0C0FEB1CE0F8018191803209F446C079
:109870008E3409F09CC06EE073E0C8010E94E9ECF0
:109880007C01892B41F06EE470E0C80104960E94CF
:10989000A6F6009709F4C8014AE050E070E060E0E5
:1098A00001960E945EEA2B013C018091B90C9091D7
:1098B000BA0CA091BB0CB091BC0C0196A11DB11DBE
:1098C000481659066A067B0629F060E08BED92E0A7
:1098D000EF2851F16AE270E0C8010E94D5F69C01C0
:1098E000009729F1982F901BF12C992349F0915062
:1098F000F801E90FF11D8081F826F7CF8F01B3CF72
:109900004AE050E070E060E0C90101960E945EEA22
:109910002F2D30E050E040E0621773078407950771
:1099200051F060E08CEB92E00E9437CB69CF60E0B1
:1099300082E992E0F9CF4092B90C5092BA0C609251
:10994000BB0C7092BC0C8091B6068130D9F467E4F0
:1099500070E0C8010E94A6F60097A1F04AE050E02E
:1099600070E060E001960E945EEA62307105810558
:10997000910540F481EF91E00CD860E087EE91E032
:109980000E942220F80180818D3481F58381823309
:1099900009F445C0883301F1803341F58181843376
:1099A00029F58281813311F50E945F991FC0809152
:1099B0006B1180FFC8CF6CE57BE2C8010E94E9EC27
:1099C000009731F0FC01838180538A3008F0BBCFCF
:1099D00060E088E692E0A8CF8281803339F481810B
:1099E000813321F410926B0110921A048091BF0C04
:1099F0008B3309F405CF8091200D843008F000CF1F
:109A00008091220D8D9DC00111246FEB7CE08D5D56
:109A1000924F0E94B1F680E00E94F7CAF1CE828197
:109A2000813321F78181813309F741E070E060E003
:109A300082E299E02CDE2DEB3CE04FEB5CE06FE145
:109A40007DE00E943318DCCE80916B1183FDCCC089
:109A500082FFCAC087FDC8C01A82198281E6F82E2B
:109A6000EE24E39494E0D92E29E6C22E8091200DB5
:109A7000843008F0B9C00E946B188111B5C041E074
:109A800050E0BE016D5F7F4F84E69FE00E9444D9A5
:109A90000B8110E0019711F00FEF1FEF80916C0F19
:109AA00090916D0FA0916E0FB0916F0F8093671121
:109AB00090936811A0936911B0936A110E946B187A
:109AC0000F3F100741F4811106C091DC8BE293E057
:109AD0000E94C944CBCF4091220D242F30E00A30A0
:109AE00061F00D3051F0882309F470C089819A81AA
:109AF000009719F001969A83898310925E038981F9
:109B00009A81F29EF001F39EF00D1124E05EF24F77
:109B1000DF01A80FB91F13961C92892BA9F50E948B
:109B20003C7F0E946B18882309F4A0CFE092640F59
:109B30001092670F809162118823F1F18150809318
:109B400062118C9DC001112462E08A509A4F0E94DC
:109B500067DFE091621124E0E29FF0011124EE50F2
:109B6000FA4F408151816281738140936711509314
:109B700068116093691170936A1184E69FE00E94F6
:109B8000BED80E94D5D772CF1A82198283818D34B4
:109B900079F48481823361F48581853349F4868147
:109BA00080538A3028F080916B118B7F80936B11EA
:109BB00081E00E94F7CAB5CF0E94C6D780916B1191
:109BC000886080936B11D092B60650CF4F9DA00154
:109BD00011244D5D524F9E012F5F3F4F6EE573E0A4
:109BE000802F0E94331842CF0E9462D46B017C0107
:109BF000BB2041F0C092D003D092D103E092D203B7
:109C0000F092D3038091A7039091A803A091A90398
:109C1000B091AA030097A105B10529F14091D003A5
:109C20005091D1036091D2037091D303840F951F9B
:109C3000A61FB71FA7019601281B390B4A0B5B0B08
:109C4000DA01C901B7FD0FC0D2DB60910D07709139
:109C50000E078AE393E00E94B1DE40E070E060E02E
:109C600090E080E0E7CE8091190190911A01A091D7
:109C70001B01B0911C01892B8A2B8B2B79F09091C1
:109C8000001080910110981709F4B7C0C092D0035A
:109C9000D092D103E092D203F092D3038091630378
:109CA00090916403A0916503B0916603460157014A
:109CB000881A990AAA0ABB0AD501C401B7FD53C183
:109CC000909100108091011020910801981709F4DB
:109CD000C8C0E09101103BE4E39FF0011124EC5770
:109CE000F84F8081281741F0809308010E9462D4C8
:109CF0008091080180931C0580911805882309F440
:109D000025C10091300110913101C80102972091C5
:109D1000250530912605281739070CF417C18090C6
:109D200001108C82812C912C5401809100102C8187
:109D3000821709F499C0822F90E03BE4389FF0012C
:109D4000399FF00D1124E25CF84F458956896789E7
:109D5000708D452B462B472B81F4418D528D638DA1
:109D6000748D452B462B472B41F4458D568D678DC1
:109D700070A1452B462B472BD9F14BE4489F90010E
:109D8000499F300D1124C901825C984F1C01FC01D0
:109D900061817281838194810E9424F66D837E8328
:109DA0008F839887F10161A172A183A194A10E9480
:109DB0006EED2B013C01F10165A176A187A190A573
:109DC0000E946EED9B01AC01C301B2010E94FFF441
:109DD0002D813E814F8158850E94CFED2B013C01A2
:109DE000A50194010E94EBF5181614F453014201E9
:109DF0008C818F5F8F708C8398CFBB2019F010926D
:109E000067034CCF0E9462D40091D0031091D1031C
:109E10002091D2033091D3038090190190901A01C0
:109E2000A0901B01B0901C01080D191D2A1D3B1D9F
:109E3000601B710B820B930B97FDE1CF8091670341
:109E400081112CCF81E08093670380E00E9403831F
:109E500081E00E94038382E00E9403830E94EE82DD
:109E60001DCF80912B073ECFB801110F880B990BA6
:109E70000E9470ED2B013C0120912A0130912B01B1
:109E800040912C0150912D01C501B4010E94CFEDEC
:109E9000A30192010E9488F44B015C0100912E0104
:109EA00010912F01AC019B01C301B2010E94EBF59F
:109EB00018169CF0B801012E000C880B990B0E941B
:109EC00070ED2B013C01AC019B01C501B4010E9466
:109ED000EBF5181614F02401350180905F03909083
:109EE0006003A0906103B0906203A3019201C501D9
:109EF000B4010E94EBF51816D4F420E037ED43EAE4
:109F00005CE3C301B2010E94CFED2B013C0128E4C8
:109F100031EE4AE75FE3C501B4010E94CFED9B013A
:109F2000AC01C301B2010E9488F42B013C014092B4
:109F30005F03509260036092610370926203C301F9
:109F4000B2010E9467F5CB010E940887F4E6CF0EAC
:109F5000D11CE11CF11CC0926303D0926403E09217
:109F60006503F09266030E943C7F8091B6068823C9
:109F700009F4A7C0109109011130B1F180916B1162
:109F8000806480936B1181E08093090164EF71E03C
:109F900080E090E00E94C53B0E942ED880916B111A
:109FA00084FFA4C0123028F460E088EB93E00E94A4
:109FB000222001E083E080936C010E9462D46C59FE
:109FC0007F4F8F4F9F4F60930E0470930F048093C9
:109FD000100490931104002339F0123029F481E029
:109FE000809361110E9451DE0E9462D46B017C015A
:109FF000109118011123F1F08091AC038823D1F066
:10A00000409168035091690360916A0370916B03FA
:10A0100046015701841A950AA60AB70AB501A40198
:10A0200077FD1AC0833009F45DC00CF04EC081305A
:10A030000CF052C0212F30E0A8EEB3E00E94E6F30E
:10A04000C60ED71EE81EF91EC0926803D09269039F
:10A05000E0926A03F0926B030E94E8248091A603C9
:10A06000882379F10E9462D46B017C018091A20364
:10A070009091A303A091A403B091A503A701960119
:10A08000281B390B4A0B5B0BDA01C901B7FD19C05C
:10A090002091A60330E0A8EEB3E00E94E6F3C60EDE
:10A0A000D71EE81EF91EC092A203D092A303E0922D
:10A0B000A403F092A50380E00E949F7C8AE00E94A6
:10A0C000C2442896E2E10C946CF4843009F0B2CFDB
:10A0D00091D987E793E003C08DD986EA93E00E9487
:10A0E000C944A8CF87D98FE893E0F9CF112309F4A9
:10A0F0007BCF00E05FCF4F925F926F927F928F9203
:10A100009F92AF92BF92CF92DF92EF92FF921F93F6
:10A11000CF93DF93CDB7DEB766970FB6F894DEBF67
:10A120000FBECDBF9091EE0B93FD7FC1F82E89E459
:10A130000E942819882309F4A6C10E94351E90E0C8
:10A140001816190614F481E090E026E0289FF0012B
:10A15000299FF00D1124EE53F94F828193811D8ABE
:10A160008337910514F083E790E09093C0068093C5
:10A17000BF060E94D51A6091BF067091C006072ED7
:10A18000000C880B990B0E9470ED2091BB0630915A
:10A19000BC064091BD065091BE060E94EBF5181614
:10A1A0000CF432C18CEE9DE060E00E94222061E060
:10A1B0006F258F2D0E94E39DFF2009F436C121E019
:10A1C00020936B0119861A861B861C861D861E86A7
:10A1D0001F86188A80E09CE3ACE1B6E4898B9A8BF9
:10A1E000AB8BBC8B20E030E040E85FEB29833A8307
:10A1F0004B835C831E8A11E0412C512C320160910B
:10A20000BF067091C006072E000C880B990B0E94A8
:10A2100070ED6B017C0129813A814B815C810E9448
:10A220006AED8823B9F02091BB063091BC064091BD
:10A23000BD065091BE068D898111E9C0C701B601E6
:10A240000E946AED881F8827881F8E8BC982DA8258
:10A25000EB82FC820E9462D46B017C01DC01CB01A9
:10A260002D853E854F855889821B930BA40BB50B1A
:10A27000B7FD2EC0D701C60188519C4FAF4FBF4FCD
:10A280008D879E87AF87B88B80E00E949F7C88EE89
:10A290009DE00E94C944411451046104710409F411
:10A2A000E0C0C301B201605F784D8F4F9F4F6C19C2
:10A2B0007D098E099F0928EE33E040E050E00E94BE
:10A2C00098F3CA01B9010E942F368AE00E94C24465
:10A2D00080E088DA0E9462D46093D0037093D10347
:10A2E0008093D2039093D3032091BB063091BC0698
:10A2F0004091BD065091BE062D833E834F83588703
:10A3000069817A818B819C810E9487F44B015C0179
:10A3100020E030E0A9010E94EBF587FF04C0B7FA06
:10A32000B094B7F8B094411451046104710409F079
:10A330009CC020E030E040E85FE3C501B4010E942A
:10A340006AED87FF0FC0412C512C3201112331F0EF
:10A3500085E0482E8DE0582E612C712C4C0C5D1C34
:10A360006E1C7F1C3E893323C1F189859A85AB859C
:10A37000BC85892B8A2B8B2B61F0D701C6012985DF
:10A380003A854B855C85821B930BA40BB50BB7FDFF
:10A3900024C02D813E814F81588569897A898B89B6
:10A3A0009C890E9487F420E030E040E85FE30E944F
:10A3B0006AED87FD32C0D701C601805A9541AF4F83
:10A3C000BF4F89879A87AB87BC872D813E814F819C
:10A3D0005885298B3A8B4B8B5C8B80916B01882342
:10A3E000E1F0411451046104710461F030E1C31AD9
:10A3F00037E2D30AE108F108C418D508E608F708DF
:10A40000F7FE0BC010E0FBCE8BEF9DE0CDCEC70179
:10A41000B6010E946AED87FF1EC080916B01882300
:10A4200021F010926B010E9446CC66960FB6F8940C
:10A43000DEBF0FBECDBFDF91CF911F91FF90EF9098
:10A44000DF90CF90BF90AF909F908F907F906F9054
:10A450005F904F900895C982DA82EB82FC821E8A57
:10A46000F9CE8FE30E94C24430CF20E030E040E4D8
:10A4700050E4C501B4010E94EBF518160CF072CF40
:10A48000260137016FCF83E50E9428198D8B81113A
:10A4900007C0FF2051F282E50E942819882329F283
:10A4A0000E94701E5DCEA6E1B0E0E9E5F2E50C94F5
:10A4B00051F49091EE0B93FD73C0082F0E94144A43
:10A4C000182F87FD6DC089E40E942819882309F49C
:10A4D00083C00E94351E90E01816190614F481E01E
:10A4E00090E026E0289FF001299FF00D1124EE5303
:10A4F000F94F808191811D8A0E94088761E0802F39
:10A500000E94E39D6091250570912605072E000CA1
:10A51000880B990B0E9470ED209121053091220546
:10A5200040912305509124050E94EBF51816E4F4A0
:10A5300087ED9DE09F938F9382EE9DE09F938F9395
:10A540001F920E9405200F900F900F900F900F9078
:10A5500031E03E8B4AC082E50E942819882309F425
:10A5600043C00E94701EC8CF2D898CEC9DE0222331
:10A5700009F34D894E8B39C060E070E0CB0153C0C8
:10A58000C701B6010E946AED87FF0EC080916B0182
:10A59000882321F010926B010E9446CC309218055E
:10A5A0006696E1E10C946DF4C982DA82EB82FC825A
:10A5B00000E0A0C08FE30E94C244D7C020E030E09A
:10A5C00040E450E4C501B4010E94EBF518160CF00C
:10A5D0001AC12601370117C183E50E9428198D8B06
:10A5E0008111BFCF0111B7CF1E8A83E50E942819C0
:10A5F000882331F00E94701E9093310180933001C6
:10A6000082E40E942819882331F00E94701E9093E2
:10A610002F0180932E0186E40E94B118882309F44B
:10A62000ABCF0E947F1E60932A0170932B01809311
:10A630002C0190932D013324339420E030E0A901C4
:10A640000E946AED811101C0312C3092180500235F
:10A6500009F4A6CF5E89552309F4A2CF10921805FC
:10A6600081E080936B0119861A861B861C861D86E5
:10A670001E861F86188A80E09CE3ACE1B6E4898BD5
:10A680009A8BAB8BBC8B20E030E040E85FEB2983FA
:10A690003A834B835C8300E0412C512C3201609162
:10A6A000250570912605072E000C880B990B0E943A
:10A6B00070ED6B017C0129813A814B815C810E94A4
:10A6C0006AED8823B9F0209121053091220540914F
:10A6D0002305509124058D89811152CFC701B60100
:10A6E0000E946AED082F001F0027001FC982DA822E
:10A6F000EB82FC820E9462D46B017C01DC01CB0105
:10A700002D853E854F855889821B930BA40BB50B75
:10A71000B7FD2EC0D701C60188519C4FAF4FBF4F28
:10A720008D879E87AF87B88B812F0E949F7C88EC96
:10A730009DE00E94C944411451046104710409F46C
:10A7400039CFC301B201605F784D8F4F9F4F6C19B5
:10A750007D098E099F0928EE33E040E050E00E9419
:10A7600098F3CA01B9010E942F368AE00E94C244C0
:10A7700080E038D80E9462D46093D0037093D103F4
:10A780008093D2039093D303209121053091220529
:10A7900040912305509124052D833E834F83588794
:10A7A00069817A818B819C810E9487F44B015C01D5
:10A7B00020E030E0A9010E94EBF587FF04C0B7FA62
:10A7C000B094B7F8B094411451046104710409F0D5
:10A7D000F5CE20E030E040E85FE3C501B4010E941F
:10A7E0006AED87FF10C03E8985E0482E8DE0582E27
:10A7F000612C712C311103C0412C512C32014C0CB5
:10A800005D1C6E1C7F1C0023C1F189859A85AB8578
:10A81000BC85892B8A2B8B2B61F0D701C60129853A
:10A820003A854B855C85821B930BA40BB50BB7FD5A
:10A8300024C02D813E814F81588569897A898B8911
:10A840009C890E9487F420E030E040EC5FE30E94A6
:10A850006AED87FD9BCED701C601805A9541AF4F67
:10A86000BF4F89879A87AB87BC872D813E814F81F7
:10A870005885298B3A8B4B8B5C8B80916B0188239D
:10A8800009F484CE411451046104710461F030E193
:10A89000C31A37E2D30AE108F108C418D508E6085C
:10A8A000F708F7FE73CE1E8AFACE1F920F920FB6EC
:10A8B0000F9211240F900FBE0F901F9018951F92AA
:10A8C0000F920FB60F9211240BB60F922F938F9306
:10A8D0009F93EF93FF939091C6002091380CE091E5
:10A8E000370C81E08E0F8F77281729F0F0E0E95CB4
:10A8F000F34F9283E82FE093370CFF91EF919F91F4
:10A900008F912F910F900BBE0F900FBE0F901F9045
:10A9100018958EBD0DB407FEFDCF08958FEF8EBD47
:10A920000DB407FEFDCF8EB50895909164009B7F16
:10A9300090936400982F906A96959CBD80FD03C00B
:10A9400091E0863009F490E09DBD0895CF93DF93A8
:10A95000EB010E94C944CE010E94BAD7DF91CF918A
:10A960000895B0E0A0E0E7EBF4E50C9458F488EA31
:10A9700094E00E94C944C0E0D7E0D15021F080E2C9
:10A980000E94C244FACF8C2F0E94F87BCF5FC53063
:10A9900099F78AE00E94C2440CE914E0C0E080E22A
:10A9A0000E94C2448C2F0E94F87B5801D5E080E2BF
:10A9B0000E94C244F501C080D180E280F380A701EB
:10A9C0009601C701B6010E9462F6882341F180E238
:10A9D0000E94C2448DE30E94C2448DE30E94C2449F
:10A9E0008DE30E94C2448DE30E94C2448DE30E9425
:10A9F000C244D150F4E1AF0EB11CD111D8CF8AE0DE
:10AA00000E94C244CF5F0C5F1F4FC53041F68AE001
:10AA10000E94C244CDB7DEB7EAE00C9474F420E0A3
:10AA200030E0A901C701B6010E94EBF587FD03C024
:10AA30008BE20E94C24443E0C701B6010E94FE7B44
:10AA4000D8CFAEE3B0E0E7E2F5E50C9450F48091A6
:10AA50009604888B8091C7039091C803A091C90385
:10AA6000B091CA03AC01BD01E6E1769567955795B3
:10AA70004795EA95D1F740FF22C120E030E0A901D7
:10AA8000609108057091090580910A0590910B0568
:10AA90000E946AED811107C00E94F74987E296E0A3
:10AAA0000E94C94400C18AE50E942819882339F10F
:10AAB0000E947F1E2091580F3091590F40915A0FDC
:10AAC00050915B0F0E9487F46B017C0120E030E025
:10AAD00040E251ECC701B6010E94EBF587FD0AC0C8
:10AAE00020E030E040E251E4C701B6010E946AED87
:10AAF000181674F40E94F7498AE196E0D1CFC0900D
:10AB0000480FD090490FE0904A0FF0904B0FDECFE6
:10AB100040E050E060EC7FE788E50E94A71E2091AE
:10AB2000500F3091510F4091520F5091530F0E948E
:10AB300087F42B013C0140E050E060EC7FE789E5C1
:10AB40000E94A71E2091540F3091550F4091560F2F
:10AB50005091570F0E9487F44B015C016FEF89E41D
:10AB60000E94461E182F6FEF8AE40E94461E082F8F
:10AB7000A3019201C301B2010E9462F6811173C068
:10AB8000A5019401C501B4010E9462F681116BC058
:10AB90008BA19CA1ADA1BEA18BAB9CABADABBEAB61
:10ABA0002091000530910105409102055091030567
:10ABB000C301B2010E9487F42B013C0120E030E088
:10ABC00040E05FE36BA97CA98DA99EA90E94CFED0F
:10ABD0009B01AC01C301B2010E9488F42BA93CA9DE
:10ABE0004DA95EA90E94FFF40E9467F56BAB7CAB98
:10ABF0008DAB9EAB1BA94FA058A469A47AA4209149
:10AC00000405309105054091060550910705C501E1
:10AC1000B4010E9487F44B015C0120E030E040E089
:10AC20005FE3C301B2010E94CFED9B01AC01C501FE
:10AC3000B4010E9488F4A30192010E94FFF40E94D3
:10AC400067F5062F212F012E000C330B37FD2FC087
:10AC50002530310574F5062E000C770B77FD2BC0DF
:10AC60006530710554F51530F0F40530E0F480E0FE
:10AC70000E94113AB5E01B02F0011124E00FF11D12
:10AC800007FDFA95EE0FFF1FEE0FFF1FE456FB4F77
:10AC9000C082D182E282F38288890E94113A888937
:10ACA00081110E948399EE96E2E10C946CF410E01D
:10ACB000D2CF14E0D0CF00E0D6CF04E0D4CF29E04B
:10ACC000B695A795979587952A95D1F780FD0CC0E5
:10ACD00070E060E086E50E94731E9A838983059781
:10ACE00030F085EF95E0DCCE0E94583ADCCF60E092
:10ACF00084E40E945F1E8F8740E050E0BA018AE53D
:10AD00000E94A71E6BA77CA78DA79EA740E050E6D8
:10AD100069EF75E483E50E94A71E20E030E040E77C
:10AD200052E40E94FFF460936E0170936F01809370
:10AD30007001909371010091FB0F1091FC0FF801CD
:10AD4000C080D180E280F38020E030E0A901C7011B
:10AD5000B6010E9488F42B013C0120E030E040E283
:10AD600051E40E946AED87FF06C0412C512CA0E2FD
:10AD70006A2EA1E47A2E20E030E04BE653E4C701CE
:10AD8000B6010E9488F46BAB7CAB8DAB9EAB20E030
:10AD900030E041E653E40E94EBF5181644F480E0FD
:10ADA00090E0A1E6B3E48BAB9CABADABBEABD801FE
:10ADB00014968D909D90AD90BC90179720E030E058
:10ADC000A901C501B4010E9488F46B017C0120E057
:10ADD00030E040E251E40E946AED87FF06C0C12CDA
:10ADE000D12CF0E2EF2EF1E4FF2E20E030E04BE634
:10ADF00053E4C501B4010E9488F46FAB78AF89AF0A
:10AE00009AAF20E030E041E653E40E94EBF51816DB
:10AE100044F480E090E0A1E6B3E48FAB98AFA9AF33
:10AE2000BAAF88E40E94B118882309F402C20E94D4
:10AE30007F1E0E9467F56BAF7CAF8DAF9EAF6BAD91
:10AE40007CAD77FF02C06F5F7F4F759567957195F9
:10AE5000619571096B587F4F072E000C880B990B79
:10AE60000E9470ED4B015C01A70196010E94EBF579
:10AE7000181614F475016401A3019201C501B4010F
:10AE80000E94EBF5181614F0530142018B8A9C8A3C
:10AE9000AD8ABE8ACF8AD88EE98EFA8EABADBCADB4
:10AEA000BD01BB0F880B990B0E9470ED2B013C017B
:10AEB000AC019B01C701B6010E9488F46B017C01C3
:10AEC0002FA938AD49AD5AAD0E946AED87FF04C085
:10AED000CFAAD8AEE9AEFAAEA3019201C501B40182
:10AEE0000E9488F46B017C012BA93CA94DA95EA9A5
:10AEF0000E946AED87FF04C0CBAADCAAEDAAFEAAD5
:10AF00008BA99CA9ADA9BEA98B8F9C8FAD8FBE8F3D
:10AF10008FA998ADA9ADBAAD8F8F98A3A9A3BAA3F5
:10AF2000BE01695E7F4FCE0143960E946ECC88239E
:10AF300009F4ACC1BE01615E7F4FCE014B960E9409
:10AF40006ECCE82E882309F4A1C12F89388D498D54
:10AF50005A8D6F8D78A189A19AA10E9487F420E073
:10AF600030E040E85EE30E94CFED4B015C012B89AD
:10AF70003C894D895E896B8D7C8D8D8D9E8D0E9467
:10AF800087F420E030E040E85EE30E94CFED6BA361
:10AF90007CA38DA39EA38FA298A6A9A6BAA68981F9
:10AFA0009A811816190674F483EC95E00E94C9443E
:10AFB0008F85882321F089EB95E00E94C9448AE0BF
:10AFC0000E94C2440E94B2870E94799880E00E9449
:10AFD000113A80E090E0A0E2B1E48FA798ABA9AB72
:10AFE000BAABCE018F960E94F8CB20910805309124
:10AFF000090540910A0550910B056BA17CA18DA11B
:10B000009EA10E946AED811130C020910C05309103
:10B010000D0540910E0550910F056FA178A589A5EA
:10B020009AA50E946AED811120C0209100053091FF
:10B03000010540910205509103056B897C898D893A
:10B040009E890E946AED811110C020910405309103
:10B05000050540910605509107056F89788D898D0A
:10B060009A8D0E946AED8823A9F00E94583A88E0E0
:10B07000FE01B396A8E0B5E001900D928A95E1F744
:10B0800088E0FE017396A0E0B5E001900D928A95EC
:10B09000E1F7188A60E085E40E945F1E88248394AB
:10B0A000811102C063E0862E1B861C861D861E86CB
:10B0B0001A8A9E2C49E8C42E45E0D42E57E9A52EC5
:10B0C00055E0B52E1A8915300CF0EAC06B857C85E9
:10B0D0008D859E859B01AC010E9462F68111E0C0C6
:10B0E0003324339435E0232E911005C033243A9451
:10B0F00022242A9484E091E09926F12EFF0CFF0C83
:10B10000F10EF394898B19896A89121509F4C4C068
:10B11000062E000C770B880B990B0E9470ED2FA167
:10B1200038A549A55AA50E94CFED2F89388D498DA4
:10B130005A8D0E9488F42B013C01612F110F770B6F
:10B14000880B990B0E9470ED2BA13CA14DA15EA133
:10B150000E94CFED2B893C894D895E890E9488F43D
:10B160006B837C838D839E834F82588669867A8623
:10B1700089819A81892B89F085EA95E00E94C944EA
:10B180008F2D0E94F87B69E170E083EA95E00E94D0
:10B19000A24A80EA95E00E94C9441F9299E19F93D8
:10B1A0001F92FF92DF92CF92BF92AF921F920E94A6
:10B1B00005202981482DBE01695F7F4FCE0103968E
:10B1C0000E94A2CD2B013C014B865C866D867E865B
:10B1D0000FB6F894DEBF0FBECDBFAC019B010E943D
:10B1E00062F6811156C009898A8925E0020380012F
:10B1F0001124080F111D87FD1A95000F111F000F54
:10B20000111F04561B4FA30192016BA57CA58DA5B0
:10B210009EA50E9488F4D8016D937D938D939C9395
:10B220001397188A81E00E94F24BF3948989830D69
:10B2300069CFB701A60186E40E94A71E6B017C01BD
:10B24000B301A2018CE40E94A71E6B8B7C8B8D8BBB
:10B250009E8BCF8AD88EE98EFA8E4FA958AD69ADF4
:10B260007AAD82E40E94A71E6B017C014BA95CA908
:10B270006DA97EA982E50E94A71E6B8F7C8F8D8FA2
:10B280009E8FCF8ED8A2E9A2FAA24ACE89ED95E090
:10B2900007CC88890E94113A8A898F5F8A8B12CFE6
:10B2A0000E9446CC0E949337882359F088890E94D7
:10B2B000113A80E090E0A0ECBFE78B879C87AD87D8
:10B2C000BE876B857C858D859E859B01AC010E9428
:10B2D00062F6811158C08F85811126C082E0F82E58
:10B2E00002E094E0C92E12E0DC2CD11A21E041E00A
:10B2F000612F802F0E94341921E04FEF612F8F2D95
:10B300000E9434192FEF41E06D2D802F0E943419D7
:10B310002FEF4FEF6D2D8F2D0E943419115020F714
:10B320000150F3940F3FF9F61CDB0E94683B8F85B8
:10B33000811124C088E49FE00E949C374B015C018E
:10B3400080E49FE00E9414389B01AC01C501B40168
:10B350000E94CFED9B01AC016091480F7091490FA5
:10B3600080914A0F90914B0F0E9487F46093480F91
:10B370007093490F80934A0F90934B0F8F858111E3
:10B38000E888E09296040E94609880919604882351
:10B3900009F487CC0E94469984CCADE1B0E0E3ED9E
:10B3A000F9E50C9450F483E50E94B118182F882316
:10B3B00009F415C10E94501E8D838091400F909119
:10B3C000410FA091420FB091430F8A8F9B8FAC8F9A
:10B3D000BD8F2091440F3091450F4091460F509101
:10B3E000470F2E8B3F8B488F598F8091480F90913C
:10B3F000490FA0914A0FB0914B0F8E879F87A88B62
:10B40000B98B112331F09D81911103C080E00E941E
:10B41000113A8091C7039091C803A091C903B091DC
:10B42000CA0335E1B695A795979587953A95D1F7D3
:10B430009C01AD0121703327442755272887398780
:10B440004A875B8720E030E0A90160910805709190
:10B45000090580910A0590910B050E946AED8823E9
:10B4600009F4C1C083E40E94B118882309F48CC098
:10B470000E947F1E6A8B7B8B8C8B9D8B8CE9282E88
:10B4800084E0382E810135E03E83412C512C98EC2C
:10B49000692E92EC792EC12CD12C28ECE22E22E4DC
:10B4A000F22E1D870C8745E04F83AC85BD858D90BE
:10B4B0009D90AD90BD90BD87AC87A7019601C50159
:10B4C000B4010E946AED87FF02C075016401A30107
:10B4D0009201C501B4010E94EBF5181614F4240181
:10B4E0003501BF81B150BF83B111DFCFEE81E15093
:10B4F000EE830C5E1F4FE111D4CFA3019201C7016F
:10B50000B6010E9488F420E030E040E05FE30E9452
:10B51000CFED2A893B894C895D890E9488F46B01B3
:10B520007C012DEB37E346E855EB0E94EBF587FDF8
:10B530000AC02DEB37E346E855E3C701B6010E9488
:10B540006AED18160CF580E00E94113A15E05101E1
:10B5500005E0D5016D917D918D919D915D014D012C
:10B56000B4E08B1A9108A70196010E9487F4F401B8
:10B570006083718382839383015059F71150F4E102
:10B580002F0E311C1111E3CF288539854A855B8543
:10B59000232B242B252B79F020E030E0A9016091AA
:10B5A00008057091090580910A0590910B050E948C
:10B5B0006AED8111D6D98AE50E94B118882359F025
:10B5C0000E947F1E69837A838B839C8360E0CE0117
:10B5D00001960E949B3A8D810E94113A15C02091DC
:10B5E00096042D83EACE2D81211108C08885998586
:10B5F000AA85BB85892B8A2B8B2BE9F20E94FA49FD
:10B600008AE795E00E94C9443D81332351F080913F
:10B610009604811106C00E94F7498BE595E00E94CF
:10B62000C9440E94FA498DE495E00E94C944809182
:10B6300096040E94ED490E94FA4980E495E00E9438
:10B64000C944C0909204D0909304E0909404F09088
:10B65000950420E030E0A901C701B6010E94EBF596
:10B660001816E4F542E0C701B6010E94FE7B0E9475
:10B67000B4D72A8D3B8D4C8D5D8D6091400F7091BC
:10B68000410F8091420F9091430F0E946AED81110A
:10B690001FC02E893F89488D598D6091440F70914C
:10B6A000450F8091460F9091470F0E946AED8111DE
:10B6B0000FC02091480F3091490F40914A0F50918F
:10B6C0004B0F6E857F85888999890E946AED81116B
:10B6D0000E9483996D96E2E10C946CF48BE395E003
:10B6E0000E94C944C6CFADE2B0E0E9E7FBE50C94A7
:10B6F00050F489A72091AC0328A781E08093AC0384
:10B700008091CF038D3409F463C5843511F40C9412
:10B71000AC70873491F48091CD039091CE038D313C
:10B72000910509F499C308F0F0C18430910509F43A
:10B730003DC330F4029708F488C20E94A3DE07C319
:10B740008531910509F403C34C97B9F787E00E944E
:10B750002B94811111C08091C7039091C803A091CF
:10B76000C903B091CA032EE0B695A7959795879522
:10B770002A95D1F780FDEBC20E94B2871092410159
:10B7800080E00E94113A0E9462D46093D0037093CB
:10B79000D1038093D2039093D3030E94799881E0E0
:10B7A000809363060E94639AC090C703D090C80339
:10B7B000E090C903F090CA03F9E1F694E794D794B6
:10B7C000C794FA95D1F7C0FE0DC081E00E942B947A
:10B7D000182F82E00E942B9411110C94E97011E053
:10B7E000811101C010E08091C7039091C803A0911E
:10B7F000C903B091CA03E7E1B695A79597958795D8
:10B80000EA95D1F780FF02C00C94CF70111108C3E4
:10B810008091C7039091C803A091C903B091CA0356
:10B82000EB2FE170BE2EE113FDC28C2D8170B12E85
:10B830001813F8C211E0BB24B394AA24A39482E5A0
:10B840000E942819882309F4F1C20E947F1E6C8F80
:10B850007D8F8E8F9F8F20E030E0A9010E946AEDDE
:10B86000882379F0111105C0B11003C0AA2009F492
:10B870003EC1CE014C960E94F8CB0E94EC430E9440
:10B88000A743112309F489C0BB2009F483C0109297
:10B89000400F1092410F1092420F1092430F1092DE
:10B8A000440F1092450F1092460F1092470F0E94BE
:10B8B00046998CE89CE10E948D376B017C0180E900
:10B8C0009CE10E948D372B013C01AC019B01C7011B
:10B8D000B6010E94EBF518160CF0ADC2A701960157
:10B8E000C301B2010E94FFF49B01AC010E94CFEDA5
:10B8F00020E030E040E85FE30E9488F40E9424F6F4
:10B9000020E030E040EA51E40E94CFED69837A8381
:10B910008B839C838091480F9091490FA0914A0F8F
:10B92000B0914B0F88A399A3AAA3BBA320E030E05A
:10B9300040EC5FE3C301B2010E94CFED2B013C015B
:10B9400077FA709477F8709420E030E040EC5FE391
:10B95000C701B6010E94CFED9058DE0111966D012E
:10B96000E8A0F9A00AA11BA1A30192010E94989846
:10B970000E94519D1092400F1092410F1092420F61
:10B980001092430F1092440F1092450F1092460FE1
:10B990001092470F80E00E94029CBB2019F081E0CA
:10B9A0000E94029CAA2009F4A2C083E00E944AB32C
:10B9B00081119DC00E9446992091660630916706CC
:10B9C000409168065091690660E070E08AEE92E46A
:10B9D0000E9487F44B015C0120916A0630916B064E
:10B9E00040916C0650916D0660E070E08AEE92E442
:10B9F0000E9487F46B017C018091480F9091490F60
:10BA0000A0914A0FB0914B0F88A399A3AAA3BBA3FF
:10BA10008093890490938A04A0938B04B0938C0440
:10BA20000091FB0F1091FC0FD8012D913D914D918C
:10BA30005C91C501B4010E9487F44B015C018092C6
:10BA40007D0490927E04A0927F04B0928004F8015D
:10BA50002481358146815781C701B6010E9487F450
:10BA60002B013C0140928104509282046092830435
:10BA70007092840427E137EB41ED58EB0E94EBF51F
:10BA800087FDDEC127E030E04BE653E4C301B2019D
:10BA90000E946AED18160CF4D3C127E137EB41ED93
:10BAA00058EBC501B4010E94EBF587FDC9C127E041
:10BAB00030E04BE653E4C501B4010E946AED18166C
:10BAC0000CF4BEC119821A821B821C829E012F5F58
:10BAD0003F4F6901E8A0F9A00AA11BA1A3019201AF
:10BAE000C501B4010E94989882E00E94029C0E94C5
:10BAF000469980916206809363060E94609883E075
:10BB000080936C010E94839922C18A35910509F4C2
:10BB10004EC350F58E31910509F4D0C18A9709F0D2
:10BB20000CCE8091B606833008F411C189E40E94DE
:10BB30002819082FF12C882319F00E94701EF82E66
:10BB40008AE40E942819E82E882309F42AC20E9458
:10BB5000701E182F011128C2153008F42BC280EF77
:10BB600097E00E94C944F3C08B35910509F422C3C4
:10BB70008C35910509F0E1CD62E8C62E61E0D62E44
:10BB8000F12CE12C00E010E0D6018D916D010E94B6
:10BB90002819382E882309F448C00E947F1E4B01C3
:10BBA0005C01133059F0F701E05BF04F20813181E7
:10BBB000428153810E9487F44B015C01F701E05CF4
:10BBC000F04F2081318142815381C501B4010E942F
:10BBD00087F42B013C012DEB37E346E855EB0E943F
:10BBE000EBF587FD0AC02DEB37E346E855E3C301CB
:10BBF000B2010E946AED1816C4F4133009F4DEC2D3
:10BC0000F701EF58FB4F5F01A30192016081718141
:10BC1000828193810E9488F4D5016D937D938D93E9
:10BC20009C931397812F0E940B941F5FB4E0EB0E3F
:10BC3000F11C143009F0A8CF002321F08CE49FE020
:10BC40000E945E920E94839982C08091B6068330E2
:10BC500008F47DC03DE7C32E34E0D32E40E4E42E4B
:10BC60004FE0F42E50E5A52E5FE0B52E10E088E5FC
:10BC7000810F0E942819882309F47CC00E947F1E2E
:10BC80002B013C01812F0E948A18882309F468C087
:10BC9000D7012D913D914D915C91C301B2010E945C
:10BCA00088F4D6016D937D938D939C9313971F5FBA
:10BCB000F4E0CF0ED11C24E0E20EF11C34E0A30E20
:10BCC000B11C1330A1F685E40E942819882309F4D9
:10BCD0005CC00E947F1E6B017C0183E00E948A1879
:10BCE000882371F020914C0F30914D0F40914E0FF1
:10BCF00050914F0FC701B6010E9488F46B017C017F
:10BD0000C0928904D0928A04E0928B04F0928C0451
:10BD100040E050E0BA0186E40E94A71E20E030E037
:10BD2000A9010E94EBF5181684F40E947F1E20E002
:10BD300030E040E752E40E94FFF4609338017093D2
:10BD4000390180933A0190933B010E943C9599A55B
:10BD5000911102C00E94EB44A8A5A093AC03BCC300
:10BD6000F5012081318142815381C301B2010E94DA
:10BD700087F497CFF70180819181A281B381F60189
:10BD800080839183A283B38392CF80914C0F909153
:10BD90004D0FA0914E0FB0914F0F80938904909357
:10BDA0008A04A0938B04B0938C04B2CF80E50E94E8
:10BDB0002819C12CD12C7601882321F00E94151E50
:10BDC0006B017C0183E50E942819882361F00E94A1
:10BDD0007F1E20E030E04AE754E40E94CFED0E944D
:10BDE0006CF56B017C010E94B2878091EA0E811193
:10BDF00005C060E082EB97E00E9422200E9462D49E
:10BE0000C60ED71EE81EF91E0E9462D46C197D0969
:10BE10008E099F0997FF9BCF80E00E94F24BF4CFE1
:10BE2000B12E10E0FC2DF170AF2E09CD60E070E076
:10BE300080EA90E40CCDA3019201C701B60152CD76
:10BE400060E08DEC97E00E9422200E94FA498BEB83
:10BE500097E00E94C9444BCE0E9462D46093D00305
:10BE60007093D1038093D2039093D303809196046F
:10BE700081111DC08091C7039091C803A091C9038F
:10BE8000B091CA037DE0B695A795979587957A9569
:10BE9000D1F780FF04C081E39BE10E94ED7087E051
:10BEA0000E944AB3811153CF0E94215550CF60E0C8
:10BEB0008FE40E945F1E8823E9F249CF0091FB0FB7
:10BEC0001091FC0FD8012D913D914D915C916091A5
:10BED000400F7091410F8091420F9091430F0E944B
:10BEE00088F4AB01BC0188E50E94A71E69837A83B0
:10BEF0008B839C83F8012481358146815781609131
:10BF0000440F7091450F8091460F9091470F0E940A
:10BF100088F4AB01BC0189E50E94A71E6D837E8376
:10BF20008F839887BE016B5F7F4FCE0101960E9481
:10BF30006ECC882309F40BCF80E00E94113A0E9456
:10BF4000799861E085E40E945F1E21E0482FBE01E0
:10BF50006B5F7F4FCE0101960E94A2CD6B017C01E9
:10BF6000AC019B010E9462F6811116C049815A8181
:10BF70006B817C8188EE97E00E94FC444D815E815C
:10BF80006F81788583EE97E00E94FC44B701A6019B
:10BF90008EED97E00E943B450E9460980E94839935
:10BFA000D6CE10E0002331F0F4E0FF1508F4D7CD31
:10BFB000E110D2CD80E1E0E4FFE0ADE7B4E0019034
:10BFC0000D928A95E1F7002319F16F2DFF0C770B85
:10BFD000880B990B0E9470ED20910805309109059E
:10BFE00040910A0550910B050E94CFED209100056C
:10BFF0003091010540910205509103050E9488F49B
:10C0000060937D0470937E0480937F0490938004FA
:10C01000EE2019F1612F110F770B880B990B0E94FD
:10C0200070ED20910C0530910D0540910E05509159
:10C030000F050E94CFED2091040530910505409138
:10C040000605509107050E9488F46093810470935F
:10C050008204809383049093840460E080E50E94CE
:10C060005F1E8823C1F10023D1F0E091FB0FF09116
:10C07000FC0F208131814281538160917D04709158
:10C080007E0480917F04909180040E9487F46093E5
:10C090007D0470937E0480937F0490938004EE204F
:10C0A000D1F0E091FB0FF091FC0F248135814681A6
:10C0B00057816091810470918204809183049091F2
:10C0C00084040E9487F460938104709382048093B7
:10C0D00083049093840440E050E0BA0186E40E9417
:10C0E000A71E6B017C0120E030E0A9010E94EBF566
:10C0F00018160CF058C020E030E040E752E4C701C9
:10C10000B6010E94FFF46B017C0180903801909091
:10C110003901A0903A01B0903B0120E030E0A90144
:10C12000C701B6010E946AED882341F0C092380130
:10C13000D0923901E0923A01F0923B010091360130
:10C140001091370184E690E0909337018093360197
:10C15000C0907201D0907301E0907401F09075016D
:10C1600080E090E0A0E8BFE38093720190937301B8
:10C17000A0937401B09375010E943C9580923801A0
:10C1800090923901A0923A01B0923B01109337018D
:10C1900000933601C0927201D0927301E092740153
:10C1A000F0927501D4CDC12CD12C7601AECF109276
:10C1B000AB03CDCD8FE08093AB03C9CD80924C0F04
:10C1C00090924D0FA0924E0FB0924F0F032D2DCD98
:10C1D0008091CD039091CE038537910511F40C9495
:10C1E000676A08F05FC28C34910509F427C708F02C
:10C1F00007C18831910509F473C508F0BBC08231CD
:10C20000910511F40C943B6908F06EC082309105E1
:10C2100008F4DCC4419709F090CA0E94A018882352
:10C2200009F430C50E94FF1800911105102F1095D8
:10C23000182309F48CCDF12CE12CD12CA12EB12C9A
:10C24000C5010E2C02C0959587950A94E2F780FFF0
:10C2500008C08E2D0E943A83F701E15FFD4F808177
:10C26000D82A8FEFE81AF80A93E0E916F10441F7AB
:10C2700013FF05C00E94FC82AD2DA360DA2E102BA7
:10C2800010951D2109F463CD88E20E94C244F12C6F
:10C29000E12CC12ED12CC6010E2C02C0959587959C
:10C2A0000A94E2F780FF09C0F701EE57FE4F808144
:10C2B0000E94C24480E20E94C244BFEFEB1AFB0A14
:10C2C000E3E0EE16F10439F713FF09C085E40E949C
:10C2D000C24480E30E94C24480E20E94C2448CE1D6
:10C2E00098E00E94C94433CD8531910509F4E2C438
:10C2F00058F5449709F021CA80916B1184FFD3C48B
:10C3000083E498E00E94C94480916B1184FF17C0B8
:10C310008AE99FE00E944ADB8BE1EAE9FFE0DE0167
:10C32000119601900D928A95E1F770E060E0CE01E0
:10C3300001960E94D1DECE0101960E94BDD884E311
:10C3400098E00E94C94403CD8631910509F4B5C433
:10C35000479709F0F2C98091CB039091CC03FC017F
:10C360002191222309F4B8C42032D1F7DF011197BB
:10C370001C92F6CF8D31910509F44EC580F58A31B6
:10C38000910509F4D3C408F4B6C48B31910509F4BE
:10C39000EAC44C9709F0D1C980916B1184FFD7CCC6
:10C3A0000091CB031091CC03B80182E00E94B6DE6D
:10C3B0001092621180916B11877F8B7F80936B113C
:10C3C0000E94C6D7A801BE016F5F7F4F80E00E9428
:10C3D00071DD009709F4BBCC0E9468DDB8CC8F31C9
:10C3E000910509F485C508F41EC58032910509F44C
:10C3F00041C58B34910509F0A0C90E94AC9DA7CC22
:10C400008A36910509F439C608F06AC08435910569
:10C4100009F431C7D8F48135910509F40FC738F410
:10C420008D34910509F089C90E94CE9D90CC82354A
:10C43000910509F418C78335910509F07EC98091EB
:10C44000AB038F7E80628093AB0381CC8C359105EA
:10C4500009F4ABC738F58535910509F06EC983E558
:10C460000E94B118882309F472CC0E9462D46093B0
:10C47000D0037093D1038093D2039093D3030E948F
:10C480007F1E20E030E04AE754E40E94CFED0E9496
:10C490006CF56093A7037093A8038093A90390930E
:10C4A000AA0355CC8836910509F4DDC58936910576
:10C4B00009F043C90E94144A182F87FD0AC08AE078
:10C4C00099E00E94C944812F0E949F7C8AE00E94CB
:10C4D000C244F8A5F093AC03AD96E2E10C946CF481
:10C4E0008F36910509F40EC6F8F48C36910509F4DF
:10C4F00045C608F4FCC58D36910509F4B9C58E36DC
:10C50000910509F01AC98EE40E942819882309F4BC
:10C510001ECC0E94251E6093B90C7093BA0C8093B8
:10C52000BB0C9093BC0C13CC8137910509F433C636
:10C5300008F42AC68237910509F4C1C783379105EB
:10C5400009F0FBC881E09BE00E94C94460E081EFF4
:10C550009AE00E94D64460E08CED9AE00E94D644B6
:10C5600061E085ED9AE00E94D64461E08AEC9AE0B1
:10C570000E94D64460E08BEB9AE00E94D64461E0D2
:10C580008BEA9AE00E94D64460E082EA9AE00E9438
:10C59000D64461E088E99AE00E94D64461E08EE8E2
:10C5A0009AE00E94D64460E087E89AE00E94D64470
:10C5B00061E08FE79AE00E94D64461E081E79AE06B
:10C5C0000E94D64460E083E69AE00E94D64460E090
:10C5D00084E59AE00E94D64460E086E49AE00E94F6
:10C5E000D64460E080E39AE00E94D64460E08FE1A8
:10C5F0009AE00E94D64460E08AE09AE00E94D64425
:10C6000060E08BEF99E00E94D64461E084EF99E00E
:10C610000E94D64460E08DEE99E00E94D64460E02E
:10C6200084EE99E00E94D64460E08FEC99E00E948D
:10C63000D64460E081EC99E00E94D64460E084EB4F
:10C6400099E00E94D64461E081EA99E00E94D644D4
:10C6500060E084E999E00E94D64460E08FE899E0C8
:10C660000E94D64461E082E899E00E94D64460E0EE
:10C670008EE699E00E94D64460E08BE599E00E9446
:10C68000D64460E082E796E00E948718682F6170C8
:10C6900082E599E00E94D64460E084E499E00E943B
:10C6A000D64455CB8D32E1E09E0711F40C946F6EA9
:10C6B00008F037C1893C910509F4FBC708F047C071
:10C6C0008C38910509F489C5A8F48737910509F4D8
:10C6D00049C708F40CC78837910509F447C789375B
:10C6E000910509F02AC810926306109262060E9412
:10C6F000639A2DCB8B39910509F479C598F481396A
:10C70000910509F01AC870E060E083E50E94731E8D
:10C71000823008F434C70E94F7498FEC9BE00E94F6
:10C72000C94415CB8E3B910509F45CC5883C910545
:10C7300009F003C88091C70383FD8BC78091C903AB
:10C740008C7009F086C781E00E94794A00CB833D56
:10C75000910511F40C94936CC8F58C3C910511F47F
:10C760000C94B46BB8F48B3C910511F00C949D5B68
:10C770008091C70384FDD5C78091C903887809F0EB
:10C78000D0C78091CA03837009F0CBC781E00E94B3
:10C790008F49DDCA8D3C910511F40C94096C8E3CD7
:10C7A000910511F00C949D5B8091C7039091C80393
:10C7B000A091C903B091CA03892B8A2B8B2B11F04E
:10C7C0000C94766C81E00E941B49C1CA8D3D910595
:10C7D00011F40C945D6D08F046C08C3D910511F08C
:10C7E0000C949D5B82E40E94B118882341F08091F3
:10C7F00036019091370190931E0180931D0182E5CF
:10C800000E94B118882341F080911D0190911E0172
:10C81000909337018093360183E50E94281988237D
:10C8200031F00E94701E9093370180933601809101
:10C83000C7039091C803A091C903B091CA03892B83
:10C840008A2B8B2B09F083CA6091360170913701D6
:10C8500085E39CE00E94A24A85E20E94C2448AE0ED
:10C860000E94C24474CA883121E0920711F40C94EA
:10C87000B46D8232914011F00C949D5B8AE50E9468
:10C880002819882311F40C944F6E0E947F1E20E01B
:10C8900030E040E050EC0E946AED87FF02C00C944B
:10C8A000616E0E947F1E20E030E040E050E40E9474
:10C8B000EBF5C12CD12CE12CB0E4FB2E181624F0A2
:10C8C0000E947F1E6B017C0180900B0C90900C0CE1
:10C8D000A0900D0CB0900E0C84E00E942B9481115E
:10C8E0000C94556EA5019401C701B6010E94CFEDCD
:10C8F0000E9467F52091620430916304260F371F70
:10C90000309363042093620420911A0530911B0533
:10C91000C901860F971F90931B0580931A050C94ED
:10C92000556E843FA1E09A0711F40C94966F08F0BD
:10C93000D6C08239E1E09E0711F40C94076F08F528
:10C940008F3221E0920711F40C94FF6E10F40C94D6
:10C95000B96E8039A1E09A0711F40C94036F813904
:10C96000914011F00C949D5B83E50E94B1188111F8
:10C97000EEC98091FD06811165C981E00E94A09BEE
:10C9800061C9843AE1E09E0711F40C940D6F40F404
:10C990008A39914011F00C949D5B0E945F99D7C930
:10C9A000853A31E0930711F40C94116F8C3A914061
:10C9B00011F00C949D5B87E00E944AB38111C7C9B6
:10C9C0009BE5C92E9CE1D92EE0E4FFE0F9A3E8A3A2
:10C9D0009E012F5F3F4F1901790110E000E0C60171
:10C9E0000E948D37A8A1B9A18D909D90AD90BD906A
:10C9F000B9A3A8A3A50194010E9487F42B013C01CF
:10CA0000F701408251826282738220E030E040EA86
:10CA100051EC0E94EBF587FD0AC020E030E040EACF
:10CA200051E4C301B2010E946AED181684F4F801C2
:10CA3000E65EF34DE4911E1654F4B7FAB094B7F8DD
:10CA4000B094D7018D929D92AD92BC921397F7014D
:10CA500080809180A280B38020E030E040EA51ECF9
:10CA6000C501B4010E94EBF587FF02C00C94876FEB
:10CA700020E030E040EA51E4C501B4010E946AEDD3
:10CA8000181614F40C94876F0F5F1F4FF4E0CF0E4D
:10CA9000D11C24E0E20EF11C0330110509F09FCFF8
:10CAA00086E6E82E86E0F82E10E0F1018191919162
:10CAB000A191B1911F01F70181939193A193B1933A
:10CAC0007F01812F0E940B941F5F133071F70E942A
:10CAD000839960E08AEC9CE00E94222038C98C3067
:10CAE000B2E09B0711F40C94AC6F28F5863FF1E09F
:10CAF0009F0711F40C949E6F10F40C949A6F873F6B
:10CB000031E0930711F40C94A26F883F914011F02B
:10CB10000C949D5B81E0809310050E9499AE109269
:10CB20001005882309F413C90E94FA4986E09DE0A4
:10CB30000E94C9440CC9803AB3E09B0709F4D1C1F3
:10CB4000A8F48335934011F00C949D5B8091C90348
:10CB500087FF02C00C94C46F8091CA03837011F0E8
:10CB60000C94C46F81E00E940D45F1C8873E23E01C
:10CB7000920711F40C949570893E934011F00C9437
:10CB80009D5B0E94B28780916B11877F8B7F809322
:10CB90006B118091611181110C94A5700E945F9DB1
:10CBA0006D3371058105910520F08DE79DE00E94B0
:10CBB000ED7089E79DE00E94ED7085E69DE00E94A2
:10CBC000C94481E69DE00E94ED70C1C880E50E94E5
:10CBD0002819C12CD12C7601882321F00E94151E22
:10CBE0006B017C0183E50E942819882361F00E9473
:10CBF0007F1E20E030E04AE754E40E94CFED0E941F
:10CC00006CF56B017C010E94B2878091CB039091FF
:10CC1000CC03009711F10E94D2CA1091AC0383E0BB
:10CC20008093AC0381E080931A04C114D104E10421
:10CC3000F10431F00E9462D4C60ED71EE81EF91E20
:10CC400080911A048823B9F0C114D104E104F104DD
:10CC500051F480E00E94F24BF3CF60E089E098E06D
:10CC60000E942220DACF0E9462D46C197D098E09BD
:10CC70009F0997FDEECF10921A041093AC030E9407
:10CC800046CC65C860E08BE298E00E94222080E0FC
:10CC90000E943A8381E00E943A8382E00E943A83B4
:10CCA0000E94FC8254C80E94FA4984E598E00E94E0
:10CCB000C9444DC80E942ED84AC880916B1182FF8A
:10CCC00002C087FF44C80E94C6D780916B118F7E37
:10CCD000806480936B113BC860E00E9467DF37C8B7
:10CCE0000E94EA3B882321F00E94D5D70E94AC9D88
:10CCF0000E9446CC2CC880916B1182FF05C087FD35
:10CD000003C08B7F80936B1180910B07813081F77B
:10CD100082E080930B070E9462D460936D0470934D
:10CD20006E0480936F0490937004E2CF80916B1136
:10CD300084FD01C00CC883E50E942819882309F4EA
:10CD400006C80E94251EAB01BC0140936711509399
:10CD500068116093691170936A1184E69FE00E94E4
:10CD6000BED80C94A75E8091C7039091C803A09190
:10CD7000C903B091CA0352E0B695A79597958795D8
:10CD80005A95D1F780FF1DC088E698E00E94C944FB
:10CD90008091670F882381F0BE016F5F7F4F84E62B
:10CDA0009FE00E94CBDACE0101960E94BAD78AE0BA
:10CDB0000E94C2440C94A75E8EE598E00E94C9448C
:10CDC000F6CF80916B1182FF21C0C0906711D09087
:10CDD0006811E0906911F0906A1187E798E00E946D
:10CDE000C944C701B6010E9437C98FE20E94C244FC
:10CDF0006091631170916411809165119091661139
:10CE00000E9437C90E94B4D70C94A75E89E898E0C5
:10CE10000E94C9440C94A75E80916B118E7F809311
:10CE20006B110C94A75E80916B1184FD02C00C9471
:10CE3000A75E0E94E4CB80916B1184FD02C00C942C
:10CE4000A75E4091CB035091CC03BE016F5F7F4F33
:10CE500080E00E9471DD009711F40C94A75EBC0184
:10CE60008DE998E00E94A6548AE998E00E94C9449E
:10CE70000C94A75E80916B1182FF03C087FF0E9414
:10CE8000B28780916B1184FD02C00C94A75E60E0B4
:10CE900080E50E945F1E182F682F8091CB03909130
:10CEA000CC030E9467DF83E50E942819882381F064
:10CEB0000E94251EAB01BC0140936711509368117D
:10CEC0006093691170936A1184E69FE00E94BED856
:10CED0000E94D5D711110C94A75E0E94AC9D0C94B2
:10CEE000A75E80916B118D7F80936B110C94A75E70
:10CEF0000E945F9D6B017C0120E831E541E050E03C
:10CF00000E9498F3C9016DE671E00E940EF44B0196
:10CF10005C01C701B60120E13EE040E050E00E9424
:10CF200098F3CA01B90128E130E040E050E00E94E6
:10CF300098F32B013C011B01C701B6012CE330E043
:10CF400040E050E00E9498F36B017C01CA01B901F6
:10CF50002CE330E040E050E00E9498F38E010F5F38
:10CF60001F4F8114910419F1DF92CF927F936F9339
:10CF70005F924F92BF92AF929F928F9289EE98E00C
:10CF80009F938F931F930F930E9403ED0FB6F89416
:10CF9000DEBF0FBECDBFC8010E94D2CA0E94FA49AF
:10CFA000B8018DEF98E00E94B1DE0C94A75EA11449
:10CFB000B10489F0DF92CF927F936F935F924F928B
:10CFC000BF92AF9289ED98E09F938F931F930F9339
:10CFD0000E9403EDDBCF4114510479F0DF92CF9230
:10CFE0007F936F935F924F928DEC98E09F938F9316
:10CFF0001F930F930E9403EDC9CF6115710569F06E
:10D00000DF92CF927F936F9385EC98E09F938F93FD
:10D010001F930F930E9403EDB9CFDF92CF9281EC63
:10D0200098E09F938F931F930F930E9403ED0F90AF
:10D030000F900F900F900F900F90ADCF80910B0736
:10D04000813011F00C94A75E82E080930B070E9460
:10D0500062D460936D0470936E0480936F04909318
:10D0600070040C94A75E80E00E9453520C94A75E5B
:10D0700081E00E9453520C94A75E60E080E50E941C
:10D08000461E81110C94A75E8091C7039091C8033E
:10D09000A091C903B091CA0360912B07062F10E03D
:10D0A00080FD02C00FEF10E089E40E942819882358
:10D0B00011F40C94D5700E94351E90E018161906D4
:10D0C00014F481E090E026E0289FF001299FF00D04
:10D0D0001124EE53F94F048115810F3F110519F00A
:10D0E00010F00FEF10E000932B070C94A75E60E0A8
:10D0F00080E50E94461E81110C94A75E10922B07BA
:10D100000C94A75E83E50E942819882321F00E94D1
:10D11000351E8093EE0B0E94FA498BE199E00E9444
:10D12000C9448091EE0B882331F110E000E020E04B
:10D130008091EE0B90E0002E02C0959587950A94A1
:10D14000E2F780FF12C0FF24F394F20E222319F0BD
:10D150008CE20E94C244F801EE0FFF1FEF5EF64F13
:10D16000859194910E94C9442F2D0F5F1F4F053068
:10D170001105F1F61CCE8DE099E020CE10921A0434
:10D1800010926B010C94A75E41E070E060E082E2D7
:10D1900099E00E94474B83E50E942819882369F093
:10D1A0000E94351E8D3320F4809318010C94A75EE5
:10D1B0008CE3809318010C94A75E0E94FA491091A9
:10D1C000180180E399E00E94C944812F0E94F87BF6
:10D1D0008AE00E94C2440C94A75E80E00E947B50CB
:10D1E0000C94A75E81E00E947B500C94A75E83E5BF
:10D1F0000E942819882311F40C94A75E0E94351E02
:10D20000182F8C3308F08CE38093A6030E9462D41D
:10D210006B017C01212F30E0A8EEB3E00E94E6F321
:10D22000C60ED71EE81EF91EC092A203D092A30319
:10D23000E092A403F092A5030C94A75E0E94C3871A
:10D2400010922B070E943D7D0E94CE9D68EE73E0F8
:10D2500080E090E00E94C53B60E087E399E00E9497
:10D2600022200C94A75E8091AB038F7D8061809318
:10D27000AB030C94A75E83E50E9428198823F1F084
:10D280000E9462D46093D0037093D1038093D20341
:10D290009093D3030E947F1E20E030E04AE754E4DD
:10D2A0000E94CFED0E946CF56093190170931A01F2
:10D2B00080931B0190931C010C94A75E0E94A01800
:10D2C000882309F46EC00E94B2870E94FF18082FBD
:10D2D00010911105182311F40C94A75EF12CE12C88
:10D2E000C82ED12CAA24A394B12CC6010E2C02C0A6
:10D2F000959587950A94E2F780FF12C08E2D0E94C3
:10D300000383882369F0F701E15FFD4F8081950178
:10D310000E2C01C0220F0A94EAF7822B8095182365
:10D320002FEFE21AF20A33E0E316F104F1F603FFFD
:10D3300004C00E94EE828111147FF12CE12CC12ED9
:10D34000D12CC6010E2C02C0959587950A94E2F760
:10D3500080FF0FC0F701EE57FE4F80810E94C2444C
:10D36000F701E15FFD4F90818091110589230E94B3
:10D37000D8E28FEFE81AF80A93E0E916F10409F70A
:10D3800013FD02C00C94A75E85E40E94C24480E3B2
:10D390000E94C2448091110583700E94D8E20C94CF
:10D3A000A75E0E94C3870C94A75E0E94144A87FF61
:10D3B00002C00C94A75E8091C70384FD09C08091D0
:10D3C000C90387FD05C08091CA03837009F472C048
:10D3D00092E8C92E91E0D92E2FEEE22E2BE0F22E0C
:10D3E00010E0D6018D916D010E942819882349F023
:10D3F000133089F00E947F1EF701648B758B868B3A
:10D40000978B1F5FF4E0EF0EF11C143051F70E9470
:10D410008E870C94A75E0E947F1E4B015C0120E06A
:10D4200030E040EA51E40E946AED87FF3AC0A5016E
:10D43000940160910F0C7091100C8091110C9091DF
:10D44000120C0E94FFF42B013C01AC019B01609186
:10D450001F0C7091200C8091210C9091220C0E9445
:10D46000CFED60931F0C7093200C8093210C909350
:10D47000220C60911F0770912007809121079091E5
:10D4800022070E946EEDA30192010E94CFED0E943F
:10D490006CF560931F07709320078093210790938A
:10D4A000220780920F0C9092100CA092110CB09257
:10D4B000120CA7CF81E00E94B7CB0C94A75E0E940C
:10D4C00082CA82E090E10E9434820C94A75E80912F
:10D4D000CB039091CC03009709F40ACCDC012C918A
:10D4E000222309F405CC0E94D2CA0C94A75E0091B5
:10D4F000CB031091CC0394E0F12C40E09150F9F073
:10D50000F8018081282F2B7F213499F42181213348
:10D51000B1F4813421F1853409F441E098012E5FA2
:10D520003F4F89012F5F3F4FF80180818032C9F35F
:10D53000E5CF803521F4818180538A3078F3411121
:10D540000E94FA49FF2021F08CEC9BE00E94C94424
:10D55000C8010E94BAD70E94B4D70C94A75EFF24DA
:10D56000F394DCCF0E94259A0C94A75E81E080930F
:10D570006306809362060E94639A0C94A75E8C01F6
:10D58000112788E40E9428198823C1F00E94701E88
:10D590008A3A91050CF44BC00E94701E8530914070
:10D5A0000CF048C00E94701E26E0209FF001219FD1
:10D5B000F00D1124EE53F94F9183808382E40E9491
:10D5C00028198823A9F00E94701E0597B4F10E94C3
:10D5D000701E84379105A4F50E94701E26E0209FDE
:10D5E000F001219FF00D1124EE53F94F93838283B4
:10D5F00086E40E942819882311F40C94A75E0E94E7
:10D60000701E97FD20C00E94701E8F3F910509F08B
:10D61000ECF40E94701E26E0209FF001219FF00D87
:10D620001124EE53F94F958384830C94A75E8AEA04
:10D6300090E0BACF84E091E0B7CF85E090E0CECF24
:10D6400083E790E0CBCF90E080E0E5CF8FEF90E0F4
:10D65000E2CF0E94144A182F87FF02C00C94A75EE5
:10D6600000919B0484E40E942819F82E8823B1F0CD
:10D670000E947F1E4B015C0120E030E0A9010E9466
:10D680006AED8823A1F024E01202F0011124E9568A
:10D69000FB4F80829182A282B3820F2D602F83E59F
:10D6A0000E945F1E80939B0490D60C94A75E80E03E
:10D6B000F9CF8091C70384FD0DC08091C90388789C
:10D6C00049F48091CA03837029F481E00E94B6492D
:10D6D0000C94A75E0E94144A87FF02C00C94A75EB8
:10D6E00002E811E08FEEE82E8BE0F82ED8018D9144
:10D6F0008D010E942819882359F00E947F1E0E94E4
:10D700006CF5F70160837183828393830E944A875B
:10D71000F4E0EF0EF11C21E00638120739F70C9403
:10D72000A75E0E94144A87FF02C00C94A75E12E80D
:10D73000E12E11E0F12E10E000E0D7018D917D0186
:10D740000E942819882349F00E947F1EF801E151A8
:10D75000F44F64A375A386A397A30C5F1F4F0031FA
:10D76000110559F70C94A75E8091C80387FD09C085
:10D770008091C9038E7029F481E00E946F490C9456
:10D78000A75E83E50E942819882391F00E947F1EDE
:10D790006093230C7093240C8093250C9093260C9B
:10D7A00060932B0C70932C0C80932D0C90932E0C6B
:10D7B00080E50E942819882351F00E947F1E609303
:10D7C000230C7093240C8093250C9093260C82E5F7
:10D7D0000E942819882351F00E947F1E6093270C15
:10D7E0007093280C8093290C90932A0C84E50E9456
:10D7F0002819882311F40C94A75E0E947F1E609361
:10D800002B0C70932C0C80932D0C90932E0C0C945D
:10D81000A75E8091C70381FD0DC08091C80381FD83
:10D8200009C08091C9038C7029F481E00E943B49B2
:10D830000C94A75E82E40E942819882351F00E946C
:10D84000151E6093FF0B7093000C8093010C909356
:10D85000020C83E50E942819882351F00E947F1E44
:10D8600060932F0C7093300C8093310C9093320C9A
:10D8700084E50E942819882351F00E947F1E60933E
:10D88000330C7093340C8093350C9093360C8AE4EF
:10D890000E942819882311F40C94A75E0E947F1E11
:10D8A0006B017C012AE037ED43E25CE30E94EBF57B
:10D8B00087FD14C02AE939E949E95EE3C701B601E9
:10D8C0000E946AED181654F0C0920F07D09210070C
:10D8D000E0921107F09212070C94A75E0E94F7499C
:10D8E00081EF9BE00E94C9440C94A75EB6E6EB2E44
:10D8F000B6E0FB2E10E088E5810F0E94B118882366
:10D9000051F00E947F1EF7016083718382839383AD
:10D91000812F0E940B941F5FF4E0EF0EF11C133077
:10D9200051F70C94225E83E50E94B118882331F0F0
:10D930000E94501E809340010C94A75E10914001FC
:10D94000105D8CE29CE00E94C944812F0E94C24479
:10D9500088E29CE00E94C944809140010E94ED4908
:10D960004090500F5090510F6090520F7090530F95
:10D970002091420130914301409144015091450171
:10D98000C301B2010E9488F468A379A38AA39BA370
:10D990008090540F9090550FA090560FB090570F55
:10D9A0002091460130914701409148015091490131
:10D9B000C501B4010E9488F46CA37DA38EA39FA32C
:10D9C000C090580FD090590FE0905A0FF0905B0F15
:10D9D00020914A0130914B0140914C0150914D01F1
:10D9E000C701B6010E9488F46AA77BA78CA79DA7F0
:10D9F00020914E0130914F014091500150915101C1
:10DA0000C301B2010E9488F42B013C012091520114
:10DA1000309153014091540150915501C501B40119
:10DA20000E9488F44B015C0120915601309157010E
:10DA30004091580150915901C701B6010E9488F4E4
:10DA40006B017C0180E29CE00E94C94448A159A17D
:10DA50006AA17BA180E19CE00E94FC444CA15DA1F5
:10DA60006EA17FA182E99CE20E94FC444AA55BA5CD
:10DA70006CA57DA58FE89CE20E94FC448EE19CE0B1
:10DA80000E94C94486E19CE00E94C944B301A201FE
:10DA900080E19CE00E94FC44B501A40182E99CE283
:10DAA0000E94FC44B701A6018FE89CE20E94FC445E
:10DAB0008AE00E94C2440C94A75E0E94144A082F78
:10DAC00087FF02C00C94A75E83E50E942819002EF0
:10DAD000000C110B7801EE0CFF1C882359F10E94F9
:10DAE000701EF701E45CFE4F91838083000F111FCD
:10DAF000000F111F98012E583E4F7901BC01990F5C
:10DB0000880B990B0E9470ED2AE037ED43E25CE34D
:10DB10000E94CFED03571B4FD8012D913D914D91A0
:10DB20005C910E94CFEDF7016083718382839383C0
:10DB30000C94A75E0E94FA4985E40E94C24480E3E7
:10DB4000800F0E94C244F701E45CFE4F6081718146
:10DB500089E39CE00E94A24A85E20E94C2448AE0D6
:10DB60000E94C2440C94A75E80E50E942819882375
:10DB700011F40C94A75E0E94701E8C01892B09F091
:10DB800081C083E50E942819882389F00E94701EB5
:10DB900097FD07C0BC018CEE9FE00E94C4420C942C
:10DBA000A75E8CEE9FE00E94A5420C94A75E0E94A7
:10DBB000FA4970E060E084E49CE00E94A24A80910F
:10DBC000EE0F58E5C52E52E0D52EC81AD10887FDB4
:10DBD000D394CC0CDD1CCC0CDD1C0D2C000CEE0801
:10DBE000FF088091ED0F78E8872E912C881A910814
:10DBF00087FD9394880C991C880C991C092C000CA7
:10DC0000AA08BB088091EC0F90E08F3FC9F1FC019E
:10DC1000EE0FFF1FE80FF91FE953F04F818192814A
:10DC200033E0880F991F3A95E1F7B0E0A0E044E0B7
:10DC3000B595A795979587954A95D1F702969C013A
:10DC40002F5F3F4F032E000C440B550B2819390949
:10DC50004A095B09A4EBB0E00E94D6F3A701960144
:10DC6000281939094A095B090E94BAF3B90181E40C
:10DC70009CE00E94A24A8AE00E94C2440C94A75EE3
:10DC800080E0DDCF0E94F749B8018BE59CE00E945F
:10DC9000A24A8CE49CE00E94C9440C94A75E83E5F0
:10DCA0000E94281981110C9445648091C90387FD55
:10DCB0000FC08091CA03837059F40E94FA490C94F2
:10DCC000A75EC12CD12CE12C80ECF82E0C9464645E
:10DCD00082E50E94B1188111F0CF0C94A75E80916B
:10DCE000C70383FD09C08091C803817829F481E0CE
:10DCF0000E943B4A0C94A75E80E50E942819882365
:10DD000051F00E947F1E609328057093290580932F
:10DD10002A0590932B0589E40E942819882381F015
:10DD20000E947F1E2CEA35EC47E25EE30E94CFEDB5
:10DD300060932C0570932D0580932E0590932F05ED
:10DD400084E40E942819882311F40C94A75E0E9491
:10DD50007F1E2CEA35EC47E25EE30E94FFF46093FD
:10DD600030057093310580933205909333050C9400
:10DD7000A75E83E50E94B118182F882369F00E94DE
:10DD8000701E9C0190933F0180933E0191E0232BF4
:10DD900009F090E09093910480E50E94B1188823E7
:10DDA00061F020913E0130913F01232B11F00E9440
:10DDB000501E809391040C94A75E11110C94A75EE1
:10DDC0000E94FA498EE79CE00E94C9448091910428
:10DDD000882391F086E69CE00E94C94460913E0150
:10DDE00070913F018DE69CE00E94A24A89E69CE08A
:10DDF0000E94C9440C94A75E82E69CE0EDCF0E948D
:10DE00003E450C94A75E0E94B2870C94A75E0E94C8
:10DE100093370E9483990C94A75E0E94CD590C946D
:10DE2000A75E6FEF7FEF89E40E94731E8C016FEF96
:10DE30007FEF8AE40E94731E7C018AE50E94281904
:10DE4000D12C811107C081E50E942819D82E882382
:10DE500009F4B7C1C02E81E0800F863008F04FC0B2
:10DE6000BE2C81E08E0D863008F049C0102F0E9434
:10DE70007F1E2B013C01A02E07FDA12C17FF02C025
:10DE8000A4E0CA2E8E2DE7FCE12C87FF02C0F4E04F
:10DE9000BF2EE5E03E2ECA1410F40C94A75EFE2CB3
:10DEA0003A9C40011124BF1440F10F2D10E020E0F6
:10DEB00030E0A901DD2069F0F401E00FF11FEE0F61
:10DEC000FF1FEE0FFF1FE456FB4F2081318142817F
:10DED0005381080D191D000F111F000F111F04564B
:10DEE0001B4FC301B2010E9488F4D8016D937D934A
:10DEF0008D939C931397F394D6CFA394CCCF0E9489
:10DF0000F74981EB9CE00E94C9440C94A75E0E94F3
:10DF1000F74988EE9CE00E94C94461E08AED9CE0EC
:10DF20000E9422200E94681F0C94A75E0E943C84DD
:10DF30000C94A75E0E94A4AE0C94A75E0E94729AF5
:10DF40000C94A75E61E083E50E945F1E91E0892743
:10DF50000E944F830C94A75E80916B1182FF0CC0CE
:10DF600087FD0AC00E94EA3B90916B1180FB97F9F4
:10DF700090936B110C94A75E84FD02C00C94A75E75
:10DF80000E94E4CB0C94A75E4090EF0F5090F00FEE
:10DF90006090F10F7090F20F8091F30F9091F40F59
:10DFA000A091F50FB091F60F88A399A3AAA3BBA3E4
:10DFB000C090F70FD090F80FE090F90FF090FA0FA3
:10DFC00088E50E942819182F882309F482C00E942E
:10DFD0007F1E4B015C0120E030E04BE653EC0E94D9
:10DFE000EBF587FD0BC020E030E04BE653E4C501C4
:10DFF000B4010E946AED18160CF06DC06BEE70E073
:10E000008EE49DE00E94A24A6BEE70E089E49DE000
:10E010000E94A24A86E49DE00E94C94410E089E57E
:10E020000E942819882341F10E947F1E4B015C0148
:10E0300020E030E04BE653EC0E94EBF587FD0BC08F
:10E0400020E030E04BE653E4C501B4010E946AEDE4
:10E0500018160CF043C06BEE70E083E39DE00E9465
:10E06000A24A6BEE70E08EE29DE00E94A24A8BE233
:10E070009DE00E94C94410E08AE50E942819882387
:10E0800091F10E947F1E6B017C0120E030E040EAAC
:10E0900051EC0E94EBF587FD0AC020E030E040EA39
:10E0A00051E4C701B6010E946AED1816E4F46CEE63
:10E0B0007FEF89E19DE00E94A24A64E170E084E183
:10E0C0009DE00E94A24A81E19DE00E94C9440C9417
:10E0D000A75E11E0A4CF24013501A1CF88A299A2A7
:10E0E000AAA2BBA2C9CF112311F40C94A75E40923F
:10E0F000EF0F5092F00F6092F10F7092F20F88A123
:10E1000099A1AAA1BBA18093F30F9093F40FA093C0
:10E11000F50FB093F60FC092F70FD092F80FE09280
:10E12000F90FF092FA0F0C94A75E83E08093B60685
:10E1300010923F0F60E083E50E945F1E81110C94F6
:10E14000A75E0E940ECB0C94A75E0E9451DE811147
:10E150000C94A75E0C94CE650091CD031091CE0374
:10E160000E9462D46093D0037093D1038093D20352
:10E170009093D303002311F40C94A75E0E94FA49F4
:10E1800084E50E94C244802F0E94F87B80E20E94B6
:10E19000C24481E89DE00E94C9440C94A75E11111D
:10E1A0000C94155C11E00C94085C83E50E9428191E
:10E1B000882311F40C946D680E94251E8B010C9429
:10E1C0006D680E94F74981E99CE00E94C9440C9463
:10E1D000A75E882339F30C941A5CB0E0A0E0E3EF6B
:10E1E000F0E70C9452F47C014DB65EB660900D07DA
:10E1F00070900E078DB69EB66AE070E0C7010E946F
:10E20000A7EC6C018C010E191F09892B21F4C701A1
:10E210000E94B9EC8C01C80101962DB73EB7281BAE
:10E22000390B0FB6F8943EBF0FBE2DBF8DB79EB70A
:10E2300001965C01A801B7010E94DAECF501E00F3C
:10E24000F11F1082C5010E94313681E00E94735B8C
:10E25000C114D10451F076019FEFE91AF90A0FB603
:10E26000F8949EBE0FBE8DBEC5CF0FB6F8949EBE6D
:10E270000FBE8DBEC3010E9431360FB6F8945EBE4C
:10E280000FBE4DBEE0E10C946EF4CF93DF93C091CE
:10E29000210D81E6C89FE0011124CD5DD24F809110
:10E2A000EE0B80FF07C00E94FA49CE010E94BAD748
:10E2B0000E94B4D7CE010E94313680E00E94735B89
:10E2C000DF91CF910895A0E1B0E0E9E6F1E70C9489
:10E2D0005EF48C01DC01ED91FC910280F381E02D74
:10E2E000BE016F5F7F4F0995882309F45DC0898166
:10E2F000807C91F56F81637070E0762F6627770FD1
:10E30000770F8885B4E08B9FC0011124682B792B8F
:10E3100089858295869586958370682B6F5F7F4F80
:10E3200090E080E02A852370220F3B8537FB33275E
:10E3300030F9232B3E813F70230F3327331F2750A3
:10E34000310904C0660F771F881F991F2A95D2F7DD
:10E350006096E4E00C947AF4803419F5688566954B
:10E36000669570E090E080E0CB01772766272A85EC
:10E37000622B098510E0102F0027012E000C220BC4
:10E38000330B602B712B822B932B6F5F7F4F8F4F43
:10E390009F4F4AE0660F771F881F991F4A95D1F754
:10E3A000D7CF8BE0F801848360E070E0CB01D0CF61
:10E3B0000895FC0182810895FC0190E1ACEBB5E089
:10E3C00001900D929A95E1F70895CF92DF92EF9226
:10E3D000FF9280919B04882309F457C0C090970452
:10E3E000D0909804E0909904F0909A0420E030E0F6
:10E3F000A901C701B6010E946AED882309F445C04E
:10E4000020E030E040E05FE3C701B6010E94CFEDBD
:10E410009B01AC010E94CFED2BED3FE049E450E4BD
:10E420000E94CFED9B01AC0160E070E080E89FE3CB
:10E430000E94FFF46B017C01C0928D04D0928E0487
:10E44000E0928F04F092900460913C0170913D0144
:10E45000072E000C880B990B0E9470ED2AE037ED17
:10E4600043E25CE30E94CFEDA70196010E94CFED4D
:10E47000609372017093730180937401909375019E
:10E48000FF90EF90DF90CF900895C12CD12C80E8C1
:10E49000E82E8FE3F82ED0CFFC017081472F50E09B
:10E4A000062E02C0559547950A94E2F740FF14C026
:10E4B0004091510550E0062E02C0559547950A94AB
:10E4C000E2F740FF09C021E030E001C0220F6A9569
:10E4D000EAF72095272320830895CF92DF92EF92C9
:10E4E000FF92FC01C080D180E280F38020E030E028
:10E4F000A901C701B6010E946AED87FF68C0C70184
:10E50000B601905820E030E040E251E40E94CFEDA7
:10E5100020E030E040EA50E40E9488F420E030E05F
:10E5200040E251E40E94FFF40E9467F59B0160E223
:10E530002031F7E23F0730F0C90160E177E20E9445
:10E540000EF4605D60936704283E83E0380708F4AA
:10E5500045C0C90168EE73E00E940EF4CB016AE089
:10E5600070E00E940EF4805D8093680480E224369F
:10E57000310558F0C90164E670E00E940EF4CB0149
:10E580006AE070E00E940EF4805D8093690480E28E
:10E590002A30310558F0EAE0F0E0C901BF010E94DD
:10E5A0000EF4CB01BF010E940EF4805D80936A04DB
:10E5B000C9016AE070E00E940EF4805D80936B04F4
:10E5C00087E694E0FF90EF90DF90CF90089520E0F1
:10E5D00030E040E251E4C701B60198CF80E2C4CFF9
:10E5E0008F929F92AF92BF92CF92DF92EF92FF9263
:10E5F000FC01C080D180E280F38020E030E040E286
:10E6000051E4C701B6010E94CFED20E030E040E2C6
:10E6100051E40E94CFED4B015C0120E030E0A90104
:10E62000C701B6010E946AED20E030E040EA50E404
:10E6300087FF04C020E030E040EA50ECC501B4019F
:10E640000E9488F420E030E040E251E40E94FFF4B0
:10E650000E9467F59B018BE237FF05C02227332715
:10E66000261B370B8DE280936604C90168EE73E0C8
:10E670000E9422F4CB01EAE0F0E0BF010E9422F404
:10E68000805D80936704C90164E670E00E9422F413
:10E69000CB01BF010E9422F4805D80936804C90110
:10E6A000BF010E9422F49C01CB01BF010E9422F411
:10E6B000805D809369048EE280936A04205D2093DC
:10E6C0006B0486E694E0FF90EF90DF90CF90BF90D0
:10E6D000AF909F908F90089524E6829FC0011124EF
:10E6E00081589F4F6FEF70E00E9422F4262F81E344
:10E6F000643609F080E28093680490E22A3040F0AA
:10E700003AE0822F632F0E94F5F30E94F5F3905DAB
:10E7100090936904822F6AE00E94F5F3905D9093D4
:10E720006A0485E280936B0488E694E00895609122
:10E730003C0170913D01072E000C880B990B0E9443
:10E7400070ED2AE037ED43E25CE30E94CFED2091CB
:10E750008D0430918E0440918F04509190040E945A
:10E76000CFED609372017093730180937401909365
:10E77000750108958091F906811104C08091D50634
:10E7800080932B070895809160118823C1F08150F8
:10E7900080936011EAE9FFE0882351F08150990BE2
:10E7A0002BE1289FF001299FF00D1124EE5AFF4E16
:10E7B0008BE1AFE7BFE001900D928A95E1F72091E0
:10E7C0006011211105C080916B11806480936B11E1
:10E7D00081E090E0A0E0B0E0211103C080E090E093
:10E7E000DC018093E0069093E106A093E206B093EB
:10E7F000E3061092D90681E08093F00683E08093CF
:10E800006C010895CF93DF93EC01CB01BA010E9414
:10E8100070ED29EC38EC48EC5EE30E94FFF420E058
:10E8200030E040E05FE30E9488F40E946CF568836A
:10E83000DF91CF9108950E9470ED29EC38EC48ECFF
:10E840005EE30E94FFF420E030E040E05FE30E94DE
:10E8500088F40E946CF5862F3FCFE091F90686E0A0
:10E86000E802F0011124EE53F94F8091D50690E0B3
:10E87000958384830895CF93DF93EC01CB01BA0194
:10E880000E9470ED688379838A839B83DF91CF91A7
:10E890000895CF93DF93EC01CB01BA010E9470ED94
:10E8A00020E030E040E251E40E94FFF46883798385
:10E8B0008A839B83DF91CF910895CF93DF93C0919B
:10E8C0002505D0912605209729F1609121057091A9
:10E8D000220580912305909124050E9467F56E5FC3
:10E8E0007F4F24976C177D07ACF47093E805609315
:10E8F000E7050E9462D4605E714B8F4F9F4F60931B
:10E90000E9057093EA058093EB059093EC05DF91A0
:10E91000CF9108951092E9051092EA051092EB0547
:10E920001092EC05F4CFC9CFCF93C82FCB010E9432
:10E93000C94480EE9BE10E94C94481ED9BE1CC2358
:10E9400011F086ED9BE10E94C9448AE00E94C24416
:10E95000CF9108954091100521E042276CE070E0CE
:10E960000C9436CA4091100521E0422764E070E023
:10E970000C9436CA4091100521E0422761E070E016
:10E980000C9436CA4091100521E0422761E070E006
:10E990000C9436CA4091100521E0422768E070E0EF
:10E9A0000C9436CA4091100521E042276CE070E0DB
:10E9B0000C9436CA41E061E070E00C9436CA409194
:10E9C000100521E042270C9436CA6CE070E00C94EC
:10E9D0000CD464E070E00C940CD461E070E00C9412
:10E9E0000CD461E070E00C940CD46CE070E00C94FA
:10E9F0000CD461E085ED96E00C949B3A20E030E089
:10EA0000A901BC0180E49FE00C9466CBA4E0B0E0D7
:10EA1000ECE0F5E70C9460F484EF91E0A0E0B0E066
:10EA200089839A83AB83BC83BE016F5F7F4F88E786
:10EA30000E948A432496E2E00C947CF420E040E0BB
:10EA400070E060E086E494E90E94EB1E81E0809330
:10EA500064041092630410926204089520E040E080
:10EA600070E060E081EE97E70C94EB1E21E02093CC
:10EA70006404FC0180819181A281B3818093320181
:10EA800090933301A0933401B093350120E040E02E
:10EA900070E060E08091D3069091D4060C94EB1E58
:10EAA000A4E0B0E0E6E5F5E70C9460F48DEC9CECB6
:10EAB000ACECBCE389839A83AB83BC83CE01019623
:10EAC000D5DF2496E2E00C947CF4A4E0B0E0EBE621
:10EAD000F5E70C9460F48DEC9CECACECBDE3898321
:10EAE0009A83AB83BC83CE010196C0DF2496E2E01B
:10EAF0000C947CF4A4E0B0E0E0E8F5E70C9460F45A
:10EB000080E090E0A0E8BFE389839A83AB83BC8375
:10EB1000CE010196ABDF2496E2E00C947CF4A4E0F5
:10EB2000B0E0E5E9F5E70C9460F480E090E0A0E265
:10EB3000B1E489839A83AB83BC83CE01019696DFCF
:10EB40002496E2E00C947CF4B0E0A0E0EAEAF5E779
:10EB50000C9454F40E9492D1C091D9066C2E85E099
:10EB6000782E7C0E05ED13E493E5A92E99E1B92EDC
:10EB7000D5E0DC1B27EAE22E23E4F22E84E0D82E37
:10EB8000DC1A83E0C82ECC1A82E0982E9C1A81E011
:10EB9000882E8C1AC1112CC08091DB068823B9F015
:10EBA00080916C01882361F0662D619581E09091E0
:10EBB000DB06911180E024E04CE859E10E9463D02B
:10EBC000CF5F7C12E7CF86E08093DA060CC080919D
:10EBD000CE061092CE06882319F30E94AE1F8091B4
:10EBE000F0068823E9F2CDB7DEB7EEE00C9470F4BE
:10EBF000C13049F58091DB068130A1F080916C0134
:10EC00008823F1F28CEE93E49F938F9381E799E14F
:10EC10009F938F938F9281E09091DB06913069F101
:10EC200080E02BC08091CE061092CE06882331F36F
:10EC30008CEE93E4892B11F00E94EC438091F00656
:10EC40008823E1F2D0CFC23009F08EC08091DB067C
:10EC50008230E9F080916C01882309F4B1CF86E01D
:10EC600095E79F938F9387E699E19F938F939F9268
:10EC700081E09091DB06923099F68F930E94BA1E44
:10EC80000F900F900F900F900F900F9099CF809151
:10EC9000CE061092CE068823E9F2B8DE8091F00607
:10ECA0008823C1F2A0CF8091DB068330A9F0809148
:10ECB0006C01882309F484CF8EEB93E49F938F93A8
:10ECC00080E699E19F938F93CF9281E09091DB064C
:10ECD000933009F0A5CFD1CF8091CE061092CE0609
:10ECE000882329F38EEB93E4892B11F00E94BE4315
:10ECF0008091F0068823D9F276CF8091DB068430AC
:10ED000099F080916C01882309F45ACFFF92EF9219
:10ED10008BE599E19F938F93DF9281E09091DB06E1
:10ED2000943009F07DCFA9CF8091CE061092CE0607
:10ED3000882339F3E114F10411F00E94A743809174
:10ED4000F0068823F1F24FCF8091CE061092CE06C6
:10ED50008823B1F00115110511F00E94D54380916F
:10ED6000F006882369F03FCFC33009F49CCFC4304C
:10ED700021F2C53009F024CF8091DB06853021F3E4
:10ED800080916C01882309F41BCF1F930F93BF92CE
:10ED9000AF92DF9381E09091DB06953009F040CF90
:10EDA0006CCF6091D5068FEF0C948DE28091D506E3
:10EDB000682F0C948DE26FEF8091D5060C948DE254
:10EDC000B0E0A0E0E6EEF6E70C9452F40091D50630
:10EDD0000E9492D1C091D90610E0000F111F0E5968
:10EDE000144E95E0592E5C0E2AE3E22E2BE1F22E12
:10EDF000D3E0DC1B3BEDC32E36E7D32E48E4A42E34
:10EE00004BE1B42E82E0782E7C1A5FE6852E5BE122
:10EE1000952E81E0682E6C1A4C2E4194C1112BC0A6
:10EE20008091DB068823B1F080916C01882359F032
:10EE300081E09091DB06911180E024E046E55BE102
:10EE4000642D0E9463D0CF5FC511E8CF84E080932A
:10EE5000DA060CC08091CE061092CE06882321F3EC
:10EE60000E94AE1F8091F0068823F1F2CDB7DEB785
:10EE7000E0E10C946EF4C13059F5F801859194915C
:10EE80009093FB068093FA068091DB06813081F037
:10EE900080916C018823B9F21F929F928F926F929A
:10EEA00081E09091DB06913009F473C080E071C07D
:10EEB0008091CE061092CE06882351F38091D5061C
:10EEC000682F0E948DE28091F006882309F3CECF4F
:10EED000C23009F041C0F801859194919093FB06EE
:10EEE0008093FA068091DB068230D1F080916C012C
:10EEF000882309F4A8CFDF92CF92BF92AF927F927E
:10EF000081E09091DB06923009F080E08F930E94BF
:10EF1000BA1E0F900F900F900F900F900F9093CFFD
:10EF20008091CE061092CE06882301F344DF8091B3
:10EF3000F0068823D9F29ACF8091CE061092CE06A1
:10EF40008823C1F06091D5068FEF0E948DE28091F9
:10EF5000F006882379F08ACFC33009F074CFF80126
:10EF6000859194919093FB068093FA068091DB063D
:10EF7000833011F380916C01882309F464CF1F92D0
:10EF8000FF92EF92DF9381E09091DB06933009F0DE
:10EF90008DCF8F930E94BA1E0F900F900F900F90FD
:10EFA0000F9051CF6CE47AE782E00C949CE060E52E
:10EFB0007AE781E00C949CE064E57AE780E00C94C9
:10EFC0009CE064E278E783E00C949CE0CF92DF92CF
:10EFD000EF92FF920F931F938FEDC82E8AE1D82EE8
:10EFE000F12CE12C01EE1AE130E020E04EE255E791
:10EFF00061EF7AE186EF9AE10E94B2231F910F91AF
:10F00000FF90EF90DF90CF900895CF92DF92EF9234
:10F01000FF920F931F9385E0C82E8AE1D82EF12C22
:10F02000E12C08E71AE130E020E049E05CE367E02A
:10F030007AE18CE09AE10E94B2231F910F91FF9038
:10F04000EF90DF90CF900895A4E0B0E0EAE2F8E717
:10F050000C9460F48091CE061092CE06882341F085
:10F06000109264040E94AE1F2496E2E00C947CF49B
:10F070006091E0067091E1068091E2069091E306CE
:10F08000611571058105910561F10E9470ED209176
:10F0900032013091330140913401509135010E9489
:10F0A000CFED20914C0F30914D0F40914E0F50916C
:10F0B0004F0F0E9488F460934C0F70934D0F809314
:10F0C0004E0F90934F0F83E00E94D82081E08093F1
:10F0D0006C011092E0061092E1061092E206109286
:10F0E000E30680916C01882309F4BECF2091CF06FE
:10F0F0003091D0064091D1065091D20660914C0FCC
:10F1000070914D0F80914E0F90914F0F0E9487F498
:10F1100069837A838B839C83CE01019661DABC017B
:10F1200086EE9BE20E94F4289FCFACE0B0E0EBE9D2
:10F13000F8E70C9451F49C878B87362E8091CE068D
:10F140001092CE06882341F0109264040E94AE1FF4
:10F150002C96E1E10C946DF46091E0067091E1066B
:10F160008091E2069091E306611571058105910594
:10F1700009F457C020914001222309F4B4C0209122
:10F1800041012111B0C021E0321609F48AC0A2E089
:10F190003A1609F497C0C0904201D0904301E09024
:10F1A0004401F090450140904E0150904F01609015
:10F1B0005001709051010E9470ED20913201309108
:10F1C000330140913401509135010E94CFED6F839E
:10F1D000788789879A87B4E03B9E80011124F801E3
:10F1E000E05CF04FFE83ED832081318142815381C9
:10F1F0000E9488F44B015C01A3019201C701B60192
:10F200000E946AED81117EC0F801E05CF04F8082BF
:10F210009182A282B382832D0E94D82081E08093C4
:10F220006C011092E0061092E1061092E206109234
:10F23000E30680916C01882309F48ACFF4E03F9EB5
:10F24000C0011124FC01E05CF04F805B904FDC01B9
:10F250002D913D914D915C9160817181828193816D
:10F260000E9488F46B017C01C982DA82EB82FC8205
:10F270002DEC3CEC4CEC5DE360913201709133017C
:10F2800080913401909135010E94EBF587FD65C0B6
:10F29000CE010196A5D9BC018B859C850E94F428DE
:10F2A00057CFC0904601D0904701E0904801F090C0
:10F2B0004901409052015090530160905401709068
:10F2C000550179CFC0904A01D0904B01E0904C019C
:10F2D000F0904D01409056015090570160905801B8
:10F2E0007090590168CF412C20E5522E23EC622EFC
:10F2F00027E4722EC12C30E5D32E33ECE32E37EC0D
:10F30000F32E59CF20E030E0A9016F8178858985FF
:10F310009A850E946AED87FF10C0A7019601C5017A
:10F32000B4010E946AED87FF6FCFAD81BE81CD929F
:10F33000DD92ED92FC9213976ECFA3019201C5016D
:10F34000B4010E94EBF518160CF05ECFED81FE8142
:10F3500040825182628273825ECF20E030E040E2E0
:10F3600051E4C701B6010E94CFED20E030E04AE74A
:10F3700054E40E94CFED4B015C0120E030E0A90194
:10F38000C701B6010E946AED20E030E040EA50E497
:10F3900087FF04C020E030E040EA50ECC501B40132
:10F3A0000E9488F420E030E040E251E40E94FFF443
:10F3B0000E9467F56B017C01F7FC64C020EA36E827
:10F3C00041E050E00E94BAF3CA01B9012AE030E0FE
:10F3D00040E050E00E94BAF3605D60936504C701AD
:10F3E000B60120E137E240E050E00E94BAF38AE043
:10F3F000882E912CA12CB12CCA01B901A501940130
:10F400000E94BAF3605D60936604C701B60128EEFE
:10F4100033E040E050E00E94BAF3CA01B901A5010F
:10F4200094010E94BAF3605D609367048EE280935A
:10F430006804C701B60124E630E040E050E00E94D5
:10F44000BAF3CA01B901A50194010E94BAF3605D43
:10F4500060936904C701B601A50194010E94BAF343
:10F460006B017C01CA01B901A50194010E94BAF3A4
:10F47000605D60936A04B0E3CB0EC0926B0485E6D6
:10F4800094E009CFF094E094D094C094C11CD11CB6
:10F49000E11CF11C6DE2A1CF62E084EF9BE245CE5E
:10F4A00061E08BEF9BE241CE60E082E09CE23DCEEA
:10F4B0001092D9060C942ED8B0E0A0E0E2E6FAE76C
:10F4C0000C9458F4ADB6BEB68091A70E6EEF76E000
:10F4D000882311F067EA7EE0FB0101900020E9F744
:10F4E000CF01861B970B01962DB73EB7281B390B12
:10F4F0000FB6F8943EBF0FBE2DBF8DB79EB70196D5
:10F500007C0180E2EDB7FEB78183C70101960E94BE
:10F51000B1F68BE9C82E8AE1D82E0DE91AE130E068
:10F5200020E041EA5AE769EA7AE180EB9AE10E9439
:10F53000B2230FB6F894BEBE0FBEADBEEAE00C9487
:10F5400074F48EEF96E00E94DED70E94681F0C9440
:10F5500046CC81E19AE10C94CA1E62E074E78BE12B
:10F5600094E70C945A296BE374E785E290EA0C94D3
:10F570005A29CF93DF93EC018D810E94955460E06E
:10F580008B810E947DD3DF91CF91089561E0FC01D2
:10F5900083810E947DD38FEF0C9489548F929F9228
:10F5A000AF92BF92CF92DF92EF92FF920F931F9391
:10F5B000CF938C01C62F69017A01DBDF0E9462D4F0
:10F5C0004B015C0128E5820E22E0921EA11CB11CB9
:10F5D0000E948E548F3F41F00E9462D468197909CD
:10F5E0008A099B0997FDF4CF8C2F80640E9489546F
:10F5F0008F2D0E9489548E2D0E9489548D2D0E943A
:10F6000089548C2D0E94895487E8C11101C085E975
:10F610000E948954CC3011F40E948E54C0E00E94A4
:10F620008E54F801868387FF04C0CF3F11F0CF5F6F
:10F63000F6CFCF911F910F91FF90EF90DF90CF9079
:10F64000BF90AF909F908F900895B0E0A0E0EBE264
:10F65000FBE70C9456F4EC01162F1F821C824B839F
:10F660000E9462D46B017C0120EDC20E27E0D21E05
:10F67000E11CF11CA89561E08B810E947DD38B81F8
:10F680000E9463CA249A2C9A279A2698259A81E088
:10F690000E94955485E08D830E9495540AE08FEF77
:10F6A0000E9489540150D9F7A89520E030E0A901C3
:10F6B00060E0CE0173DF8E83813079F00E9462D4E6
:10F6C0006C197D098E099F0997FDEFCF81E08C832E
:10F6D000CE015CDF1A8280E065C0A8952AEA31E09D
:10F6E00040E050E068E0CE0159DF853031F581E03F
:10F6F0008F83A8958F81812C912C5401823029F41D
:10F70000812C912CA12C80E4B82E20E030E0A901BE
:10F7100067E3CE0143DFA501940169E2CE013EDF3C
:10F720008E838823F1F00E9462D46C197D098E09C2
:10F730009F0997FDEACF8AE0CACF04E00E948E5469
:10F740008E830150D9F78A3A11F482E0D1CF0E941A
:10F7500062D46C197D098E099F0997FDBFCF82E0A5
:10F76000B6CF8F818230B9F420E030E0A9016AE39E
:10F77000CE0114DF882311F088E0A9CF0E948E54B7
:10F78000807C803C11F483E08F830E948E540E9421
:10F790008E540E948E54CE01F9DE81E08A831730A8
:10F7A00030F41D83CDB7DEB7ECE00C9472F488E141
:10F7B0008C8391CF0F931F93CF93DF93EC018B0139
:10F7C00020E030E0A90169E0E9DE882351F080E122
:10F7D0008C83CE01DBDE80E0DF91CF911F910F9112
:10F7E000089540E150E0B801CE010E94D1DCF4CF91
:10F7F000682F70E090E080E00C9437C98F929F9260
:10F80000AF92BF92CF92DF92EF92FF92CF936B01B4
:10F810007C01B42E20E030E0A9010E946AED87FF50
:10F8200007C08DE20E94C244F7FAF094F7F8F09412
:10F83000C0E060E070E080E09FE3CB1541F02DEC8C
:10F840003CEC4CEC5DE30E94CFEDCF5FF6CFA7011F
:10F8500096010E9488F46B017C010E946CF54B01BB
:10F860005C010E9437C9CC2371F1C501B4010E942B
:10F870006EED9B01AC01C701B6010E9487F46B01DC
:10F880007C018EE20E94C244C150E8F020E030E0EA
:10F8900040E251E4C701B6010E94CFED6B017C014B
:10F8A0000E946CF54B015C010E9437C9C501B4018F
:10F8B0000E946EED9B01AC01C701B6010E9487F466
:10F8C0006B017C01E1CFCF91FF90EF90DF90CF9063
:10F8D000BF90AF909F908F900895EF92FF920F93FB
:10F8E0001F93CF937B018A01C2E48F3F09F0C4E5E7
:10F8F00080E20E94C2448C2F0E94C2448AE30E948C
:10F90000C244F701608171818281938142E076DF98
:10F9100087E797E20E94C944F80160817181828182
:10F92000938142E06BDF62E070E080E090E00E9453
:10F93000D9D3CF911F910F91FF90EF900895A8E038
:10F94000B0E0E5EAFCE70C945FF4182F6091250520
:10F9500070912605072E000C880B990B0E9470ED04
:10F960006D837E838F8398878091210590912205F6
:10F97000A0912305B091240589839A83AB83BC832E
:10F98000AE014B5F5F4FBE016F5F7F4F80E8A5DF29
:10F990006091BF067091C006072E000C880B990B72
:10F9A0000E9470ED6D837E838F8398878091BB0664
:10F9B0009091BC06A091BD06B091BE0689839A8342
:10F9C000AB83BC83AE014B5F5F4FBE016F5F7F4F68
:10F9D0008FEF83DF6091C1061F3F39F087E1180286
:10F9E000F0011124E35EFA4F628570E08FE797E241
:10F9F0000E94A24A6091C10670E08AE797E20E94E5
:10FA0000A24A2896E3E00C947BF40F930FB70F9370
:10FA100000916E000B7F00936E0078940F930BB7EC
:10FA20000F930CB70F921F922F933F934F935F93B7
:10FA30006F937F938F939F93AF93BF93EF93FF93B6
:10FA400011240E944C8AFF91EF91BF91AF919F9139
:10FA50008F917F916F915F914F913F912F911F9067
:10FA60000F900CBF0F910BBF0F910460F89400939F
:10FA70006E000F910FBF0F911895CF93DF931092E7
:10FA80001805EDE1F5E0118610861092E905109257
:10FA9000EA051092EB051092EC0512865D98C7EB13
:10FAA000D6E0198618860E94D51A1A865C98DF91CE
:10FAB000CF91089510922B07E0DF0C94681FB0E0FF
:10FAC000A0E0E5E6FDE70C9456F4B0E4A0E06A2F70
:10FAD00070E0AB014B0F511D55954795411111C079
:10FAE000E5E4F9E265917491072E000C880B990BFF
:10FAF0000E9470EDCDB7DEB7ECE00C9472F4B42F39
:10FB0000E8CFA41711F0B41303C0E1E4FAE2EACF9E
:10FB10009A0121503109220F331F220F331FF9019F
:10FB2000ED5BF64DE590F490F901E95BF64DC5917A
:10FB3000D4918E159F051CF3A42FC817D9070CF478
:10FB4000C6CFF901EB5BF64D05911491F901E75B26
:10FB5000F64DC590D490BC016E197F09072E000C9C
:10FB6000880B990B0E9470ED4B015C01B601601B84
:10FB7000710B072E000C880B990B0E9470ED9B01F6
:10FB8000AC01C501B4010E94CFED4B015C01BE0187
:10FB90006E197F09072E000C880B990B0E9470EDDF
:10FBA0009B01AC01C501B4010E94FFF46B017C0113
:10FBB000B801012E000C880B990B0E9470ED9B017F
:10FBC000AC01C701B6010E9488F494CFEF92FF9276
:10FBD0000F931F93CF93C82F7B018A018091B606A4
:10FBE000833090F00E94F749C7010E94C9448DED0F
:10FBF00096E20E94C944CF3FF1F489ED96E20E945B
:10FC0000C9448AE00E94C24438DFA8958091CC059F
:10FC1000811123C081E08093CC0582E08093B606F9
:10FC20002CDF60ED76E2CF3F11F064ED76E240E04C
:10FC3000C8010E94474BC7FDE4CF87ED96E20E94C2
:10FC4000C9446C2F0C2E000C770B880B990B0E946B
:10FC500094C98AE00E94C244D4CFCF911F910F91E2
:10FC6000FF90EF9008954F925F926F927F929F92D4
:10FC7000AF92BF92CF92DF92EF92FF920F931F93BA
:10FC8000CF93DF93EC016B015A01922EFA01408071
:10FC9000518062807380A30192016D817E818F818A
:10FCA00098850E946AED8823A1F04D825E826F8262
:10FCB00078867724739420E030E0A901F501608113
:10FCC0007181828193810E94EBF518160CF0712CE2
:10FCD0007C828C818230A1F0833009F457C081305E
:10FCE000C9F52D813E814F815885F6016081718172
:10FCF000828193810E946AED87FD2CC082E08C8313
:10FD00000E9462D42B013C01B701FF0C880B990BB8
:10FD10000E9470ED9B01AC016D817E818F81988581
:10FD20000E9487F49B01AC01F601608171818281A0
:10FD300093810E94EBF587FD1DC09801A8EEB3E00A
:10FD40000E94E6F3460E571E681E791E48825982AD
:10FD50006A827B82DF91CF911F910F91FF90EF908C
:10FD6000DF90CF90BF90AF909F907F906F905F900B
:10FD70004F90089588819981AA81BB81481A590AB8
:10FD80006A0A7B0A77FCE6CF83E08C8347E557E27B
:10FD900067E677E2892D1ADFDDCFCF93DF93A89551
:10FDA00080911F05909120050E94AFC960932105A5
:10FDB0007093220580932305909324058091B906C2
:10FDC0009091BA067CDE6093BB067093BC0680936C
:10FDD000BD069093BE06C0911F05D091200580916D
:10FDE000650190916601C817D90734F449E157E2DB
:10FDF00066E277E280E0EADE8091250590912605B3
:10FE0000181619066CF480916301909164018C17A7
:10FE10009D0734F448E357E265E477E280E0D6DEFC
:10FE20002091B9063091BA068091600690916106E2
:10FE30002817390734F449E157E266E277E28FEF99
:10FE4000C5DE8091BF069091C006181619068CF485
:10FE50002091B9063091BA068091610190916201BA
:10FE60008217930734F448E357E265E477E28FEFB3
:10FE7000ADDEDF91CF910895A3E1B0E0E2E4FFE7CA
:10FE80000C9450F48091B606811106C0A895639633
:10FE9000E2E10C946CF4E8C28091E6058111F7CFA1
:10FEA00081E08093E60580911905811107C01092C9
:10FEB000E6056396E2E10C946CF4D6C26EDF109214
:10FEC00019050E9462D42B013C0160916901709177
:10FED0006A01072E000C880B990B0E9470ED9B01A4
:10FEE000AC016091210570912205809123059091CC
:10FEF00024050E94EBF518160CF459C260912505F3
:10FF000070912605072E000C880B990B0E9470ED4E
:10FF100069837A838B839C8324E0E22EF12C08E2B0
:10FF200010E020E0AE014F5F5F4F61E275E085EBCE
:10FF30009FE099DEC0902105D0902205E090230536
:10FF4000F09024056091670170916801072E000C04
:10FF5000880B990B0E9470ED9B01AC01C701B601A3
:10FF60000E94EBF518160CF01DC1609169017091AB
:10FF70006A01072E000C880B990B0E9470ED9B0103
:10FF8000AC01C701B6010E946AED87FF0BC1609109
:10FF90002505709126056115710509F424C2072E07
:10FFA000000C880B990B0E9470EDA70196010E942E
:10FFB00087F44B015C0120E030E040E251EC0E940C
:10FFC0006AED87FD10C220E030E040E251E4C50157
:10FFD000B4010E94EBF518160CF432C28091E105D1
:10FFE000811132C22091D9053091DA054091DB05AB
:10FFF0005091DC052D833E834F8358878091DD052A
:020000021000EC
:100000009091DE05A091DF05B091E00589879A8780
:10001000AB87BC87A70196016091CD057091CE0595
:100020008091CF059091D0050E9487F420913005F2
:100030003091310540913205509133050E94CFED4A
:100040002D813E814F8158850E9487F420ED3CEC44
:100050004CE45DE30E94CFED2D813E814F815885B8
:100060000E9488F46D837E838F8398876093D9057F
:100070007093DA058093DB059093DC0520912C05C5
:1000800030912D0540912E0550912F052D873E87EB
:100090004F87588B29853A854B855C85C501B4010E
:1000A0000E9488F41B018C0120E030E0A9010E942D
:1000B0006AED87FDD4C12D853E854F85588960E066
:1000C00070E08FE793E40E94FFF46987798B8A8B55
:1000D0009B8B9101A8010E946AED87FF04C02984CF
:1000E00039880A891B89C101D8018093DD05909365
:1000F000DE05A093DF05B093E0052091280530913F
:10010000290540912A0550912B05C501B4010E9493
:10011000CFED4B015C018092D1059092D205A09267
:10012000D305B092D4059101A8016D857E858F8598
:1001300098890E94CFED9B01AC012093D5053093A7
:10014000D6054093D7055093D805C501B4010E9448
:1001500088F42D813E814F8158850E9488F420E0EB
:1001600030E0A9010E9488F44B015C0120E030E0FE
:10017000A9010E946AED87FD39C120E030E04FE718
:1001800053E4C501B4010E94EBF518160CF004C14C
:100190006FE7C092CD05D092CE05E092CF05F092E8
:1001A000D00501C060E0609327058091E90590913A
:1001B000EA05A091EB05B091EC050097A105B1050A
:1001C00069F1A3019201281B390B4A0B5B0BDA0181
:1001D000C901B7FD23C0C701B6010E9467F5209190
:1001E000E7053091E805621773070CF4EEC0209123
:1001F0002505309126052115310541F06E5F7F4FB1
:1002000024503109621773070CF4F4C01092E90509
:100210001092EA051092EB051092EC0520E030E018
:100220004AEF52E46091BB067091BC068091BD0616
:100230009091BE060E94EBF518160CF4BFC0809199
:10024000140590911505A0911605B091170500971A
:10025000A105B10599F1A3019201281B390B4A0BA5
:100260005B0BDA01C901B7FD29C06091BB06709133
:10027000BC068091BD069091BE060E9467F5209154
:10028000120530911305621773070CF4A5C0209175
:10029000BF063091C0062115310541F06E5F7F4FDA
:1002A00024503109621773070CF4B7C0109214057B
:1002B0001092150510921605109217058091E2050F
:1002C0009091E305A091E405B091E505A3019201A9
:1002D000281B390B4A0B5B0BDA01C901B7FDE7CDCF
:1002E000D301C20188579C4EAF4FBF4F8093E205A8
:1002F0009093E305A093E405B093E5056091BF06F4
:100300007091C006072E000C880B990B0E9470EDAF
:1003100069837A838B839C8382E0E82EF12C04E14D
:1003200010E02FEFAE014F5F5F4F6BEB76E08EEB8F
:100330009FE099DCC090BB06D090BC06E090BD0663
:10034000F090BE0620E030E040EA50E4C701B6017C
:100350000E94EBF587FD27C020E030E04AEF52E431
:10036000C701B6010E946AED1816ECF06091BF0655
:100370007091C006072E000C880B990B0E9470ED3F
:100380009B01AC01C701B6010E946AED87FF30C036
:100390008FE78093C1068BCDC501B4010E9467F53C
:1003A00075956795F6CE1092C1065C9880CD49E1AF
:1003B00057E266E277E280E009DCA0CD49E157E24E
:1003C00066E277E28FEF02DC3ACF4BEF56E26AE06B
:1003D00077E280E0FBDB22CF4BEF56E26AE077E288
:1003E0008FEFF4DB6BCF81E08093E10560E0D1CE4D
:1003F00080E0CFCF7093E8056093E7050E9462D458
:10040000605E714B8F4F9F4F6093E9057093EA05D3
:100410008093EB059093EC0501CF709313056093E7
:1004200012050E9462D4605A75418F4F9F4F6093AE
:1004300014057093150580931605909317053ECF0C
:1004400081E08093E105A4CE1092E10519861A8619
:100450001B861C861D821E821F821886DBCD212CE6
:10046000312C00E010E03FCECF92DF92EF92FF926E
:10047000CF93DF93EC01C880D980EA80FB8086ECC3
:1004800096E20E94C944C701B6010E942F36CC8073
:10049000DD80EE80FF808BE89DE20E94C944C701A9
:1004A000B6010E942F36C884D984EA84FB8487E889
:1004B0009DE20E94C944C701B6010E942F368AE01E
:1004C0000E94C244DF91CF91FF90EF90DF90CF90D8
:1004D0000895BC012091AD053091AE054091AD0568
:1004E0005091AE052417350731F481E02617370700
:1004F00009F080E008959A01F1CF0F930FB70F93A1
:1005000000916E000F930B7F00936E0000916F00BF
:100510000D7F00936F000F930BB70F930CB70F92E3
:100520001F922F933F934F935F936F937F938F937C
:100530009F93AF93BF93EF93FF9311240E94D28BAD
:10054000FF91EF91BF91AF919F918F917F916F91AB
:100550005F914F913F912F911F900F900CBF0F9182
:100560000BBF0F910260F89400936F000F910093FE
:100570006E000F910FBF0F91189500C000C08091C1
:10058000640680FF1FC0459A8FEF809363058091BA
:10059000640681FF1AC0479A8FEF809364058091AB
:1005A000640682FF15C02A988FEF809365058091BD
:1005B000640683FF10C0289A8FEF8093660500C001
:1005C00000C00895459881E0E0CF479881E0E5CFED
:1005D0002A9A81E0EACF289881E0EFCF8091110537
:1005E000982F977F90931105982F937081E011F0C9
:1005F00080E008955E9A08955E9880911105886064
:10060000809311050895E82FF0E021E030E0082EF6
:1006100002C0220F331F0A94E2F720953095909183
:100620001105922390931105E15FFD4F20819223E4
:1006300021E019F020E0822F0895813079F038F020
:100640008230C9F7159A9091FC069B7F04C05E9A90
:100650009091FC069E7F9093FC06EDCF5E9A909160
:10066000FC069D7FF8CF80E0CEDF81E0CCDF82E02A
:10067000CADFB4CF813079F070F0823071F021E0C0
:1006800030E001C0220F8A95EAF780911105822B94
:100690008093110508955E98F2CF1598F0CFB0E0E1
:1006A000A0E0E5E5F3E80C945AF4C82F41E060EBD4
:1006B0007DE10E94FD49C11102C00E94FA4988EA09
:1006C0009DE10E94C94481E19DE10E94C9448AE004
:1006D0000E94C24441E066E97DE18C2F0E94FD4901
:1006E000C11102C00E94FA4989E79DE10E94C944F4
:1006F0008C2F0E94794A8C2F0E94B7CB8C2F0E949E
:100700008F498C2F0E94B6498C2F0E946F498C2FE5
:100710000E943B498C2F0E941B496DE27DE18C2F8A
:100720000E94ACCBD091960484E29DE10E94C94422
:100730006D2F70E090E080E00E9494C94091920497
:100740005091930460919404709195048FE89CE219
:100750000E94FC4487E19DE10E94C9448091960477
:100760000E94ED4920E030E0A901609108057091F8
:10077000090580910A0590910B050E946AED882376
:1007800089F18CE9E82E84E0F82E10E0670100E0A2
:10079000C11102C00E94FA498FE69DE10E94C9443E
:1007A000802F26D88CE69DE10E94C944812F20D855
:1007B0008FE89CE20E94C944F601608171818281C8
:1007C000938145E01BD88AE00E94C2440F5FF4E1A8
:1007D000CF0ED11C0530E1F61F5F84E0E80EF11C5E
:1007E0001530A1F641E061E57DE18C2F0E94FD49C5
:1007F00002EC16E0D0E0C11102C00E94FA4988E480
:100800009DE10E94C9448D2F0E94F87BF801608110
:100810007181072E000C880B990B0E9470EDAB01C3
:10082000BC0185E49DE10E94FC44F8016281738172
:10083000072E000C880B990B0E9470EDAB01BC01D8
:1008400082E49DE10E94FC44F801648175818FE39C
:100850009DE10E94D04B0A5F1F4FD13059F48C2F7D
:100860000E943B4A8C2F0E940D45CDB7DEB7E8E0D1
:100870000C9476F4D1E0BFCF8F929F92AF92BF924B
:10088000DF92EF92FF920F931F93CF93DF93CDB739
:10089000DEB7C658D1090FB6F894DEBF0FBECDBF84
:1008A000C358DF4F188219821A821B82CD57D0405D
:1008B00080914F0290915002A0915102B09152024A
:1008C000CF57DF4F88839983AA83BB83C158D04019
:1008D00084E690E090935D0F80935C0F1092630F1D
:1008E0001092620F1092620564E070E0CE018F57A3
:1008F0009F4F0E940CD480915C0F90915D0F0296E7
:1009000090935D0F80935C0F1092630F1092620FB3
:1009100081E0CA57DF4F8883C658D040CE018A573E
:100920009F4F0E94F17468E470E08FEE9BE00E949C
:100930000CD480E1EEE9F1E08E010F5F1F4FD8018A
:1009400001900D928A95E1F760E170E0C8010E9484
:100950000CD48FE097E00E94E97486E696E00E944E
:10096000F5747E018DE6E80EF11C8FEFF7018083B0
:10097000C7010E94F17419821A821B821C82C8016D
:100980000E94E9748091920490919304A091940440
:10099000B091950489839A83AB83BC83C8010E947C
:1009A000E974C358DF4F188219821A821B82CD570F
:1009B000D04083E0F70180838983CE0183589F4F25
:1009C0000E94E974C7010E94F174C8010E94F17489
:1009D0003AE0D32EDA94DD2031F0CE0183589F4FD8
:1009E0000E94E974F7CF8FEE9FE00E94F574C35820
:1009F000DF4F188219821A821B82CD57D0402AE01D
:100A0000D22EDA94DD2031F0CE0183589F4F0E9420
:100A1000E974F7CF85E0D82ED982F701D082C801DA
:100A20000E94F174C7010E94F17468E070E088E0F0
:100A300095E00E940CD468E070E080E095E00E94B0
:100A40000CD464E670E08CE994E00E940CD4198226
:100A5000BB24BA94F701B082C8010E94ED74C701AB
:100A60000E94F17464E070E083E192E00E940CD493
:100A7000809165068983C8010E94ED746CE070E086
:100A800082EC96E00E940CD4198A1A8A1B8A1C8A6E
:100A900080E090E0A0E8BFE38D879E87AF87B88BAA
:100AA0008091280590912905A0912A05B0912B05E8
:100AB00089839A83AB83BC832CEA35EC47E25EE3FF
:100AC00060912C0570912D0580912E0590912F0538
:100AD0000E94FFF46D837E838F8398872CEA35EC28
:100AE00047E25EE3609130057091310580913205F7
:100AF000909133050E94CFED69877A878B879C8719
:100B000064E170E0C8010E940CD484E190E09A8313
:100B1000898362E070E0C8010E940CD48CE0EEEAA8
:100B2000F1E0D80101900D928A95E1F7C8010E9489
:100B3000E5748CE0EEEAF1E0D80101900D928A951F
:100B4000E1F7C8010E94E5741982C8010E94F1749E
:100B50008FE78983C8010E94F174B982C8010E949D
:100B6000F174EAEBF1E0D80101900D92DA94E1F72B
:100B700065E070E0C8010E940CD41982C8010E948F
:100B8000ED7480E2EFEBF1E0D80101900D928A95CF
:100B9000E1F760E270E0C8010E940CD4F701108216
:100BA000C7010E94ED748BE994E00E94ED7487E91F
:100BB00094E00E94E974C358DF4F188219821A82A8
:100BC0001B82CD57D040CE0183589F4F0E94E974BD
:100BD00082E1F80111928A95E9F762E170E0C801BB
:100BE0000E940CD484E2EFEDF1E0D80101900D9267
:100BF0008A95E1F764E270E0C8010E940CD480E1BC
:100C0000F80111928A95E9F760E170E0C8010E944D
:100C10000CD489E0F80111928A95E9F769E070E057
:100C2000C8010E940CD4C358DF4F188219821A825F
:100C30001B82CD57D040CE0183589F4F0E94E9744C
:100C40009CE0D92EF8018D2D11928A95E9F76CE080
:100C500070E0C8010E940CD48CE6F80111928A95CC
:100C6000E9F76CE670E0C8010E940CD482E595E0DB
:100C70000E94E574F701108211821282138214829D
:100C800015821682178268E070E0C7010E940CD4BA
:100C9000F7011192DA94E9F7CB57DF4F1882C55864
:100CA000D04080E090E0A0E4B0E4ED968CAF9DAF42
:100CB000AEAFBFAFED97C7010E94F574CE018B5761
:100CC0009F4F0E94F174CE0187589F4F0E94E97494
:100CD000D0906205D1104AC000915C0F10915D0F59
:100CE000045611098091620F9091630FF70191836F
:100CF000808384E690E090935D0F80935C0F64E0C6
:100D000070E087E192E00E940CD462E070E0C701DD
:100D10000E940CD40E94FA498CED9CE10E94C944C7
:100D2000B80190E080E00E9437C9F701808091808F
:100D3000B12CA12C8FEC9CE10E94C944C501B401E7
:100D40000E9437C98CEC9CE10E94C9440C3A1240C5
:100D500041F00E94F7498DEB9DE10E94C944DD24DA
:100D6000D394809162058D298093620580916205FC
:100D7000811105C060E08CEB9CE10E9422209091E3
:100D8000620581E08927CA57DF4F0FB6F894DEBFAE
:100D90000FBECDBFDF91CF911F910F91FF90EF90CC
:100DA000DF90BF90AF909F908F900895CF92DF9289
:100DB000EF92FF92CF93DF93EC0108960E949C374D
:100DC0006B017C0120E030E0A9010E946AED20E087
:100DD00030E0A901882359F0CE010E9414389B010C
:100DE000AC01C701B6010E94CFED9B01AC01688543
:100DF00079858A859B850E9487F4688779878A87A9
:100E00009B87DF91CF91FF90EF90DF90CF90089577
:100E1000843021E0920714F084E091E0909326055D
:100E2000809325050C945D748091D5069091D6062B
:100E3000EFCFCF93DF9380919104811119C0C091BE
:100E40003E01D0913F01219720E030E040E05FE398
:100E500060912105709122058091230590912405D0
:100E60000E9488F40E9467F521E06C177D070CF062
:100E700020E0822FDF91CF910895DBDF882341F0BE
:100E800020E040E070E060E086EE97E70C94EB1E17
:100E90000C942E75B0E0A0E0E0E5F7E80C9458F46F
:100EA000CFEEDBE003E117E08FEFA82E8BE0B82E4A
:100EB000C12CD12C7601C394699179918991999132
:100EC0000E946EED288939894A895B890E94CFED9D
:100ED0000E946CF5F80161937193819391938F0156
:100EE000C616D706E806F90610F46B017C01AC16AD
:100EF000BD0611F76FEF7FEFCB01A70196010E94AE
:100F000098F32093230730932407409325075093A9
:100F10002607CDB7DEB7EAE00C9474F40F931F9365
:100F2000CF93DF9303E01CE0CCE2D7E0F8012191FE
:100F30003191419151918F0160E070E080E89FE331
:100F40000E94FFF46993799389939993F7E0CC33E6
:100F5000DF0761F70E9491CB9DDFDF91CF911F9159
:100F60000F9108959091001080910110981306C080
:100F700080913C0790913D07892B21F080E00E94F1
:100F8000F24BF0CF089590910010809101109813CA
:100F900007C080913C0790913D07892B09F463CBF2
:100FA00080E00E94F24BEFCFCF92DF92EF92FF9260
:100FB000CF93DF9320919604222329F1EC01089628
:100FC0000E949C376B017C0120E030E0A9010E9467
:100FD0006AED20E030E0A901882359F0CE010E949B
:100FE00014389B01AC01C701B6010E94CFED9B01F3
:100FF000AC01688579858A859B850E9488F468871D
:1010000079878A879B87DF91CF91FF90EF90DF9060
:10101000CF900895AAE1B0E0E0E1F8E80C9452F432
:101020009A8F898F5B018A01DC01D6966D917D9143
:101030008D919C91D9970E946EED6B017C01F50119
:1010400020813181428153810E94CFED0E94ECF4D6
:101050002B013C01D8012D913D914D915C91C7012F
:10106000B6010E94CFED0E94ECF44B015C01C3017C
:10107000B2010E946CF5698B7A8B8B8B9C8B6837E5
:1010800071058105910540F428E730E040E050E02B
:10109000298B3A8B4B8B5C8BC501B4010E946CF59C
:1010A0006D877E878F87988B6837710581059105DD
:1010B00040F488E790E0A0E0B0E08D879E87AF879E
:1010C000B88BE98DFA8DEE5BFF4F20813181428133
:1010D000538129833A834B835C83CA01B9010E94FF
:1010E00070ED2B013C0169897A898B899C890E946A
:1010F0006EED69877A878B879C8720E030E0A901B5
:10110000C301B2010E946AED882309F428C1A70136
:101110009601C701B6010E94CFED4B015C01298504
:101120003A854B855C85CA01B9010E94CFED9B01D0
:10113000AC01C501B4010E9487F44B015C01A3011D
:101140009201C301B2010E9488F49B01AC01C50168
:10115000B4010E94FFF40E94ECF40E946CF56D83D0
:101160007E838F83988769817A818B819C8190951A
:101170008095709561957F4F8F4F9F4F0E9470EDC6
:101180004B015C016D857E858F8598890E946EED8F
:1011900069837A838B839C8320E030E0A901C501B9
:1011A000B4010E946AED882309F4DDC029813A81E7
:1011B0004B815C81CA01B9010E94CFED6D8B7E8BA2
:1011C0008F8B988FA7019601C701B6010E94CFEDC2
:1011D0009B01AC016D897E898F89988D0E9487F46F
:1011E0006B017C01A5019401C501B4010E9488F442
:1011F0009B01AC01C701B6010E94FFF40E9498F563
:10120000A98DBA8D95968D909D90AD90BC90989734
:10121000750164012D813E814F815885C21AD30A20
:10122000E40AF50A0E946CF5C61AD70AE80AF90A18
:10123000F7FE6EC020E030E0A901C301B2010E94B8
:101240006AED882309F493C0C501B4010E946EEDD4
:101250006B017C01A3019201C301B2010E9488F4D9
:101260009B01AC01C701B6010E94CFED6B017C016F
:1012700029853A854B855C85CA01B9010E94CFED6D
:101280009B01AC01C701B6010E9487F46B017C0190
:1012900029813A814B815C81CA01B9010E94CFED5D
:1012A0009B01AC01C701B6010E9488F46B017C016F
:1012B00020E030E040E850E4C301B2010E94CFEDED
:1012C0009B01AC01C701B6010E94FFF40E94ECF43F
:1012D0006B017C0120E030E0A9010E94EBF51816BB
:1012E0001CF0C12CD12C7601C701B6010E946CF50F
:1012F0006D837E838F83988786169706A806B90626
:1013000020F48D829E82AF82B886C12CD12C7601CA
:101310008D819E81AF81B885E98DFA8D81A792A7D5
:10132000A3A7B4A7C80ED91EEA1EFB1EC5A6D6A643
:10133000E7A6F0AA29893A894B895C8922AF33AFA5
:1013400044AF55AFFE962D853E854F855889208345
:101350003183428353836A96E0E10C946EF460E03B
:1013600070E0CB01F8CE60E070E0CB0147CF60E0E9
:1013700070E0CB01ABCF90916F0081E091FD02C096
:1013800080E0089590916F009D7F90936F00089585
:10139000EFE6F0E08081826080830895CF93C82FCC
:1013A000EADF94E0C99F90011124F901E055FA4F5A
:1013B00024543A4FD9014D915D916D917C914083B8
:1013C00051836283738391E09093AF058111E0DFD5
:1013D000CF910895CF93DF9380916306811105C06B
:1013E0008091FD06882309F44EC080913E05329B12
:1013F0004DC0816080933E0580913E05339B48C07F
:10140000826080933E0580913E05349B43C084609A
:1014100080933E05C091A005C0FF0FC08091640677
:1014200080FF0BC080913E0580FF07C08091B5060C
:1014300081608093B50680E0B1DFC1FF0FC080916D
:10144000640681FF0BC080913E0581FF07C080913B
:10145000B50682608093B50681E0A0DFC2FF13C0AD
:101460008091640682FF0FC08091FD06882359F0A9
:1014700080913E0582FF07C08091B506846080930D
:10148000B50682E08BDFDF91CF9108958E7FB2CFDA
:101490008D7FB7CF8B7FBCCF1F93CF93DF9380918E
:1014A00060019091F1058F3708F48BC08F579170D0
:1014B00020912705920F9093F105923008F47DC09A
:1014C0005D9A9091F00591702091C106920F9093D2
:1014D000F005923008F473C05C9A2091EF052170FA
:1014E00090911C059695920F9093EF05923008F419
:1014F00075C02C9A8E5F809360018091EE0591E01B
:1015000089278093EE0581110E94872080915F01D9
:1015100091E0980F85300CF090E0823009F4ADC076
:101520000CF05EC0882309F473C0813009F49AC0BE
:1015300090935F01C0911A05D0911B05209709F483
:101540002CC0F89413B1147082E094D800C000C08D
:101550001C161D060CF0BFC02A9A00C000C02B9AB2
:1015600000C0000082E090E00197F0F72B9800C0E7
:1015700000C0112309F4B1C02A9A00C000C07894B9
:1015800080911A0590911B051C161D060CF0A7C032
:10159000019790931B0580931A051CDF80913C07EF
:1015A00090913D07009729F0019790933D07809314
:1015B0003C07DF91CF911F9108955D9882CF5C9891
:1015C0008CCF891708F05D989091F005891708F085
:1015D0005C989091EF05891708F48CCF2C988ACFEE
:1015E000843009F461C00CF45BC0853009F0A0CFF1
:1015F0002091ED05211102C08093ED058091ED054C
:1016000081508093ED05882309F492CF95E090CF27
:1016100080915E018F5F80311CF480935E0188CFE2
:1016200010925E0180911905811113C020911D0552
:1016300030911E053093200520931F052091B70699
:101640003091B8063093BA062093B90681E08093B2
:10165000190510921E0510921D051092B8061092E1
:10166000B70666CF10927B0087E480937C00809160
:101670007A00806480937A005BCF80917A0086FD47
:1016800026C0409178005091790020911D0530913D
:101690001E05240F351F30931E0520931D0548CFCE
:1016A00010927B0086E4E1CF80917A0086FD11C024
:1016B00040917800509179002091B7063091B8069A
:1016C000240F351F3093B8062093B70631CF92E030
:1016D0002FCF94E02DCF2A9840CF2A984ECF019655
:1016E00058CF49DE10922707109228071092290739
:1016F00010922A0781114CCE08950F931F93809169
:10170000001090910110891B8F7009F449C09091CD
:10171000FD0F992361F0833040F48FEF890F29F09A
:101720008093FD0F90E080E038C01092FD0F809113
:1017300001102BE4829FC0011124825C984FFC01B0
:10174000208120FDEFCF409127075091280760911D
:10175000290770912A07E95BFF4F008111812281DF
:101760003381401B510B620B730B4093270750933F
:1017700028076093290770932A07209101102F5F93
:101780002F702093FE0F309101102091FF0F321324
:1017900004C02091FE0F2093FF0F1F910F91089519
:1017A000A0DFC0CFA3E0B0E0E8EDFBE80C9450F47C
:1017B0008FEF9FEF90938900809388000AE0098360
:1017C000312C212C78948091A9059091AA05A091A3
:1017D000AB05B091AC05892B8A2B8B2B09F0C2C1CC
:1017E0008091AF058823D1F08091AD059091AE0531
:1017F0001092AF05892B91F01092AE051092AD05B5
:101800001092A0059091001080910110981731F06E
:10181000809101108F5F8F70809301108091AD05D2
:101820009091AE05892B09F49DC14091A505509179
:10183000A6056091A7057091A8058091A1059091DA
:10184000A205A091A305B091A4050091930510E015
:1018500030E020E0841B950BA60BB70B0817190787
:101860002A073B0710F4D901C8018A83840F951F0A
:10187000A61FB71F8093A5059093A605A093A70563
:10188000B093A805E1E0C0906B05D0906C05E090A6
:101890006D05F0906E0580917B0590917C05A0917F
:1018A0007D05B0917E05C80ED91EEA1EFB1EC092B2
:1018B0007B05D0927C05E0927D05F0927E05F7FCD9
:1018C00033C080916305082E000C990BAA0BBB0B4B
:1018D0004091BC055091BD056091BE057091BF055A
:1018E000840F951FA61FB71F8093BC059093BD055D
:1018F000A093BE05B093BF058091670590916805E0
:10190000A0916905B0916A05A7019601281B390BC2
:101910004A0B5B0BDA01C90180937B0590937C0530
:10192000A0937D05B0937E0500916F051091700521
:10193000209171053091720580917F05909180050D
:10194000A0918105B0918205080F191F2A1F3B1F26
:1019500000937F05109380052093810530938205C5
:1019600037FD33C080916405082E000C990BAA0B3B
:10197000BB0B4091C0055091C1056091C2057091AB
:10198000C305840F951FA61FB71F8093C0059093B2
:10199000C105A093C205B093C305809167059091DE
:1019A0006805A0916905B0916A05B901A801481BB5
:1019B000590B6A0B7B0BDB01CA0180937F05909367
:1019C0008005A0938105B0938205409173055091E5
:1019D00074056091750570917605809183059091ED
:1019E0008405A0918505B0918605480F591F6A1F8F
:1019F0007B1F409383055093840560938505709306
:101A0000860577FD33C080916505082E000C990B83
:101A1000AA0BBB0B8090C4059090C505A090C6058D
:101A2000B090C705880D991DAA1DBB1D8093C405E4
:101A30009093C505A093C605B093C705809167052F
:101A400090916805A0916905B0916A052A013B0152
:101A5000481A590A6A0A7B0AD301C2018093830596
:101A600090938405A0938505B093860580907705B3
:101A700090907805A0907905B0907A0580918705BF
:101A800090918805A0918905B0918A05880D991DCE
:101A9000AA1DBB1D8093870590938805A093890597
:101AA000B0938A05B7FD33C040906605042C000C46
:101AB0005508660877088090C8059090C905A090E1
:101AC000CA05B090CB05840C951CA61CB71C80924F
:101AD000C8059092C905A092CA05B092CB05809026
:101AE000670590906805A0906905B0906A052C0183
:101AF0003D01481859086A087B0853014201809249
:101B0000870590928805A0928905B0928A05E11117
:101B100004C0E0918400F0918500F7FE5F9A37FFE2
:101B2000469A77FF2B9AB7FF299AE0918400F091AB
:101B30008500E0918400F0918500F7FE5F9837FF03
:101B4000469877FF2B98B7FF29985A80552021F0A7
:101B500080918400909185000A8101500A83E0E021
:101B6000011191CE8091A9059091AA05A091AB0594
:101B7000B091AC05892B8A2B8B2B09F004C4E09122
:101B8000AD05F091AE05309709F458C48091A505D4
:101B90009091A605A091A705B091A8054091A10537
:101BA0005091A2056091A3057091A4058417950733
:101BB000A607B70708F449C01092AE051092AD050C
:101BC0001092A0059091001080910110981709F4CF
:101BD00035C4809101108F5F8F708093011070ED7C
:101BE000C72E77E0D72EE12CF12C8091AD05909196
:101BF000AE05892B09F0BFC380DD9093AE058093BD
:101C0000AD05892B09F4B7C34090AD055090AE05E2
:101C10005B824A82D2018C9183FF73C2C2014596D6
:101C20000E94DC711092AE051092AD051092A005D5
:101C300090910010809101109817F1F2809101109D
:101C40008F5F8F7080930110D7CF40919C0550918A
:101C50009D0560919E0570919F05481759076A0779
:101C60007B0708F4DDC08091980590919905A091BB
:101C70009A05B0919B0541A952A963A974A944246E
:101C8000859F112D969F9001A69F300DA59F200D39
:101C9000311D869F100D211D341D959F100D211D96
:101CA000341DA49F100D211D341D949F110D241D62
:101CB000341D1695241D341D789F200D311D799FEC
:101CC000300D112442AD53AD64AD75AD420F531FBD
:101CD000611D711D40939405509395056093960581
:101CE0007093970506A917A920AD31AD0417150704
:101CF0002607370740F40093940510939505209329
:101D00009605309397058090940590909505A09046
:101D10009605B090970526EA36E241E0F901C590B4
:101D2000D590E590F490C814D904EA04FB0470F44B
:101D3000B694A79497948794440F2C5F3F4F62EC1E
:101D4000662E66E2762E6216730641F7409393057F
:101D500000E280169104A104B10428F400E2802E70
:101D6000912CA12CB12C20E2821A9108A108B10873
:101D7000811438E09306A104B10408F42EC044E0B5
:101D8000949E900111242A553D4DF90132964591BA
:101D90005491F82DEE27F59FB001F49F610D7E1F41
:101DA00006946E1F7E1F1124AB0170E060E0F90104
:101DB000C590D490F12CE12CC41AD50AE60AF70A92
:101DC0008C0D9D1DAE1DBF1D8093980590939905A8
:101DD000A0939A05B0939B0508CFB501A401769511
:101DE0006795579547959A012C7F2A55314EF901F1
:101DF000C590D490F901329645915491082D077001
:101E0000802E049F9001059F300D1124F3E036953C
:101E10002795FA95E1F7C21AD30AF12CE12CD0CF1D
:101E200040918F05509190056091910570919205B8
:101E3000481759076A077B0708F0D1C080918B05C6
:101E400090918C05A0918D05B0918E0541A952A964
:101E500063A974A92227859F312D969F8001A69F93
:101E6000100DA59F000D111D869F300D011D121F25
:101E7000959F300D011D121FA49F300D011D121FD3
:101E8000949F310D021F121F3695021F121F789F5B
:101E9000000D111D799F100D112430E020E04091BC
:101EA0009405509195056091960570919705FE9661
:101EB00080809180A280B38004171507260737071A
:101EC00058F4401B510B620B730B84169506A60643
:101ED000B70610F44A015B0126EA36E241E0F90157
:101EE000C590D590E590F490C814D904EA04FB0499
:101EF00060F4B694A79497948794440F2C5F3F4F57
:101F000062EC76E26217730751F74093930570E233
:101F100087169104A104B10428F400E2802E912CCC
:101F2000A12CB12CE0E28E1A9108A108B10881140D
:101F3000F8E09F06A104B10408F42EC004E0909ECE
:101F4000900111242A553D4DF90132964591549145
:101F5000F82DEE27F59FB001F49F610D7E1F0694CA
:101F60006E1F7E1F1124AB0170E060E0F901C59087
:101F7000D490F12CE12CC41AD50AE60AF70A8C0D8C
:101F80009D1DAE1DBF1D80938B0590938C05A09366
:101F90008D05B0938E0529CEB501A4017695679580
:101FA000579547959A012C7F2A55314EF901C590D6
:101FB000D490F901329645915491082D0770802EE6
:101FC000049F9001059F300D1124F3E0369527956D
:101FD000FA95E1F7C21AD30AF12CE12CD0CF809107
:101FE0005A0190915B01A0915C01B0915D01B7FF36
:101FF0005DC0C6A8D7A8E0ACF1AC86EA96E221E0C5
:10200000FC0145915591659174914C155D056E05E6
:102010007F0558F4F694E794D794C794220F04965A
:1020200042EC56E24817590759F72093930550E2BE
:10203000C516D104E104F10428F450E2C52ED12CD8
:10204000E12CF12C60E2C61AD108E108F108C114B4
:1020500078E0D706E104F10408F431C0A4E0DA9E88
:10206000C00111248A559D4DFC0132962591349171
:10207000BC2D6627B39FA001B29F410D561F069449
:10208000461F561F112470E060E0FC018591949179
:10209000B0E0A0E0841B950BA60BB70B80935A0110
:1020A00090935B01A0935C01B0935D01C0905A01D5
:1020B000D0905B01E0905C01F0905D0196CDD7017E
:1020C000C601B695A795979587958C7F8A55914EB1
:1020D000FC0125913491FC01329645915491EC2DEF
:1020E000E770E49FC001E59F900D112443E09695B1
:1020F00087954A95E1F7281B390BC901B0E0A0E0AC
:10210000CDCFEA81FB8185889688A788B08C81E055
:1021100081149104A104B10409F480E0AA81BB8177
:102120005996CD90DD90ED90FC905C97C114D10450
:10213000E104F10409F08260EA81FB81458D568D4E
:10214000678D70A1411551056105710509F0846025
:102150008093A00510928B0510928C0510928D052E
:1021600010928E05109298051092990510929A057A
:1021700010929B05EA81FB8185A196A1A7A1B0A53C
:102180008093A1059093A205A093A305B093A40505
:10219000442455243201481A590A6A0A7B0A40929B
:1021A0007B0550927C0560927D0570927E05409281
:1021B0007F05509280056092810570928205409261
:1021C000830550928405609285057092860541A032
:1021D00052A063A074A0440C551C661C771C880C8C
:1021E000991CAA1CBB1C80926B0590926C05A09256
:1021F0006D05B0926E05CC0CDD1CEE1CFF1CC09270
:102200006F05D0927005E0927105F0927205440F4F
:10221000551F661F771F4093730550937405609395
:102220007505709376054092770550927805609217
:10223000790570927A05880F991FAA1FBB1F80939A
:10224000670590936805A0936905B0936A0510929D
:10225000A5051092A6051092A7051092A80581A5C4
:1022600092A5A3A5B4A580939C0590939D05A093EA
:102270009E05B0939F0585A596A5A7A5B0A98093B7
:102280008F0590939005A0939105B093920585A931
:1022900090916406891721F0809364060E94BD82A4
:1022A00099D844244A94542C320140925A015092B5
:1022B0005B0160925C0170925D01AA81BB81DA963C
:1022C0004D915D916D917C91DD9740939405509374
:1022D0009505609396057093970586EA96E221E04E
:1022E000FC01C590D590E590F490C416D506E6069D
:1022F000F70658F47695679557954795220F0496FB
:10230000E2ECF6E2E817F90759F72093930540321B
:1023100051056105710520F440E250E060E070E095
:1023200040525109610971094115F8E05F076105E3
:10233000710508F461C004E0509FC00111248A5562
:102340009D4DFC01329625913491AA27439FF001BF
:10235000429FE10DFA1F0694EA1FFA1F1124AF01F4
:1023600070E060E0FC01C590D490F12CE12CC41A1F
:10237000D50AE60AF70AC092A905D092AA05E0920A
:10238000AB05F092AC058091A9059091AA05A091AA
:10239000AB05B091AC05AC01BD01009721E0A207EF
:1023A000B10520F04FEF5FEF60E070E0841B950B0C
:1023B000A60BB70B8093A9059093AA05A093AB0534
:1023C000B093AC05F894809184009091850040967C
:1023D000098101500983002379F1240E351E281646
:1023E000390608F4EFC93092890020928800789469
:1023F0002396E2E10C946CF4DB01CA01B695A79533
:10240000979587958C7F8A55914EFC01C590D49005
:10241000FC013296259134914770429FC001439F41
:10242000900D112433E0969587953A95E1F7C81AF7
:10243000D90AF12CE12C9FCF1C01D5CF80EDC82EFD
:1024400087E0D82EE12CF12CD7CBCF93DF9380916E
:10245000001090910110891B80958F7019F40E94D3
:10246000F24BF5CF809100108F5F8F70A09100101C
:102470009BE4A99FD0011124FD01E25CF84FEF011C
:1024800019929A95E9F798E09083AD5AB84F90E188
:10249000E2E0F0E101900D929A95E1F720910010B1
:1024A00090910110291303C094E69093FD0F80933F
:1024B00000100E94C889DF91CF910895FC0120810E
:1024C00031814281538160910F0C7091100C809189
:1024D000110C9091120C0E94CFED0E94F0F56093C8
:1024E0000E1070930F108093101090931110909114
:1024F000001080910110981709F0A7CF0E94B287B1
:102500000E94BB8940910E1050910F1060911010E5
:10251000709111104093C8055093C9056093CA0586
:102520007093CB0581110C94C88908954F925F92E6
:102530006F927F928F929F92AF92BF92CF92DF92D3
:10254000EF92FF92CF93DF93EC0120910F0C30912B
:10255000100C4091110C5091120C6C857D858E856C
:102560009F850E94CFED0E94F0F56B017C012091C8
:102570000B0C30910C0C40910D0C50910E0C688599
:1025800079858A859B850E94CFED0E94F0F54B01ED
:102590005C012091070C3091080C4091090C50917E
:1025A0000A0C6C817D818E819F810E94CFED0E94FB
:1025B000F0F52B013C012091030C3091040C40916B
:1025C000050C5091060C688179818A819B810E945B
:1025D000CFED0E94F0F5609302107093031080938A
:1025E00004109093051040920610509207106092CC
:1025F00008107092091080920A1090920B10A0920D
:102600000C10B0920D10C0920E10D0920F10E092EC
:102610001010F092111090910010809101109817F5
:1026200081F013DFDF91CF91FF90EF90DF90CF909B
:10263000BF90AF909F908F907F906F905F904F90E2
:1026400008950E94B2870E94BB89C82F82E090E162
:102650000E94DC71CC2331F30E94C889E3CFCF9272
:10266000DF92EF92FF92CF93DF93C82F0E94BB8936
:1026700094E0C99FE0011124FE01E454FA4FC080A8
:10268000D180E280F38081110E94C889C45DD84F57
:10269000C701B6010E9470ED288139814A815B81B2
:1026A0000E94CFEDDF91CF91FF90EF90DF90CF9020
:1026B00008958F929F92AF92BF92CF92DF92EF9246
:1026C000FF921F93CF93DF93CDB7DEB760970FB61E
:1026D000F894DEBF0FBECDBF182F80E0C0DF4B01E6
:1026E0005C0180923F0590924005A0924105B09216
:1026F000420581E0B4DF6B017C01C0924305D092BA
:102700004405E0924505F092460582E0A8DF60931B
:102710004705709348058093490590934A051D86A7
:102720001E861F86188A89829A82AB82BC82CD82DD
:10273000DE82EF82F88669877A878B879C8783E0C1
:102740008EDF6D877E878F87988B80919604882394
:1027500021F0CE0101960E94D6861E3FD9F480E179
:10276000FE013196A0E4BFE001900D928A95E1F759
:1027700060960FB6F894DEBF0FBECDBFDF91CF914C
:102780001F91FF90EF90DF90CF90BF90AF909F9000
:102790008F90089584E0189FF0011124DF01A05C60
:1027A000B04F81E090E08C0F9D1FE80FF91F408132
:1027B0005181628173814D935D936D937C931397E7
:1027C000D7CFCF92DF92EF92FF92CF93DF93C82FB4
:1027D0000E94BB8994E0C99FE0011124FE01E055ED
:1027E000FA4FC080D180E280F38081110E94C889B5
:1027F000C45DD84FC701B6010E9470ED28813981B0
:102800004A815B810E94CFEDDF91CF91FF90EF90E5
:10281000DF90CF900895CF93DF9324E0829FC00193
:102820001124EC01C05BD04FFC01EA59F94F8F58DD
:102830009B4FDC012D913D914D915C9160817181A7
:10284000828193810E9488F4688379838A839B8341
:10285000DF91CF910895A1E0B0E0E1E3F4E90C94B9
:1028600060F4898360E0CE0101960E944C7261E0C1
:10287000CE0101960E944C7262E0CE0101960E9448
:102880004C7289812196E2E00C947CF48F929F92A5
:10289000AF92BF92CF92DF92EF92FF928091CE06DD
:1028A0001092CE06882369F0109264040E94AE1F35
:1028B000FF90EF90DF90CF90BF90AF909F908F9060
:1028C0000895C090E006D090E106E090E206F09016
:1028D000E306C114D104E104F10419F11092E006F9
:1028E0001092E1061092E2061092E30681E08093D6
:1028F0006C0184E0B0DF811114C08091620490917A
:1029000063048C0D9D1D90936304809362048091F9
:102910001A0590911B058C0D9D1D90931B058093AE
:102920001A0580916C01882319F2609162047091FC
:102930006304072E000C880B990B0E9470ED209108
:1029400034073091350740913607509137070E9480
:10295000CFED6B017C0120E030E040E251E40E94C9
:10296000CFED20E030E04AE754E40E94CFED4B0188
:102970005C0120E030E0A901C701B6010E946AEDC8
:1029800020E030E040EA50E487FF04C020E030E07F
:1029900040EA50ECC501B4010E9488F420E030E028
:1029A00040E251E40E94FFF40E9467F56B017C0154
:1029B0008BE2F7FE09C0F094E094D094C094C11C5F
:1029C000D11CE11CF11C8DE280936504C701B601A6
:1029D00020E137E240E050E00E94BAF38AE0882E1E
:1029E000912CA12CB12CCA01B901A50194010E941E
:1029F000BAF3605D60936604C701B60128EE33E068
:102A000040E050E00E94BAF3CA01B901A501940167
:102A10000E94BAF3605D609367048EE2809368045D
:102A2000C701B60124E630E040E050E00E94BAF36E
:102A3000CA01B901A50194010E94BAF3605D6093D7
:102A40006904C701B601A50194010E94BAF36B01A4
:102A5000CA01B901A50194010E94BAF3605D6093B7
:102A60006A0480E3C80EC0926B0465E674E083E9F3
:102A70009BE10E94F4281CCFA0E2B0E0E2E4F5E97B
:102A80000C9450F480914001882309F4BEC08091D9
:102A90005105082F10E080FF3CC0C0904201D0904B
:102AA0004301E0904401F090450120917D04309174
:102AB0007E0440917F0450918004C701B6010E94BA
:102AC000EBF5181644F4C0927D04D0927E04E09297
:102AD0007F04F0928004C0904E01D0904F01E090AE
:102AE0005001F090510120917D0430917E0440917D
:102AF0007F0450918004C701B6010E946AED87FFF0
:102B000008C0C0927D04D0927E04E0927F04F092CF
:102B1000800401FF3CC0C0904601D0904701E09086
:102B20004801F09049012091810430918204409144
:102B3000830450918404C701B6010E94EBF5181676
:102B400044F4C0928104D0928204E0928304F09213
:102B50008404C0905201D0905301E0905401F09051
:102B60005501209181043091820440918304509159
:102B70008404C701B6010E946AED87FF08C0C092B5
:102B80008104D0928204E0928304F092840402FFD4
:102B90003CC0C0904A01D0904B01E0904C01F090B5
:102BA0004D01209185043091860440918704509115
:102BB0008804C701B6010E94EBF5181644F4C092D0
:102BC0008504D0928604E0928704F0928804C09035
:102BD0005601D0905701E0905801F0905901209192
:102BE0008504309186044091870450918804C70180
:102BF000B6010E946AED87FF08C0C0928504D0929A
:102C00008604E0928704F09288048091EE0B83FDA5
:102C10006FC020914C0F30914D0F40914E0F50914D
:102C20004F0F6091890470918A0480918B04909178
:102C30008C040E946AED882309F45AC00E94198707
:102C4000182F882331F00E94FA498EE29CE10E94FD
:102C5000C94420914C0F30914D0F40914E0F50912F
:102C60004F0F6091890470918A0480918B04909138
:102C70008C040E9487F46B017C0120E030E0A90104
:102C80000E94EBF587FF04C0F7FAF094F7F8F09490
:102C9000209172013091730140917401509175013E
:102CA000C701B6010E94CFED20E030E048E453E4D4
:102CB0000E94EBF51816D4F40E94FA498FE09CE1CB
:102CC0000E94C9448091890490918A04A0918B0448
:102CD000B0918C0480934C0F90934D0FA0934E0FA6
:102CE000B0934F0F89E894E0E9DB02C01111EACFFD
:102CF0002AE037ED43E25CE36091380170913901DD
:102D000080913A0190913B010E94CFED6B017C01D3
:102D10006091360170913701072E000C880B990BDA
:102D20000E9470ED9B01AC01C701B6010E94CFED7E
:102D3000698B7A8B8B8B9C8B80919604882309F10D
:102D40008090920490909304A0909404B090950485
:102D5000C0908504D0908604E0908704F0908804A9
:102D600020E030E0A901C501B4010E946AED88238A
:102D7000F9F0A7019601C501B4010E94EBF5181600
:102D8000BCF020E030E0A901BE016F5E7F4F8DE70F
:102D900094E00E9466CB80E1EDE7F4E0A0E4BFE0C0
:102DA00001900D928A95E1F7A096E2E10C946CF403
:102DB0002091400F3091410F4091420F5091430FAD
:102DC00060917D0470917E0480917F0490918004D5
:102DD0000E9487F46D8B7E8B8F8B988F2091440F90
:102DE0003091450F4091460F5091470F60918104FB
:102DF0007091820480918304909184040E9487F4EE
:102E0000698F7A8F8B8F9C8F2091480F3091490F5B
:102E100040914A0F50914B0FC701B6010E9487F4B1
:102E20006D8F7E8F8F8F98A320914C0F30914D0F17
:102E300040914E0F50914F0F6091890470918A0418
:102E400080918B0490918C040E9487F46B017C012B
:102E500020E030E0A9016D897E898F89988D0E94DC
:102E60006AED81110CC020E030E0A901698D7A8DF6
:102E70008B8D9C8D0E946AED882309F482CF2D8969
:102E80003E894F89588DCA01B9010E94CFED4B018F
:102E90005C01298D3A8D4B8D5C8DCA01B9010E9470
:102EA000CFED9B01AC01C501B4010E9488F44B0138
:102EB0005C012D8D3E8D4F8D58A1CA01B9010E9434
:102EC000CFED9B01AC01C501B4010E9488F44B0118
:102ED0005C01A7019601C701B6010E94CFED9B01DD
:102EE000AC01C501B4010E9488F40E9424F64B0194
:102EF0005C012DEB37E346E855E30E946AED87FF5E
:102F00000FC020E030E0A901C701B6010E94EBF537
:102F10004601570187FF04C0B7FAB094B7F8B094E0
:102F20002DEB37E346E855E3C501B4010E946AED95
:102F300087FD31CF20E030E040EA50E4C501B40124
:102F40000E94FFF40E946CF51B01672B19F42224E8
:102F50002394312CB10190E080E00E946EED9B0142
:102F6000AC0160E070E080E89FE30E94FFF42B0179
:102F70003C01AC019B01C501B4010E94CFED4B01A6
:102F80005C01A30192016D897E898F89988D0E94D1
:102F9000CFED6D8B7E8B8F8B988FA3019201698D06
:102FA0007A8D8B8D9C8D0E94CFED698F7A8F8B8F60
:102FB0009C8FA30192016D8D7E8D8F8D98A10E94B3
:102FC000CFED6D8F7E8F8F8F98A3A3019201C701E4
:102FD000B6010E94CFED6B017C0180E1E0E4FFE0EF
:102FE0008E010F5F1F4FD80101900D928A95E1F776
:102FF0000E9462D42B013C0128EC420E511C611C42
:10300000711C81E0281A310809F454C00E9462D46E
:103010009B01AC01241935094609570957FD4DC0DC
:103020002B013C0128EC420E511C611C711C80E0FC
:103030000E94F24B2D893E894F89588D69817A8192
:103040008B819C810E9488F469837A838B839C8323
:10305000298D3A8D4B8D5C8D6D817E818F81988518
:103060000E9488F46D837E838F8398872D8D3E8D9B
:103070004F8D58A169857A858B859C850E9488F43F
:1030800069877A878B879C87A70196016D857E85E6
:103090008F8598890E9488F46D877E878F87988BAB
:1030A000A5019401BE016F5E7F4FC8010E9466CBEF
:1030B0008111A7CFA501940167CE0E943C7FBACFB2
:1030C00080914D0590914E05A0914F05B09150050E
:1030D0008093380190933901A0933A01B0933B015A
:1030E00080914B0590914C05909337018093360168
:1030F00008958091380190913901A0913A01B091E1
:103100003B0180934D0590934E05A0934F05B093DE
:103110005005809136019091370190934C05809332
:103120004B0584E690E09093370180933601089533
:10313000ACE0B0E0EEE9F8E90C9452F42B013C016C
:1031400029873A874B875C8747015801D601CD9084
:10315000DD90ED90FC9020E030E0A901C701B601C0
:103160000E946AED811171C080916E0190916F0192
:10317000A0917001B091710189839A83AB83BC8364
:1031800020E030E0A901C701B6010E946AED81117B
:1031900006C0C12CD12C80E8E82E80E4F82ECD8228
:1031A000DE82EF82F886A50194016091480F70914C
:1031B000490F80914A0F90914B0F0E946AED87FF53
:1031C0000CC08092480F9092490FA0924A0FB09283
:1031D0004B0FCE0105960E94FE744092400F509214
:1031E000410F6092420F7092430F89859A85AB859B
:1031F000BC858093440F9093450FA093460FB093E6
:10320000470FCE0101960E94FE74A50194016091C2
:10321000480F7091490F80914A0F90914B0F0E9477
:10322000EBF5181664F48092480F9092490FA09223
:103230004A0FB0924B0FCE0105960E94FE740E9479
:10324000B2872C96E0E10C946EF4D701C60194CFBE
:10325000CF92DF92EF92FF920F931F936B01FC01CD
:10326000E080F18002811381E0E4FFE02481358178
:1032700046815781608171818281938159DF1F91DD
:103280000F91FF90EF90DF90CF9008950C9491CB29
:10329000CF93DEDF8091B506C82FC47082FD0AC0CF
:1032A0001092B50682E005DAF1DF81E0C11180E01D
:1032B000CF9108950E94CA4A882391F3F9CFCF9302
:1032C0000E94BB89C82F80910110809300108093C9
:1032D000FF0F8093FE0F84E68093FD0F0E94718B99
:1032E00080ED93E090933D0780933C07C1110E94CD
:1032F000C88981E08093AF050E94B2878EEFD9D94B
:10330000C5DFCF910895ACE0B0E0E9E8F9E90C94AD
:1033100060F40E9482CA0E94BB899CE0ECEBF5E05D
:10332000DE01119601900D929A95E1F781110E94AC
:10333000C889CE0101960E9434822C96E2E00C945A
:103340007CF4A3E0B0E0E7EAF9E90C9450F4809053
:10335000400F9090410FA090420FB090430F4090CB
:10336000440F5090450F6090460F7090470FC090EB
:10337000480FD090490FE0904A0FF0904B0F0E94F9
:103380004A870E94E57100EB1CE182E491E09B8397
:103390008A8384EA282E8CE1382E198289813BDACF
:1033A000C8010E948D37EA81FB81619371938193FB
:1033B0009193FB83EA83C1010E948D37EA81FB81EF
:1033C0006087718782879387F981FF5FF9830C5F3C
:1033D0001F4F84E0280E311CF33001F760E08EE5CA
:1033E00095E00E949B3A0E94683B0E948E87A5014F
:1033F00094016091400F7091410F8091420F909124
:10340000430F0E946AED81111BC0A30192016091DC
:10341000440F7091450F8091460F9091470F0E9485
:103420006AED81110DC02091480F3091490F4091F4
:103430004A0F50914B0FC701B6010E946AED8111EE
:1034400062DF2396E2E10C946CF4A4E0B0E0EBE2DE
:10345000FAE90C9460F484EF91E0A0E0B0E0898395
:103460009A83AB83BC83BE016F5F7F4F8CE30E9466
:103470008A4385EF9BE10E94C94486B16FEE7BE1F0
:1034800082FB882780F90E94947486B169EE7BE103
:1034900083FB882780F90E94947486B163EE7BE1F8
:1034A000829581700E949474349907C00E94BE4333
:1034B0002496E2E00C947CF406C00E94A743249674
:1034C000E2E00C947CF480916306811104C0809149
:1034D000FD06882331F062E070E080E090E00C941B
:1034E000C53B0895ACE0B0E0E8E7FAE90C9460F47D
:1034F000AFEEBBE090E080E0FC01E959F14E459170
:103500005591659174914D935D936D937D93FC01FD
:10351000E95AF14E459155916591749150964D93AC
:103520005D936D937C935397FC01E95BF14E45915C
:1035300055916591749190964D935D936D937C93A5
:103540009397049680319105B9F680E29EE4A0E05D
:10355000B0E08093FF0B9093000CA093010CB0930C
:10356000020C80E090E0AAEFB3E48093230C9093E8
:10357000240CA093250CB093260C8093270C9093D9
:10358000280CA093290CB0932A0C80932B0C9093B9
:103590002C0CA0932D0CB0932E0C10922F0C10928B
:1035A000300C1092310C1092320C1092330C10929D
:1035B000340C1092350C1092360C8AE097EDA3EA89
:1035C000BDE380930F0790931007A0931107B0936A
:1035D000120710926E0610926F06109270061092EB
:1035E000710610926A0610926B0610926C06109289
:1035F0006D06109266061092670610926806109289
:10360000690680E090E0A0E2B1E480935E059093CB
:103610005F05A0936005B09361050E94583A8CE065
:10362000E3E0F2E0DE01119601900D928A95E1F758
:1036300089819A81AB81BC818093EF0F9093F00FC9
:10364000A093F10FB093F20F8D819E81AF81B88569
:103650008093F30F9093F40FA093F50FB093F60FB0
:1036600089859A85AB85BC858093F70F9093F80F79
:10367000A093F90FB093FA0F89EB90E09093C306F3
:103680008093C2068DE290E09093C5068093C406B5
:103690008FEF90E09093C7068093C60620EF30E04E
:1036A0003093C9062093C80626E430E03093CB0659
:1036B0002093CA069093CD068093CC068AE097EDBE
:1036C000ADEAB1E48093280590932905A0932A05DB
:1036D000B0932B058FE39FE2A1E8BEE380932C0516
:1036E00090932D05A0932E05B0932F0581EB9CE9B7
:1036F000A9EEB3E48093300590933105A093320591
:10370000B093330510929B0480E090E0A0EEBFE3FD
:103710008093970490939804A0939904B0939A048B
:103720001092630610926206CEDE0BDE0E94FA490A
:103730008EEE9CE10E94C9442C96E2E00C947CF44D
:10374000A4E0B0E0E6EAFBE90C9451F4382E80E006
:1037500090E0A0E2B1E489839A83AB83BC83C090FC
:10376000F70FD090F80FE090F90FF090FA0F20E0EB
:1037700030E0A901C701B6010E946AED87FF0CC0C5
:10378000A701960160E070E080E291E40E9487F476
:1037900069837A838B839C83CE0101960E94F8CB48
:1037A0004090400F5090410F6090420F7090430F37
:1037B0008090440F9090450FA090460FB090470F17
:1037C0003320E9F00E94074B19821A821B821C8267
:1037D000E090480FF090490F00914A0F10914B0F65
:1037E000CE0101966C01A5019401C301B201A0DCD8
:1037F0003092FD0668DE2496E1E10C946DF40E949F
:10380000CA4AE2CF4F925F926F927F928F929F92BD
:10381000AF92BF92CF92DF92EF92FF920F931F93DE
:10382000CF93C82FE82EF12CF701E65EF34DD4902C
:10383000823099F58091FD06811102C081E080DF20
:103840000E94074B8111D0C080EA9CE10E948D3715
:1038500020E030E0A9010E946AED8823F1F06D2D8F
:10386000DD0C770B880B990B0E9470ED2B013C014E
:1038700080EA9CE10E948D374B015C0120E030E042
:1038800040EA50E40E946AED87FF1BC0812C912C16
:1038900090EAA92E90E4B92E14C06D2DDD0C770BA3
:1038A000880B990B0E9470ED2B013C01C701880F1A
:1038B000991F880F991F8856934E0E948D374B0190
:1038C0005C01A3019201C501B4010E94CFED4B013F
:1038D0005C016701CC0CDD1CCC0CDD1CC6018457DF
:1038E000934E0E948D3720E030E040EC5FE30E9471
:1038F000CFEDA30192010E94CFEDAB01BC0100E02E
:1039000010E098018C2F0E944ECFC23009F099C070
:103910000E94CA4A20E030E0A901C501B4010E941A
:103920006AED00E010E020E830E4811197C081E00A
:1039300090E00C2E01C0880F0A94EAF79091FC06E3
:10394000982B9093FC0690915105892B80935105FB
:10395000C601855A934E0E948D37F601E05CF04F08
:103960006083718382839383C230D1F42091F70FF7
:103970003091F80F4091F90F5091FA0F6091480F74
:103980007091490F80914A0F90914B0F0E9487F4DC
:103990006093480F7093490F80934A0F90934B0F99
:1039A000F601EF58FB4F10821182128213828C2F86
:1039B0000E940B946BDCF601E358FB4FD601A05C30
:1039C000B04F8D919D910D90BC91A02D80839183DE
:1039D000A283B383C23041F40E94933705C00E9492
:1039E000074B882309F443C0CF911F910F91FF909B
:1039F000EF90DF90CF90BF90AF909F908F907F908F
:103A00006F905F904F900895F701E757F34E6491E0
:103A1000611107C00E94FA4987E69CE10E94C944EF
:103A20006AE070E090E080E00E946EED9B01AC01E6
:103A300060E070E080EA91E40E94FFF48B019C0159
:103A400025C020E030E0A901C501B4010E946AED63
:103A500000E010E09801882309F469CFB501A401C2
:103A600070588C2F0E944ECFC23009F4B8CFA501F8
:103A70009401C501B4010E9488F44B015C01C2307D
:103A800009F0C2CF00E010E020E030E4B501A4016D
:103A90008C2F0E944ECFC23009F049CF0E94CA4AF3
:103AA00046CF8091B506882319F01092B506089587
:103AB00040E070E060E083EC9BE10E94474B0F9395
:103AC0001F9380910B07813019F50E9462D40091F9
:103AD0003A0510913B0520913C0530913D05601B56
:103AE000710B820B930B28EE33E040E050E00E9414
:103AF00098F3609136057091370580913805909163
:103B00003905620F731F841F951F1F910F91089530
:103B100060916D0470916E0480916F0490917004B7
:103B2000D6CF10920B0710923A0510923B051092D7
:103B30003C0510923D0510926D0410926E04109297
:103B40006F0410927004109236051092370510928F
:103B5000380510923905089580910B078130E1F006
:103B60008230C1F4ACDF60933605709337058093E3
:103B700038059093390581E080930B070E9462D449
:103B800060933A0570933B0580933C0590933D0507
:103B900081E00895C6DFEFCF80E0089580910B07A4
:103BA0008150823070F410920B070E9462D46093AF
:103BB0006D0470936E0480936F049093700481E0A1
:103BC000089580E008952091250530912605263539
:103BD00031053CF42091BF063091C00626303105F6
:103BE0001CF0882331F0B8CF662319F0D7DF0C948E
:103BF00046CC08959C0197FF26C0EE27FF27E81BBF
:103C0000F90B2D398FEF38070CF05DC08DE28093F2
:103C10006804CF0164E670E00E9422F4CB012AE040
:103C200030E0B9010E9422F4805D80936904CF01E5
:103C3000B9010E9422F4CB01B9010E9422F4805DF7
:103C400080936A042AC0283E83E03807B4F1C90192
:103C500068EE73E00E9422F4CB01EAE0F0E0BF01DD
:103C60000E9422F4805D80936804C90164E670E0DC
:103C70000E9422F4CB01BF010E9422F4805D809358
:103C80006904C901BF010E9422F4CB01BF010E9457
:103C900022F4805D80936A04F901CF016AE070E04C
:103CA0000E9422F4805D80936B0488E694E008957E
:103CB0008DE237FDC5CF80E2C3CFF90180E2243623
:103CC00031050CF0A4CF80E28093680480936904EE
:103CD000EA30F1056CF38DE237FF80E280936904EE
:103CE000CF016AE070E00E9422F4605D60936A0494
:103CF000D4CF9C0197FD2DC080E2243631055CF0C5
:103D0000C90164E670E00E9422F4CB016AE070E031
:103D10000E9422F4805D8093690480E22A3031059C
:103D20005CF0EAE0F0E0C901BF010E9422F4CB019F
:103D3000BF010E9422F4805D80936A04C9016AE099
:103D400070E00E9422F4805D80936B0489E694E029
:103D500008953195219531098DE2DDCFA8E0B0E0DD
:103D6000E4EBFEE90C9450F42091F90628870E94B8
:103D700092D13091D9063F83E8858E2F90E0880F4D
:103D8000991F9C012E59344E3C832B8336E0E39FD0
:103D9000C0011124FC01EC53F94FFA83E9839C0123
:103DA0002E53394F79015F8035E0432E450C11E0E9
:103DB000312E3518252C2194FE82ED82570134E0F6
:103DC000A30EB11C4FEFC42E4FE1D42E85E0782E08
:103DD00075184701E2E08E0E911C82E0682E65188E
:103DE000FF81F11159C01123D9F08091DB0618161B
:103DF000BCF04091E0065091E1066091E2067091BE
:103E0000E3064F5F5F4F6F4F7F4F4093E006509345
:103E1000E1066093E2067093E3068F5F8093DB0612
:103E200080916C01882341F0EB81FC816591749154
:103E300043E0822D0E9403D0F50180818093D50656
:103E4000FF81F23009F065C028852093F906809142
:103E5000DB06823009F44AC080916C01882391F01E
:103E600011E08091DB06823009F010E08091D506E8
:103E70000E946C7300E09C0142E859E1662D812F9D
:103E80000E94182A10E02F812F5F2F834212A8CFA3
:103E900086E08093DA0619C02F81213069F680917F
:103EA000DB06813031F080916C01811112C010E08D
:103EB000C3CF8091CE061092CE068823A1F30E9434
:103EC000AE1F8091F006882371F32896E2E10C94EE
:103ED0006CF481E09091DB06913009F080E024E001
:103EE0004CE859E1632D0E9463D0E1CF8091CE066A
:103EF0001092CE06882309F4AFCF6DE274E782E812
:103F000099E10E944AD38091F006882309F4A4CF56
:103F1000DCCF3F81333089F58091DB068330B9F007
:103F200080916C01882309F4ADCF11E08091DB060C
:103F3000833009F010E0ED81FE8180819181D9DE2E
:103F400063E0651900E09C014BE759E198CF80914F
:103F5000CE061092CE06882319F310E000E024E08C
:103F600031E045E050E0B7018BE799E10E94D6D2FD
:103F70008091F0068823A1F2A8CFFF81F43089F563
:103F80008091DB068430B1F080916C01882309F4C4
:103F900079CF11E08091DB06843009F010E0F40164
:103FA00080819181A6DE64E0651900E09C0147E70D
:103FB00059E165CF8091CE061092CE06882321F379
:103FC00010E000E023E730E045E050E069817A81CD
:103FD00087E799E10E94D6D28091F0068823A1F26A
:103FE00074CFFF81F53009F04ECF8091DB0685302C
:103FF000E1F080916C01882309F444CFDF92CF92E5
:1040000089EB99E19F938F937F9281E09091DB06FA
:10401000953009F080E08F930E94BA1E0F900F90A8
:104020000F900F900F900F902DCF8091CE06109291
:10403000CE068823F1F2C114D10411F00E943C8411
:104040008091F0068823A9F240CFCF92DF92EF92C1
:10405000FF920E9470ED6B017C0120E030E0A9012D
:104060000E946AED2DEB37E346E055E387FF04C07D
:104070002DEB37E346E055EBC701B6010E9488F40B
:104080006B017C0120E030E0A9010E946AED20E094
:1040900030E040E05FE387FF04C020E030E040E034
:1040A0005FEBC701B6010E9488F40E9467F5CB015F
:1040B00020DEFF90EF90DF90CF900895CF93DF93B5
:1040C000EC010E94CC1F20E040E070E060E0CE01F7
:1040D0000E94EB1EDF91CF910895B0E0A0E0E3E7EE
:1040E000F0EA0C9457F40E9492D1C091D90685E071
:1040F000A82EAC0ED6E0DC1B85E0F82EFC1A84E07E
:10410000E82EEC1A83E0D82EDC1A82E0C82ECC1AF6
:1041100081E0B82EBC1A9C2E9194C11151C080919F
:10412000DB068823D1F180916C01882359F081E06E
:104130009091DB06911180E024E04EEB5BE1692D6C
:104140000E9463D080912B078093D506C43009F07C
:10415000D8C01092F9068091DB06843009F4BCC007
:1041600080916C01882391F011E08091DB0684300E
:1041700009F010E08091D5060E946C7300E09C016C
:1041800043EA5BE16E2D812F0E94182ACF5FCA118E
:10419000C4CF87E08093DA060EC08091CE061092DD
:1041A000CE06882309F4BFCF0E94AE1F8091F0068F
:1041B000882309F4B8CFCDB7DEB7EBE00C9473F4E5
:1041C000C130B9F58091DB068130E1F080916C015E
:1041D000882399F011E08091DB06813009F010E02E
:1041E000809136019091370184DD00E09C0148EB1D
:1041F0005BE16B2D812F0E94182A80912B07809301
:10420000D506C4CF8091CE061092CE068823F1F257
:1042100010E000E027EE33E04AE050E066E371E0B2
:1042200088EB9BE10E94D6D28091F006882371F240
:10423000C2CFC23009F0BFC08091DB068230C1F02E
:1042400080916C018823C9F211E08091DB068230F5
:1042500009F010E080912505909126054ADD00E0E7
:104260009C0141EB5BE16C2D812F0E94182A6ACFE3
:104270008091CE061092CE06882311F30E9439D188
:1042800003E914E724E031E050E040E065E275E046
:1042900081EB9BE10E94D6D28091F006882381F2C7
:1042A0008ACF8091CE061092CE06882309F48BC067
:1042B0000E9439D105ED1AE123E730E050E040E0FB
:1042C0006FEB76E08DEA9BE10E94D6D28091F006FA
:1042D000882309F478C06FCF8091CE061092CE0665
:1042E000882309F43DCF0E9439D16AEB73E783EA52
:1042F0009BE10E944AD38091F006882309F430CFD5
:104300005ACFC53089F58091DB068530B1F08091B8
:104310006C01882309F43ACF11E08091DB068530E7
:1043200009F010E080913C0190913D01E2DC00E059
:104330009C014EE95BE16F2D26CF8091CE06109255
:10434000CE06882321F307E913E727EE33E04AE09E
:1043500050E06CE371E08EE99BE10E94D6D280913F
:10436000F0068823A1F227CFC63009F00FCF809145
:10437000DB06863091F080916C01882309F406CF2A
:1043800081E09091DB06963009F080E023E043E97C
:104390005BE16D2F0E9463D0F9CE8091CE06109222
:1043A000CE06882341F38EE195E788DE8091F00602
:1043B000882309F300CFC33009F0C4CE8091DB0617
:1043C000833009F46ECF80916C01882309F415CFF6
:1043D00011E08091DB06833009F010E08091BF0688
:1043E0009091C00686DC00E09C014DEA5BE16D2DFA
:1043F0003BCFB0E0A0E0EFEFF1EA0C9451F4FF24E2
:10440000F3948091250590912605892B09F4F12CD0
:104410000E9492D1C091D9065C2E95E0692E6C0E57
:1044200083E0E82EEC1A82E0982E9C1A81E0882E18
:104430008C1A4C2E41942AE5C22E2DE7D22E36E658
:10444000A32E3BE1B32E86E0782E7C1AC11115C055
:104450008091DB06882309F4B9C080916C01882320
:1044600009F44EC181E09091DB06911180E024E0D7
:104470004EE85BE1642D0E9463D080912505909108
:1044800026059093D6068093D506C13009F0CCC09E
:104490008091DB06813009F4ACC080916C018823E7
:1044A000B1F1D1E08091DB06813009F0D0E080915C
:1044B000D5069091D6061DDC00E09C0147E85BE143
:1044C000682D8D2F0E94182A80912B078093D50686
:1044D000C330E9F41092F9068091DB06833009F4C9
:1044E000D9C080916C01882391F0D1E08091DB06E6
:1044F000833009F0D0E08091D5060E946C7300E013
:104500009C0149E75BE16E2D8D2F0E94182A10E077
:1045100000E0D4E03C2E35180093D506CD131FC023
:10452000F801EE0FFF1FEE59F44E85919491909390
:10453000FB068093FA068091DB068C1709F4BFC056
:1045400080916C01882359F081E09091DB069D13E6
:1045500080E023E04FE65BE1632D0E9463D08D2F66
:104560000F5F1F4FD5E08530B9F68091BF0690915F
:10457000C006892B19F4FF2009F4C0C0C630E9F445
:104580008091DB06863009F4AAC080916C018823F3
:10459000A1F0DF92CF92BF92AF927F9281E0909193
:1045A000DB06963009F080E08F930E94BA1E0F90D0
:1045B0000F900F900F900F900F9087E0FF24F394CF
:1045C000CF5FC61143CF8093DA060EC08091CE062E
:1045D0001092CE06882309F440CF0E94AE1F80912E
:1045E000F006882309F439CFCDB7DEB7E1E10C94AA
:1045F0006DF48091CE061092CE06882309F44DCF3B
:104600000E9439D104E117E824E031E050E040E0B5
:1046100065ED76E087E89BE10E94D6D28091F006B6
:10462000882309F43ACFE0CFC23009F04DCF809112
:10463000DB068230B1F080916C01882309F467CFEA
:10464000D1E08091DB06823009F0D0E08091BF0696
:104650009091C0064EDB00E09C0143E85BE1692DD0
:1046600030CF8091CE061092CE06882321F30E948F
:1046700039D105ED1AE123E730E050E040E06FEB7F
:1046800076E083E89BE10E94D6D28091F0068823F1
:1046900091F2AACF8091CE061092CE06882309F41B
:1046A00020CF0E9439D16AEB73E789E79BE10E9432
:1046B0004AD38091F006882309F413CF95CF8091D7
:1046C000CE061092CE06882309F43ACF80EE96E704
:1046D000F5DC8091F006882309F432CF85CF8091F4
:1046E000CE061092CE06882309F44FCF0E945A7D41
:1046F0008091F006882309F448CF76CF86E060CF1A
:1047000080912505909126059093D6068093D50635
:10471000DBCEB0E0A0E0EFE8F3EA0C9457F40E949F
:1047200092D1C091D90685E0E82EEC0E96E1C92E13
:104730009BE1D92ED4E0DC1B13E01C1B21E3A22E4D
:104740002BE1B22E02E00C1B81E0F82EFC1A9C2E0D
:104750009194C1112BC08091DB068823B1F0809128
:104760006C01882359F081E09091DB06911180E083
:1047700024E045E35BE1692D0E9463D0CF5FEC123A
:10478000E8CF85E08093DA060CC08091CE061092C7
:10479000CE06882321F30E94AE1F8091F006882365
:1047A000F1F2CDB7DEB7EBE00C9473F4C13009F54C
:1047B0008091DB06813079F080916C018823F1F2E1
:1047C00081E09091DB06913009F080E023E04CED30
:1047D0005BE26F2DD1CF8091CE061092CE0688235A
:1047E00059F385E694EA6ADC8091F006882321F388
:1047F000D8CFC23009F052C09091DB06923071F0F0
:1048000080916C01882309F4B9CF81E0923009F0DE
:1048100080E020E247E25BE1602FAECF8091CE06E0
:104820001092CE06882361F3B0927406A0927306AC
:104830008091F006882321F3B4CF8091DB0683308A
:1048400081F080916C01882309F498CF81E09091E8
:10485000DB06933009F080E023E04AE15BE1612F61
:104860008BCF8091CE061092CE06882351F388EB31
:1048700090EB24DC8091F006882319F392CF80918D
:10488000CE061092CE06882391F0D0927406C09284
:1048900073068091F006882351F083CFC33069F20C
:1048A000C43009F06BCF9091DB06943041F38091D6
:1048B0006C01882309F462CF81E0943009F080E034
:1048C00020E245E05BE16D2F57CFB0E0A0E0EBE6E2
:1048D000F4EA0C945BF40E9492D1C091D90685E071
:1048E000E82EEC0ED4E0DC1B13E01C1B02E00C1BDA
:1048F00081E0F82EFC1ADC2ED194C1112BC08091DE
:10490000DB068823B1F080916C01882359F081E0A7
:104910009091DB06911180E024E04EEF5AE16D2D7D
:104920000E9463D0CF5FEC12E8CF85E08093DA0677
:104930000CC08091CE061092CE06882321F30E94EF
:10494000AE1F8091F0068823F1F2CDB7DEB7E7E025
:104950000C9477F4C13009F58091DB06813079F051
:1049600080916C018823F1F281E09091DB06913017
:1049700009F080E023E042E05CE26F2DD1CF80912E
:10498000CE061092CE06882359F38CED97E796DB7E
:104990008091F006882321F3D8CFC23009F052C0AD
:1049A0008091DB06823081F080916C01882309F4CC
:1049B000B9CF81E09091DB06923009F080E023E0EE
:1049C0004BEF5BE2602FACCF8091CE061092CE060B
:1049D000882351F387ED97E771DB8091F0068823F8
:1049E00019F3B3CF8091DB06833081F080916C01A5
:1049F000882309F497CF81E09091DB06933009F08A
:104A000080E023E044EF5BE2612F8ACF8091CE0605
:104A10001092CE06882351F382ED97E74FDB809109
:104A2000F006882319F391CF8091CE061092CE061E
:104A3000882389F08DE397E841DB8091F006882395
:104A400051F083CFC33071F2C43009F06BCF809145
:104A5000DB06843049F380916C01882309F462CF2E
:104A600081E09091DB06943009F080E023E046EE8F
:104A70005BE26D2F55CFA5E0B0E0E1E4F5EA0C94E0
:104A800050F490910B0780916B1144244394913022
:104A900051F082FB442440F882FF05C087FB442488
:104AA00040F891E0492684FB222720F92983212C14
:104AB00084FF03C00E94EA3B282E0E9492D170908E
:104AC000D906572C85E0870D8A8380E046E6E42EE0
:104AD0004AE1F42E91E0392E3718972D91959B835A
:104AE0000BE510E253E8C52E5AE1D52E92E0971956
:104AF0009C8393E097199D8362E2862E6AE1962E4D
:104B000077E3A72E7AE1B72E2A81721609F4FCC149
:104B1000772051F1411069C080910B07823029F054
:104B20000E949842882309F475C181E0781609F43F
:104B30003DC192E0692E76105AC18091DB0678164D
:104B400009F46BC180916C01882309F450C1672D71
:104B5000651981E09091DB06971180E023E04FE535
:104B60005AE10E9463D043C18091DB06882369F13A
:104B700080916C01882371F281E09091DB069111A4
:104B800080E024E04FE85AE16B810E9463D044202A
:104B900009F4C2CF34E0632E67104AC08091DB066F
:104BA000681609F44AC180916C01882309F440C059
:104BB000672D651981E09091DB06971180E023E075
:104BC00043E55AE10E9463D033C08091CE06109233
:104BD000CE06882369F20E94AE1F8091F0068823DA
:104BE00039F22596E2E10C946CF481E0781609F430
:104BF0007BC092E0791609F4A5C023E07212CACFF7
:104C00008091DB06833009F4C1C080916C01882358
:104C100009F4C0CF81E09091DB06933009F080E089
:104C200023E043E75AE16D810E9463D024E0622EC5
:104C300081E0860D781215C08091DB06781609F4A4
:104C40000CC180916C01882361F0672D651981E0AA
:104C50009091DB06971180E023E045E45AE10E9441
:104C600063D082E0860D9981992309F428C121102F
:104C700039C078121CC08091DB06781609F4FDC09B
:104C800080916C01882399F01F92BF92AF92872D7B
:104C900085198F9381E09091DB06971180E08F93C7
:104CA0000E94BA1E0F900F900F900F900F9083E00C
:104CB000860D781215C08091DB06781609F4EFC0D6
:104CC00080916C01882361F0672D651981E09091D6
:104CD000DB06971180E023E046E25AE10E9463D0B0
:104CE00084E0860D739410CF8091DB068130D1F083
:104CF00080916C01882309F44DCF1F930F93DF92AD
:104D0000CF923F9281E09091DB06913009F080E0F4
:104D10008F930E94BA1E0F900F900F900F900F90DC
:104D20000F9038CF8091CE061092CE06882301F3E3
:104D30000115110511F00E945B208091F006882377
:104D4000B9F24FCF8091DB06823091F080916C01F7
:104D5000882309F41FCF81E09091DB06923009F09F
:104D600080E023E048E75AE16C810E9463D012CFD3
:104D70008091CE061092CE06882341F385E098E715
:104D80009DD98091F006882309F32BCF8091CE0620
:104D90001092CE06882309F438CF8DE690EA8ED99A
:104DA0008091F006882309F430CF1BCF8091DB0679
:104DB0008130F9F080916C01882309F4BACE88EF34
:104DC0009BE39F938F93FF92EF923F9281E09091AC
:104DD000DB06913009F080E08F930E94BA1E0F909D
:104DE0000F900F900F900F900F9082E0682E6394B9
:104DF000D3CE8091CE061092CE068823D9F288EFCA
:104E00009BE3892B11F00E94F83B8091F0068823E8
:104E100089F2E7CE662463948ECE8091CE061092FE
:104E2000CE06882309F48ECE89E893EA47D980918B
:104E3000F006882309F486CED4CE8091CE06109257
:104E4000CE06882309F4AFCE89EF91EA37D9809155
:104E5000F006882309F4A7CEC4CE8091CE06109226
:104E6000CE06882309F4EDCE81EB9EEA27D9809106
:104E7000F006882309F4E5CEB4CE8091CE061092D8
:104E8000CE06882309F4FCCE81E19AE10E94CA1E75
:104E90008091F006882309F4F3CE872D23CF8091EB
:104EA000CE061092CE06882309F40ACF80E993EB50
:104EB00005D98091F006882309F402CFEECF78124D
:104EC00012C09091DB06791681F080916C018823E5
:104ED00051F0672D651981E0791280E020E245E10B
:104EE0005AE10E9463D083E0FCCE8091CE061092FE
:104EF000CE06882351F390927406809273068091B7
:104F0000F006882311F3C9CF8093DA066ACE4F9258
:104F10005F926F927F928F929F92AF92BF92CF9249
:104F2000DF92EF92FF926B017C0120E030E0A9015B
:104F30000E946AED87FFA7C06DEB77E386E095EBF3
:104F4000A70196010E9488F46B017C0120E030E00B
:104F500040E251E40E94CFED20E030E048EC52E422
:104F60000E94CFED4B015C0120E030E040E251ECCB
:104F7000C701B6010E946AED181654F420E030E033
:104F800048EC52E4C701B6010E94EBF587FD8FC0E3
:104F900020E030E0A901C701B6010E946AED87FF59
:104FA00077C060E070E080EA90ECA50194010E9477
:104FB00088F420E030E040E251E40E94FFF40E94D7
:104FC00067F56B017C01F7FC68C020E137E240E047
:104FD00050E00E94BAF3CA01B9012AE030E040E093
:104FE00050E00E94BAF3605D60936604C701B601A9
:104FF00028EE33E040E050E00E94BAF39AE0892EB8
:10500000912CA12CB12CCA01B901A50194010E94D7
:10501000BAF3605D60936704C701B60124E630E02F
:1050200040E050E00E94BAF3CA01B901A501940121
:105030000E94BAF3605D609368048EE28093690415
:10504000C701B601A50194010E94BAF36B01CA0120
:10505000B901A50194010E94BAF3605D60936A04EE
:1050600080E3C80EC0926B0486E694E0FF90EF9058
:10507000DF90CF90BF90AF909F908F907F906F9078
:105080005F904F9008956DEB77E386E095E358CFFE
:1050900060E070E080EA90E488CFF094E094D094EF
:1050A000C094C11CD11CE11CF11C6DE29DCF20E01D
:1050B00030E0A901C701B6010E946AED87FF6BC00D
:1050C00060E070E080EA90ECA50194010E9488F411
:1050D00020E030E040E251E40E94FFF40E9467F5D6
:1050E0004B015C0120E030E0A901C701B6010E943C
:1050F000EBF587FD0BC020E030E040E251E4C70152
:10510000B6010E946AED60E287FD13C0B7FC48C09B
:10511000C501B40128EE33E040E050E00E94BAF34C
:10512000CA01B9012AE030E040E050E00E94BAF341
:10513000605D60936704C501B40124E630E040E09F
:1051400050E00E94BAF38AE0482E512C612C712C59
:10515000CA01B901A30192010E94BAF3605D609394
:1051600068048EE280936904C501B401A301920131
:105170000E94BAF36B01CA01B901A30192010E9416
:10518000BAF3605D60936A0480E3C80EC0926B045A
:1051900087E694E06BCF60E070E080EA90E494CF23
:1051A000B094A09490948094811C911CA11CB11C7B
:1051B0006DE2BFCFA4E0B0E0E0EEF8EA0C9460F45A
:1051C0000E946CF50E946EED69837A838B839C83C9
:1051D000CE0101960E946D722496E2E00C947CF45C
:1051E0008F929F92AF92BF92CF92DF92EF92FF92F7
:1051F0006B017C0120E030E0A9010E946AED87FD8F
:105200006BC06DEB77E386E095E3A70196010E9402
:1052100088F46B017C0120E030E040E251E40E9420
:10522000CFED20E030E040E251E40E94CFED4B01B1
:105230005C0120E030E0A901C701B6010E946AEDDF
:1052400020E030E040EA50E487FF04C020E030E096
:1052500040EA50ECC501B4010E9488F420E030E03F
:1052600040E251E40E94FFF40E9467F59B018BE24B
:1052700037FF05C022273327261B370B8DE280938B
:105280006704C90164E670E00E9422F4CB01EAE001
:10529000F0E0BF010E9422F4805D80936804C901A0
:1052A000BF010E9422F49C01CB01BF010E9422F4A5
:1052B000805D809369048EE280936A04205D209370
:1052C0006B0487E694E0FF90EF90DF90CF90BF9063
:1052D000AF909F908F9008956DEB77E386E095EB0C
:1052E00094CF8F929F92AF92BF92CF92DF92EF9224
:1052F000FF926B017C0120E030E0A9010E946AED81
:1053000087FDAAC06DEB77E386E095E3A7019601E0
:105310000E9488F46B017C0120E030E0A9010E942A
:105320006AED87FF9EC0C701B601905820E030E0CB
:1053300040E251E40E94CFED20E030E040E251E451
:105340000E94CFED20E030E040EA50E40E9488F473
:1053500020E030E040E251E40E94FFF40E9467F553
:105360006B017C0180E28093650460E280E1C816F5
:1053700087E2D806E104F1048CF0C701B60120E110
:1053800037E240E050E00E94BAF3CA01B9012AE0D6
:1053900030E040E050E00E94BAF3605D6093660444
:1053A00060E288EEC81683E0D806E104F1048CF0D0
:1053B000C701B60128EE33E040E050E00E94BAF3A6
:1053C000CA01B9012AE030E040E050E00E94BAF39F
:1053D000605D6093670460E284E6C816D104E1046E
:1053E000F1048CF0C701B60124E630E040E050E063
:1053F0000E94BAF3CA01B9012AE030E040E050E06F
:105400000E94BAF3605D609368048AE0882E912C54
:10541000A12CB12CC701B601A50194010E94BAF3D9
:105420006B01CA01B901A50194010E94BAF3605D44
:10543000609369048EE280936A0480E3C80EC09290
:105440006B0485E694E0FF90EF90DF90CF90BF90E3
:10545000AF909F908F9008956DEB77E386E095EB8A
:1054600055CF20E030E040E251E4C701B60162CF01
:10547000CF92DF92EF92FF92CF93DF9300D000D0D4
:10548000CDB7DEB76B017C0120E030E0A9010E94BE
:105490006AED87FD1BC06DEB77E386E095E3A7011E
:1054A00096010E9488F469837A838B839C83CE0162
:1054B00001960E946D720F900F900F900F90DF91E8
:1054C000CF91FF90EF90DF90CF9008956DEB77E351
:1054D00086E095EBE4CF8F929F92AF92BF92CF92EE
:1054E000DF92EF92FF926B017C0120E030E0A90196
:1054F0000E946AED87FD93C06DEB77E386E095E34C
:10550000A70196010E9488F46B017C0120E030E045
:1055100040E251E40E94CFED20E030E04AE754E45D
:105520000E94CFED4B015C0120E030E0A901C701F2
:10553000B6010E946AED20E030E040EA50E487FFC7
:1055400004C020E030E040EA50ECC501B4010E9404
:1055500088F420E030E040E251E40E94FFF40E9431
:1055600067F56B017C01C114D104E104F10409F475
:105570005BC0F7FE59C0F094E094D094C094C11C75
:10558000D11CE11CF11C8DE280936604C701B601B9
:1055900028EE33E040E050E00E94BAF38AE0882E23
:1055A000912CA12CB12CCA01B901A50194010E9432
:1055B000BAF3605D609367048EE280936804C7016C
:1055C000B60124E630E040E050E00E94BAF3CA01A0
:1055D000B901A50194010E94BAF3605D609369046A
:1055E000C701B601A50194010E94BAF36B01CA017B
:1055F000B901A50194010E94BAF3605D60936A0449
:1056000080E3C80EC0926B0486E694E0FF90EF90B2
:10561000DF90CF90BF90AF909F908F9008956DEBEB
:1056200077E386E095EB6CCF80E2AECFA4E8B0E004
:10563000ECE1FBEA0C9450F42DB73EB7CD57DF4FA9
:1056400039832883C358D04041E064E070E0CE0144
:1056500087589F4F0E9436CA43E050E0BE0167580A
:105660007F4F87E192E00E94B8F6892BF1F1ED9629
:105670008FADED97882339F08FE3EA968FAFEA97E5
:10568000EB961FAEEB970E94FA49BE0167587F4F19
:1056900085E89EE10E94A65487E79EE10E94C944E6
:1056A00082E00E94F61F81E08093620580911005E0
:1056B000811107C08091B606833018F080E00E9407
:1056C0004F839091620581E08927CD57DF4F288174
:1056D0003981C358D0400FB6F8943EBF0FBE2DBFDE
:1056E000CC57DF4FE2E10C946CF441E062E070E0F3
:1056F000CE0183589F4F0E9436CAE9961CAE1DAE5C
:105700001EAE1FAEE9971092630F1092620FCE018A
:1057100081589F4F0E94DA74EDB6FEB6C158DF4F34
:10572000C880CF57D040D12C33E0C30ED11CCC0C55
:10573000DD1CCC0CDD1C8DB79EB78C199D090FB6F6
:10574000F8949EBF0FBE8DBFEDB7FEB731963F01F7
:105750002DB73EB72C193D090FB6F8943EBF0FBECA
:105760002DBF8DB79EB701964C01EDB7FEB7EC1972
:10577000FD090FB6F894FEBF0FBEEDBF0DB71EB703
:105780000F5F1F4FB601C3010E94DF7440911005E7
:1057900081E0482764E070E08FEF9BE00E9436CA0A
:1057A000B601C4010E94DF74B601C8010E94DF7413
:1057B000F0911005CE57DF4FF883C258D040F11159
:1057C0004FC0C158DF4F8881CF57D04090E002963C
:1057D000AFEEBBE050E040E030E020E063E77EE188
:1057E000E3E6CE2EEEE1DE2EF3E5AF2EFEE1BF2E98
:1057F000821793070CF496C0F301E40FF51F208085
:105800003180428053802D923D924D925D9282175D
:1058100093070CF48DC0F401E40FF51F2080318054
:105820004280538050962D923D924D925C925397B8
:10583000821793070CF482C0F801E40FF51F208053
:1058400031804280538090962D923D924D925C9291
:1058500093972F5F3F4F4C5F5F4F2430310541F6E8
:1058600083E29CE00E94B27487E29CE00E94B274E2
:105870008BE29CE00E94B2748FE29CE00E94B274C2
:1058800083E39CE00E94B274CE018B589F4F0E942C
:10589000B274CE018B589F4F0E94B274CE018B58C8
:1058A0009F4F0E94B274CE018B589F4F0E94B274DA
:1058B0008FE097E00E94B2740FB6F894FEBE0FBE60
:1058C000EDBE86E696E00E94D274CE0183599F4FCA
:1058D0000E94BA748E010F5F1F4FC8010E94B274FC
:1058E0008EE595E00E94B274CE018B589F4F0E94C6
:1058F000B274C8010E94DA74CE0183599F4F0E948E
:10590000DA74C980AE968FADAE97C89E600111243F
:1059100021E0C21AD108C0F0CE018B589F4F0E94DF
:10592000B274F6CFFB0125903590459054906BCF23
:10593000F601259035904590549074CFF50125904F
:105940003590459054907FCF8FEE9FE00E94D274A7
:105950008AE0D82EDA94CE01DD2029F08B589F4FB3
:105960000E94B274F7CF80589F4F0E94DA74CE0124
:105970008F579F4F0E94DA74C058DF4F8881C058FC
:10598000D040853009F05DC1CF57DF4F8881C158C5
:10599000D040853009F055C1CE57DF4F8881C258BD
:1059A000D040811102C00E94113A88E095E00E9427
:1059B000CA7480E095E00E94CA744091100581E0AD
:1059C000482764E670E08CE994E00E9436CAC8017A
:1059D0000E94C274CE0183599F4F0E94BA744091B5
:1059E0001005FF24F3944F2564E070E0C8010E9485
:1059F00036CA85E696E00E94C274409110054F2594
:105A00006CE070E082EC96E00E9436CA409110058E
:105A10004F2564E170E0C8010E9436CAD09010059D
:105A2000D11038C089809A80AB80BC80A5019401D8
:105A3000C501B4010E9462F681112CC08092280534
:105A400090922905A0922A05B0922B052CEA35ECFC
:105A500047E25EE36D817E818F8198850E94CFED64
:105A600060932C0570932D0580932E0590932F0540
:105A70002CEA35EC47E25EE369857A858B859C8567
:105A80000E94FFF4609330057093310580933205D6
:105A900090933305FF24F3944D2D4F2562E070E081
:105AA000C8010E9436CAC8010E94AA74C8010E9497
:105AB000AA74C8010E94BA74C8010E94BA74C801CD
:105AC0000E94BA7485E0F80111928A95E9F7409135
:105AD00010054F2565E070E0C8010E9436CAC80174
:105AE0000E94C274409110054F2560E270E0C80129
:105AF0000E9436CACE0183599F4F0E94C2744091C2
:105B000010054F2569E070E0C8010E9436CA409137
:105B1000100541110FC0898180939B048A819B816C
:105B2000AC81BD818093970490939804A0939904CD
:105B3000B0939A04FF24F3944F2562E170E0C8010A
:105B40000E9436CA409110054F2564E270E0C801FA
:105B50000E9436CA409110054F2560E170E0C801EF
:105B60000E9436CA409110054F2569E070E0C801D7
:105B70000E9436CAC8010E94B274409110054F2598
:105B80006CE070E0C8010E9436CA409110054F25B4
:105B90006CE670E0C8010E9436CA19821A821B8224
:105BA0001C821D821E821F82188619861A861B86F9
:105BB0001C86C8010E94AA74409110054F2568E018
:105BC00070E0C8010E9436CAC8010E94D274CE019A
:105BD00080589F4F0E94BA74CE0183599F4F0E94F4
:105BE000B27480915C0F90915D0F8031934009F405
:105BF00048C00E94F7498DEB9DE10E94C944F09294
:105C000062050E94FA4960915C0F70915D0F6456C5
:105C100071098FE39EE10E94A24A6CEA72E087E379
:105C20009EE10E94D04B81E00E94F61F80911005FA
:105C300081113CCD80916205811138CD0E94A199DE
:105C400035CDC8010E94CA74CE0183599F4F0E946E
:105C5000CA74C058DF4FC880C058D040CF57DF4FFC
:105C60008881C158D040C89E6001112491E0C91AB2
:105C7000D10808F4ACCECE018B589F4F0E94B2746D
:105C8000F5CF109262052091620F3091630FEF966D
:105C90008EAD9FADEF972817390721F1F09262057D
:105CA0000E94F749EF960EAD1FADEF9787E19EE199
:105CB0000E94C944B80190E080E00E9437C9009179
:105CC000620F1091630F82E19EE10E94C944B80106
:105CD00090E080E00E9437C982E09EE10E94C944C2
:105CE00080E0A2CF809110058111A0CF0E94FA49D7
:105CF00087E192E00E94BAD760915C0F70915D0FCE
:105D00006456710985EE9DE10E94A24A8090620F5F
:105D10009090630FB12CA12C88ED9DE10E94C944A5
:105D2000C501B4010E9437C985ED9DE10E94C944B7
:105D30007DCF84E690E090935D0F80935C0F10928E
:105D4000630F1092620F72CC81E080931005F1DF37
:105D500010921005882309F0ECCF0E94729A80E01F
:105D60000895A6E0B0E0E7EBFEEA0C9450F40E9440
:105D7000D11E782E0E9492D12091D9062D832E8398
:105D8000822F8B5F898383E0682E922F621A82E0D4
:105D9000821B8A8381E0821B8B8391959C835FEFBA
:105DA000252E5FE1352E63E0462E60E2562E2D81D2
:105DB0002111E3C08091DB06882309F4CCC08091D7
:105DC0006C01882359F081E09091DB06911180E00D
:105DD00024E040E05AE16C810E9463D07110E8C079
:105DE0002D81233009F455C124E0F22E10E000E0AB
:105DF000ED808E81E81A9D819F1122C0F801EE0F7F
:105E0000FF1FEE59F44E859194910093F9069093FB
:105E1000FB068093FA068091DB062D81821709F438
:105E200060C180916C01882359F081E09091DB067C
:105E30009F1180E023E048EC59E16E2D0E9463D071
:105E4000DF2CFF24F394FD0C0130110509F046C14D
:105E50008D81F81223C08091DB069D81891709F49A
:105E600051C180916C018823C9F03F922F9289EB38
:105E700099E19F938F938D819E81891B8F9381E000
:105E80009091DB062D81921380E08F930E94BA1EC1
:105E90000F900F900F900F900F900F9082E08D0D4C
:105EA000711050C09D81891324C08091DB06891731
:105EB00009F43AC180916C018823D9F081E090E225
:105EC0009F938F938BEA99E19F938F938D812E817E
:105ED000821B8F9381E09091DB062D81921380E0ED
:105EE0008F930E94BA1E0F900F900F900F900F90FB
:105EF0000F9083E08D0D9D81891322C08091DB0678
:105F0000891709F423C180916C018823C9F05F923D
:105F10004F928AE999E19F938F938D819E81891B8E
:105F20008F9381E09091DB062D81921380E08F9317
:105F30000E94BA1E0F900F900F900F900F900F902D
:105F400084E08D0D9D819F5F9D83298192132FCFCA
:105F50008093DA060EC08091CE061092CE0688237A
:105F600009F42DCF0E94AE1F8091F006882309F41A
:105F700026CF2696E2E10C946CF48D81813051F5A8
:105F80008091DB068130B9F080916C01882309F49F
:105F900025CF81E09091DB06913009F080E023E08D
:105FA0004EEE59E16B810E9463D0772009F41CCF3B
:105FB00093E0F92E1BCF8091CE061092CE06882357
:105FC00019F387EB9AE20E945EA08091F006882385
:105FD000D9F2CFCF9D81923009F000CF8091DB06BE
:105FE0008230F1F080916C01882309F4F7CE11E042
:105FF0008091DB06823009F010E06091F70F70911C
:10600000F80F8091F90F9091FA0F0E9487A700E096
:106010009C014FED59E16A81812F0E94182AC5CF5A
:106020008091CE061092CE068823E1F220E030E087
:1060300048EC52E46091F70F7091F80F8091F90FDE
:106040009091FA0F0E94CFED20E030E04AEF54E447
:106050000E9488F40E946CF5912C812C39E0A32ECB
:106060003AE2B32E6B0110EAE12E1FE0F12E00E0C0
:1060700010E020E338EF4FEF5FEF67EF7FE08FED49
:1060800099E10E9445D18091F006882309F4AACFB6
:1060900070CF8091DB06833091F080916C01882372
:1060A00009F4A2CE81E09091DB06933009F080E004
:1060B00023E047ED59E1662D0E9463D095CE809193
:1060C000CE061092CE06882341F384EA95E70E941B
:1060D0005EA08091F006882301F34BCF01E010E031
:1060E0008ACE8091CE061092CE06882309F499CEEE
:1060F0008EEA9EE90E945EA08091F006882309F452
:1061000090CE37CF8091CE061092CE06882309F428
:10611000A8CE2114310411F00E943C848091F00635
:10612000882309F49ECE25CF8091CE061092CE060C
:10613000882309F4BFCE81E090E2892B09F004DEC8
:106140008091F006882309F4B5CE13CF8091CE0656
:106150001092CE06882309F4D6CE4114510411F0D2
:106160000E94729A8091F006882309F4CCCE01CF68
:10617000A8E0B0E0EEEBF0EB0C9450F48091FC065C
:1061800087708983209008053090090540900A05A2
:1061900050900B050E9492D12091D9062F8339810E
:1061A000373009F072C08EE399E19B838A837F8048
:1061B000372D3B5F3C8366246394872D81958D83C7
:1061C000962D97199E833F81332309F463C08981FB
:1061D000873009F458C23F81313009F04DC29091A7
:1061E000DB06913009F46CC180916C0181117BC197
:1061F00012E081E0810F88879981973009F065C0AE
:1062000020E030E0A901C201B1010E946AED8823BB
:1062100009F45BC038858F81381334C0909196049F
:1062200098878091DB062F81821315C08091CE065E
:106230001092CE06882379F09625988783E0809384
:106240006C0183E59AE3892B11F00E94533A809107
:10625000F006811131C180916C01882399F06F8122
:10626000671981E09091DB062F81921380E03885D9
:10627000332309F46FC12FE139E101E042E259E132
:106280000E94182A1E5F188720C029E339E13B834A
:106290002A838DCF8091DB06882309F4FFC080918B
:1062A0006C01882309F493CF81E09091DB06911172
:1062B00080E024E04CE459E16D810E9463D0998133
:1062C000973009F443C123E028878091920490918C
:1062D0009304A0919404B09195048093D506909373
:1062E000D606A093D706B093D80688859F818913D8
:1062F00052C08091DB062885821709F42EC1809157
:106300006C01882309F447C0BF80B71811E0809161
:10631000DB063F81831310E0C090D506D090D606EF
:10632000E090D706F090D80620E030E0A901C70140
:10633000B6010E946AED2DEB37E346E055EB87FD91
:1063400004C02DEB37E346E055E3C701B6010E94D8
:1063500088F46B017C0120E030E0A9010E946AED25
:1063600020E030E040E05FEB87FD04C020E030E05B
:1063700040E05FE3C701B6010E9488F40E9467F520
:10638000CB010E94799E00E09C014FE059E16B2D0A
:10639000812F0E94182A88858F5F9F81891323C0CF
:1063A0008091DB06891709F408C180916C0188236C
:1063B000D1F0FF80F71811E08091DB062F81821366
:1063C00010E06091F70F7091F80F8091F90F9091A4
:1063D000FA0F0E9487A700E09C0140E059E16F2D71
:1063E000812F0E94182A88858E5F3F81831323C0E6
:1063F0008091DB06831709F41AC180916C01882310
:10640000D1F021E030E23F932F9322EF38E13F9328
:106410002F938F8187198F9381E09091DB062F81D5
:10642000921380E08F930E94BA1E0F900F900F90EE
:106430000F900F900F9088858D5F3F81831323C04D
:106440008091DB06831709F404C180916C018823D5
:10645000D1F08FEF9FE19F938F9383EE98E19F930D
:106460008F938F8187198F9381E09091DB062F8125
:10647000921380E08F930E94BA1E0F900F900F909E
:106480000F900F900F903F813F5F3F838C8183136C
:106490009ACE98859C5F9093DA060EC08091CE06C6
:1064A0001092CE06882309F4FACE0E94AE1F809186
:1064B000F006882309F4F3CE2896E2E10C946CF4FC
:1064C0008091CE061092CE06882309F48DCE21E36A
:1064D0003BE130937406209373068091F006882385
:1064E00009F482CEE9CF81E0913009F080E020E22A
:1064F00042E459E16E810E9463D07ACE9091DB062E
:106500003F81931731F080916C01811113C01F817D
:1065100070CE8091CE061092CE068823A1F32A81F8
:106520003B8130937406209373068091F006882394
:1065300051F3C2CF6F81671981E03F81931380E0EF
:1065400020E24FE259E10E9463D0E1CF22E02887A8
:1065500011E056CE2BE139E190CE8091CE0610921B
:10656000CE06882309F4CBCE0E9439D16091D5069E
:106570007091D6068091D7069091D8060E946CF54E
:1065800029EF822E24E7922E33EBA32E3AE7B32E87
:106590006B0114E6E12EF12C00E010E020E030E089
:1065A000A90165ED76E08FE099E10E9445D18091E7
:1065B000F006882309F4A3CE7FCF8091CE061092F7
:1065C000CE06882309F4F1CE20E030E048EC52E416
:1065D0006091F70F7091F80F8091F90F9091FA0F79
:1065E0000E94CFED20E030E04AEF54E40E9488F4AE
:1065F0000E946CF5912C812C89E0A82E8AE2B82E9D
:106600006B0110EAE12E1FE0F12E00E010E020E324
:1066100038EF4FEF5FEF67EF7FE080E099E10E9496
:1066200045D18091F006882309F4BFCE45CF8091F3
:10663000CE061092CE06882309F4DFCE81E090E2E8
:10664000892B09F081DB8091F006882309F4D5CEEF
:1066500033CF8091CE061092CE06882309F4F5CE72
:106660008FEF9FE1892B11F00E943C848091F0060E
:10667000882309F4EACE20CF2F81223009F43ECFBF
:1066800033E0388722CE8F81813009F437CF92E012
:1066900098875ECFA2E1B0E0E0E5F3EB0C945CF408
:1066A0000E942B948823D1F1EDB6FEB642E552E06C
:1066B00082FF02C043E552E022E532E081FF02C0E2
:1066C00025E532E080FD27C082E592E05F934F939D
:1066D0003F932F939F938F9389E49CE19F938F9394
:1066E0008E010F5F1F4F1F930F930E9403ED0E94B7
:1066F000FA49C8010E94BAD70E94B4D7C8010E94C3
:10670000D2CA0FB6F894DEBF0FBECDBF81E062964D
:10671000E6E00C9478F487E592E0D8CF80E0F7CFFC
:10672000ACE3B0E0E6E9F3EB0C9450F48091DC06C6
:10673000882369F180916B1110E000E084FF23C091
:106740008FE79FE00E944ADB8BE1EFE7FFE0DE018D
:10675000919601900D928A95E1F710E000E0BE015C
:106760006F5F7F4FCE0181960E9424DA18163CF4A9
:10677000CE0101960E948AD8080F111DF0CFCE01DC
:1067800081960E94BDD810933505009334050E9470
:1067900092D11091D906312E85E0810F8CAF212E38
:1067A000219483ECA82E83E7B82E9CEC892E9AE1E5
:1067B000992E01E0011B21ED622E2AE1722E1111AA
:1067C00013C08091DB06882391F180916C018823AE
:1067D00059F081E09091DB06911180E024E04AEDD0
:1067E0005AE1622D0E9463D080916B1186FF3EC0FA
:1067F0001130D9F48091DB06813049F180916C0130
:10680000882309F43DC11F927F926F920F9381E01C
:106810009091DB06913009F080E08F930E94BA1EC0
:106820000F900F900F900F900F9082E04FC08091CB
:10683000CE061092CE06882341F20E94AE1F8091B0
:10684000F006882311F2EC96E2E10C946CF480914E
:10685000CE061092CE06882389F21092D9060E94A5
:106860002ED88091F006882349F2EDCF84FF2DC009
:106870001130D9F68091DB068130D1F080916C0126
:10688000882309F4FDC0BF92AF929F928F920F931D
:1068900081E09091DB06913009F080E08F930E94B7
:1068A000BA1E0F900F900F900F900F900F90BDCFCA
:1068B0008091CE061092CE06882301F30E94C37306
:1068C0008091F0068823D1F2BECF81E090916C01D7
:1068D000992309F4D6C0582ED12CC12C412E43182F
:1068E000852DE0903405F0903505CE14DF0408F0D6
:1068F000C8C05112A4C091E0E91AF108EC18FD08D3
:106900008FE79FE00E944ADB8BE1EFE7FFE0DE01CB
:10691000919601900D928A95E1F7F12CBE016F5F7F
:106920007F4FCE0181960E9424DA18167CF4CE01A6
:1069300001960E948AD8882389F3EF106AC0BE01AD
:106940006F5F7F4F8EEF96E00E94A5D8CE018196B3
:106950000E94BDD880916B119091DB0685FF74C0B9
:10696000911362C08091CE061092CE06882309F45E
:106970005BC019821C828091820F6AE97FE08823C4
:1069800011F06FE77FE04EEF56E0CE0101960E94D6
:1069900022DC882309F43FC08BE1FE013196AFE78A
:1069A000BFE001900D928A95E1F780916B118F7B8A
:1069B00080936B11A0916011AA3080F481E08A0F5E
:1069C000809360118BE18A9FD0011124AE5ABF4E93
:1069D000EFE7FFE001900D928A95E1F7CE01019675
:1069E0000E94BDD81092D90682E090E0A0E0B0E00D
:1069F0008093E0069093E106A093E206B093E3064D
:106A000081E08093F0061092610483E080936C0132
:106A10001ACFF39483CF0E94FA496EEF76E086EBAB
:106A20009AE10E94B1DEDACF80916C01882339F0BF
:106A300081E0911380E041E0642D0E94A1D08FEFAE
:106A4000C81AD80A53944CCF911759F080916C0111
:106A50008823A9F381E09091DB06911380E040E068
:106A6000EBCF8091CE061092CE06882379F38CE589
:106A70009AE70E945EA08091F006882339F3E3CE66
:106A800082E01F5F9CAD91139ACE8093DA06DBCE35
:106A9000FC0120818091620F9091630F922728E082
:106AA000AC01880F991F57FD07C02150C9F790937B
:106AB000630F8093620F0895F1E28F27F0E19F2723
:106AC000F4CFFC01808108953FB7F8948091741150
:106AD00090917511A0917611B091771126B5A89B70
:106AE00005C02F3F19F00196A11DB11D3FBFBA2F60
:106AF000A92F982F8827BC01CD01620F711D811D20
:106B0000911D42E0660F771F881F991F4A95D1F7A4
:106B10000895B0E0A0E0EFE8F5EB0C9458F46C01B8
:106B20007B018B01040F151FEB015E01AE18BF083E
:106B3000C017D10759F06991D601ED91FC910190F0
:106B4000F081E02DC6010995892B79F7C501CDB7F4
:106B5000DEB7EAE00C9474F4089580E00895FC0137
:106B60008491882321F0823011F083E0089586E03B
:106B70000895EF92FF920F931F93CF93DF93EC0151
:106B8000162FEC80FD80F7010491C701E8DFA82FE4
:106B9000013039F10FEF2C813D81F9013A96449192
:106BA0003196549133976491319684911136D8F08F
:106BB00070E0762F6627860F972F911D009799F02A
:106BC0008E0D9F1D41E6511720F5188A1B8A1C8ADD
:106BD000198A1A8A90E080E0CDB7DEB7E6E00C941F
:106BE00078F40FE0D8CFF90136966491319684910C
:106BF000113460F070E0762F6627860F972F911D75
:106C0000009721F08E0D9F1D41E4DDCFC701419615
:106C1000DACF5417D0F2B0E0FC0164916F3F29F451
:106C20000196451791F24F5FF7CF411333C0F90139
:106C30002491AC014F5F5F4FFC01222311F0223001
:106C400091F424912B8BFA0144914C8BFC013396E7
:106C5000E491E88BFC013496E491E98BFC013596D4
:106C6000E491EA8BB9CF2491322F3F7032503A8BA6
:106C700022952F70298BFA014491242F2F702C8B91
:106C800042954F704B8BFC013296E491E295EF7088
:106C9000E88BA2CF3296649160236A0F7B2F711D1F
:106CA000860F971FBECF81E008950F93FC0101501E
:106CB000040F84A996A9941788F0081710F40417F4
:106CC00078F42150260F83A995A9961758F0281714
:106CD00060F481E0261720F40F910895081778F7E3
:106CE00080E0FACF2817A8F7FBCF81E0F5CF8BE142
:106CF000EAE9FFE0AFE7BFE001900D928A95E1F786
:106D000080916B11806480936B11109260110895D3
:106D1000CF92DF92EF92FF92C090CF13D090D0131A
:106D2000E090D113F090D213C616D706E806F90604
:106D300001F16B017C018091D3139091D413DC019C
:106D4000ED91FC910088F189E02D2FEC31E1B70144
:106D5000A6010995882341F0C092CF13D092D01399
:106D6000E092D113F092D213FF90EF90DF90CF908A
:106D7000089581E0F9CF8F929F92AF92BF92CF9208
:106D8000DF92EF92FF920F931F93CF939093D413C0
:106D90008093D3131092EC1382E090E0A0E0B0E077
:106DA0008093D5139093D613A093D713B093D81391
:106DB0008FEF9FEFDC018093CF139093D013A093BC
:106DC000D113B093D213662309F46FC040E060E0A2
:106DD00070E0CB019DDF81110EC0C0E08C2FCF9100
:106DE0001F910F91FF90EF90DF90CF90BF90AF90E9
:106DF0009F908F90089580918D138F7771F7809178
:106E0000991390919A13A0919B13B0919C1384367F
:106E10009105A105B10508F3C0909513D090961384
:106E2000E0909713F0909813C114D104E104F10499
:106E3000A1F240E0C701B6016BDFC82F882369F2D9
:106E40008091DA119091DB118115924031F6A09179
:106E5000DF11AA2309F4C1CF6091DD117091DE1119
:106E60006115710509F4B9CF8091DC11882309F40B
:106E7000B4CFA093E7138093D913F0E0E0E090E063
:106E800041E050E09A010E2E02C0220F331F0A94F7
:106E9000E2F78217930769F021E02E0F3196E9306F
:106EA000F10581F72093E21398CFC12CD12C760104
:106EB000C0CFE093E2132091E5113091E61150E04C
:106EC00040E02115310541F42091F3113091F41186
:106ED0004091F5115091F6112093DA133093DB13A2
:106EE0004093DC135093DD1346015701860E971E25
:106EF000A11CB11C8092E8139092E913A092EA13AE
:106F0000B092EB130091E0111091E1111093EE1388
:106F10000093ED13B0E00E94D6F3DC01CB01880DA5
:106F2000991DAA1DBB1D8093EF139093F013A0939E
:106F3000F113B093F21325E0000F111F2A95E1F72A
:106F400001501E4F012F11270695800F911FA11D83
:106F5000B11D8093E3139093E413A093E513B093D2
:106F6000E6130091E2111091E31130E020E00115E9
:106F7000110541F40091EF111091F0112091F111E0
:106F80003091F211C81AD90AEA0AFB0AC00ED11EC2
:106F9000E21EF31E04C0F694E794D794C794EA95D2
:106FA000D2F7C092DE13D092DF13E092E013F0929A
:106FB000E11385EFC8168FE0D806E104F10420F450
:106FC0008CE08093EC1309CF80E125EFC2162FEF00
:106FD000D206E104F10488F08091FB119091FC113C
:106FE000A091FD11B091FE118093EF139093F013D7
:106FF000A093F113B093F21380E28093EC13EECEE2
:10700000B0E0A0E0E6E0F8EB0C945AF4FC018185D6
:107010009285A385B4850196A11DB11D841795079E
:10702000A607B70730F480E0CDB7DEB7E8E00C94F0
:1070300076F487898031A9F5BB27A72F962F852F56
:10704000C388D488E588F6888C0D9D1DAE1DBF1DB4
:10705000E9016A017B018F014091CF135091D01358
:107060006091D1137091D21384179507A607B707C3
:1070700049F5F8018789803161F5B701A6015527E7
:1070800066277727440F551F41535E4EFA018081D2
:107090009181B0E0A0E088839983AA83BB8381E0DB
:1070A000C3CF803209F0BFCFC388D488E588F68883
:1070B000DB01CA01C7E0B695A79597958795CA9554
:1070C000D1F7C2CF40E0BC01CD0122DE8111D1CF8A
:1070D000AACFB701A6014F77552766277727440F18
:1070E000551F440F551F41535E4EFA018081918117
:1070F000A281B381BF70CFCF4F925F926F927F9288
:10710000AF92BF92CF92DF92EF92FF920F931F93B5
:10711000CF93DF9300D000D0CDB7DEB78C01498389
:107120005A836B837C835901C12CD12C7601412C6D
:1071300082E0582E612C712C49815A816B817C81AF
:107140009E012F5F3F4FC8015BDF882319F1F801D3
:107150008585A301920104C0220F331F441F551FD0
:107160008A95D2F7DA01C901C80ED91EEA1EFB1EA4
:1071700049815A816B817C8187898031F1F481E07A
:10718000483F5F4F61057105B8F2F501C082D182B9
:10719000E282F3820F900F900F900F90DF91CF91CA
:1071A0001F910F91FF90EF90DF90CF90BF90AF9025
:1071B0007F906F905F904F90089581E0483F5F4FC0
:1071C0006F4F7F4008F4B8CFE0CF0F931F93CF935A
:1071D000DF93FC012381222331F080E0DF91CF9106
:1071E0001F910F9108958B01EC01FB01878980317C
:1071F00039F582E08B831D8A1E8A1F8A188E808D46
:10720000918DB0E0A0E025E0880F991FAA1FBB1F59
:107210002A95D1F7898B9A8BAB8BBC8B1A8F098FF0
:1072200081E08983188619861A861B861C821D8236
:107230001E821F82188A1C861D861E861F86CECF40
:10724000803259F683E08B83428D538D648D758D2A
:107250004D8B5E8B6F8B788F9E012F5E3F4FC801E9
:107260004BDF8111DBCFB9CF80E0089580E0089536
:1072700080E0089580E008951F93CF93DF93EC01A1
:107280008F81833039F089E0440F551F661F771FC7
:107290008A95D1F79A01AB0162E1CE010E94CE7AC4
:1072A00011E0882319F010E085E08C83CE010E9464
:1072B000C67A812FDF91CF911F9108951F93CF93AD
:1072C000DF93EC010E94B97A20E030E0A9016CE084
:1072D000CE010E94CE7A11E0882319F010E083E0FD
:1072E0008C83CE010E94C67A812FDF91CF911F91AE
:1072F0000895A8E7B0E0EFE7F9EB0C9450F47C01B7
:107300008B0169965FAF4EAF69972091030C309166
:10731000040C4091050C5091060CDC016D917D919F
:107320008D919C910E94CFED0E94F0F5E0966CAF9C
:107330007DAF8EAF9FAFE0972091070C3091080C86
:107340004091090C50910A0CF70164817581868186
:1073500097810E94CFED0E94F0F5E4966CAF7DAF6F
:107360008EAF9FAFE49720910B0C30910C0C4091A5
:107370000D0C50910E0CD70118966D917D918D9149
:107380009C911B970E94CFED0E94F0F5E8966CAFA0
:107390007DAF8EAF9FAFE89720910F0C3091100C0E
:1073A0004091110C5091120CF7016485758586850A
:1073B00097850E94CFED0E94F0F5AB966CAF7DAF44
:1073C0008EAF9FAFAB978091EE0B83FF0EC0AB9655
:1073D0002CAD3DAD4EAD5FADAB9720930E1030930D
:1073E0000F104093101050931110D8018D919D9162
:1073F0000D90BC91A02D2F968CAF9DAFAEAFBFAFBF
:107400002F978091001090910110891B80958F70AB
:1074100019F40E94F24BF5CFB0910010E996BFAF7E
:10742000E9970091001080913C0790913D07892BCE
:1074300011F00C946DC88091021090910310A091EE
:107440000410B0910510E0968CAC9DACAEACBFAC16
:10745000E097881A990AAA0ABB0A809106109091AF
:107460000710A0910810B0910910E4962CAD3DAD25
:107470004EAD5FADE497281B390B4A0B5B0B2BAB72
:107480003CAB4DAB5EAB80910A1090910B10A0917C
:107490000C10B0910D10E8962CAD3DAD4EAD5FAD2A
:1074A000E897281B390B4A0B5B0B23962CAF3DAF9B
:1074B0004EAF5FAF239780910E1090910F10A09167
:1074C0001010B0911110AB96CCACDDACEEACFFACB3
:1074D000AB97C81AD90AEA0AFB0A09F461C00E94EC
:1074E00019878823B9F0AB968CAD9DADAEADBFAD1D
:1074F000AB9780930E1090930F10A0931010B09341
:1075000011100E94FA498BE49DE20E94C944C12CEB
:10751000D12C7601C701B6010E9470ED2091720155
:107520003091730140917401509175010E94CFED2B
:107530002B013C0120E030E0A9010E94EBF587FF20
:1075400004C077FA709477F8709420E030E048E453
:1075500053E460910F0C7091100C8091110C90917C
:10756000120C0E94CFEDA30192010E946AED87FFE9
:1075700017C0AB962CAD3DAD4EAD5FADAB97209334
:107580000E1030930F1040931010509311100E9462
:10759000FA498CE29DE20E94C944C12CD12C7601AB
:1075A000D501C4018827B7FD83959927AA27BB2752
:1075B000182F2BA93CA94DA95EA957FD126023964F
:1075C0008CAD9DADAEADBFAD2397B7FD1460F7FC9C
:1075D0001860C701B6010E9470ED209172013091D0
:1075E000730140917401509175010E94CFED6B01C0
:1075F0007C0120E030E0A9010E94EBF587FFBFC3CA
:10760000C701B6019058202E312CABE40A9F90019F
:107610001124F901E25CF84FF8AFEFAB20E030E065
:1076200040E05FE30E9488F40E946CF563966CAFC3
:107630007DAF8EAF9FAF6397AFA9B8AD1C92D596C3
:107640001C9323962CAD3DAD4EAD5FAD2397679651
:107650002CAF3DAF4EAF5FAF679757FF0DC0509552
:107660004095309521953F4F4F4F5F4F67962CAF18
:107670003DAF4EAF5FAF67974BA85CA86DA87EA8E3
:1076800077FE08C07094609450944094411C511C43
:10769000611C711C27968CAE9DAEAEAEBFAE279717
:1076A000B7FE0DC088279927DC0188199909AA0916
:1076B000BB0927968CAF9DAFAEAFBFAF279727967C
:1076C0002CAD3DAD4EAD5FAD2797AFA9B8AD55968A
:1076D0002D933D934D935C935897FD01418E528EAF
:1076E000638E748E67962CAD3DAD4EAD5FAD6797E2
:1076F0005D962D933D934D935C939097C501B40196
:107700000E9470ED20912C0730912D0740912E079B
:1077100050912F070E94CFED6BAF7CAF8DAF9EAF26
:1077200069A37AA38BA39CA36BA97CA98DA99EA90D
:107730000E9470ED2091300730913107409132075F
:10774000509133070E94CFED2B966CAF7DAF8EAF7B
:107750009FAF2B976DA37EA38FA398A723966CADA5
:107760007DAD8EAD9FAD23970E9470ED20913407C3
:107770003091350740913607509137070E94CFED81
:1077800023966CAF7DAF8EAF9FAF239769A77AA783
:107790008BA79CA7209138073091390740913A0771
:1077A00050913B07C701B6010E94CFED6BAB7CAB9C
:1077B0008DAB9EAB6DA77EA78FA798AB27962CAD00
:1077C0003DAD4EAD5FAD27972630310541055105E2
:1077D0000CF0DDC236E043165104610471040CF074
:1077E000D6C267968CAD9DADAEADBFAD679706971F
:1077F000A105B1050CF0CBC220E030E0A9016BA9D6
:107800007CA98DA99EA90E94EBF587FFBBC28BA91D
:107810009CA9ADA9BEA9B0582BE4229DF001239DDF
:10782000F00D1124E25CF84F85879687A787B08B0F
:107830008BE4829DF001839DF00D1124E25CF84FF2
:1078400063962CAD3DAD4EAD5FAD639721A332A3E2
:1078500043A354A367968CAD9DADAEADBFAD679706
:1078600084159505A605B70510F4D301C201279626
:107870002CAD3DAD4EAD5FAD279782179307A407A2
:10788000B50710F4DA01C90163962CAD3DAD4EADDC
:107890005FAD639782179307A407B50710F4DA0169
:1078A000C9012BE4229DF001239DF00D1124E25C1F
:1078B000F84F85A396A3A7A3B0A70697A105B10586
:1078C00010F40C9465C8EA5BFF4F80912B0780830E
:1078D00089288A288B2819F080E00E943A838BE45B
:1078E000829DF001839DF00D1124E25CF84F818DA3
:1078F000928DA38DB48D892B8A2B8B2B19F081E06F
:107900000E943A838BE4829DF001839DF00D112447
:10791000E25CF84F858D968DA78DB0A1892B8A2BBF
:107920008B2B19F082E00E943A8363968CAD9DAD5B
:10793000AEADBFAD6397892B8A2B8B2B11F40C94C2
:107940006FC80E94FC82C0902F0CD090300CE09049
:10795000310CF090320CA70196012F966CAD7DADE5
:107960008EAD9FAD2F970E946AED87FD06C02F96C2
:10797000CCACDDACEEACFFAC2F978BE4829DF0017C
:10798000839DF00D1124E25CF84F258536854785EF
:10799000508960E070E080E89FE30E94FFF4279642
:1079A0006CAF7DAF8EAF9FAF2797A70196010E9466
:1079B000CFED6B017C01809100109091FE0F891B2F
:1079C0008F70AC968FAFAC97A701960160E074E220
:1079D00084E799E40E94FFF40E94F0F54B015C01FA
:1079E000AC968FADAC9782508630B0F56091FF0BAE
:1079F0007091000C8091010C9091020C681979092A
:107A00008A099B0916161706180619062CF5660F23
:107A1000771F881F991FAC96AFADAC972A2F30E027
:107A200050E040E00E94BAF3CA01B9010E9470ED33
:107A30000E9467F5860E971EA81EB91EC501B401E7
:107A40000E9470ED9B01AC0160E074E284E799E470
:107A50000E94FFF46B017C010E94BB8940912707C3
:107A6000509128076091290770912A07480D591DE8
:107A70006A1D7B1D409327075093280760932907B1
:107A800070932A079BE4929DF001939DF00D1124C1
:107A9000EB57F84F80829182A282B38281110E94BB
:107AA000C8898BE4829D8001839D100D1124025CA6
:107AB000184FF8012585368547855089C701B601DD
:107AC0000E94CFED9B01AC010E94CFED6B966CAF95
:107AD0007DAF8EAF9FAF6B97D80111966D937D935D
:107AE0008D939C93149795962D913D914D915C911A
:107AF00098972F962CAF3DAF4EAF5FAF2F97CA012F
:107B0000B9010E946EED67966CAF7DAF8EAF9FAFEF
:107B100067979B01AC01C701B6010E94CFED0E949F
:107B2000ECF40E946CF56F966CAF7DAF8EAF9FAF9B
:107B30006F97F80166AB77AB80AF91AF8E010F5DA9
:107B40001F4F23E13CE0A5963FAF2EAFA597AE01B6
:107B5000435D5F4F5AAB49AB412C512C70E8672E07
:107B60007FE3772ED8012D913D914D915D918D014F
:107B7000C701B6010E94CFED4B015C0120E030E06F
:107B8000A9010E94EBF587FF04C0B7FAB094B7F8DB
:107B9000B094A596AEADBFADA5972D913D914D91F9
:107BA0005D91A596BFAFAEAFA597A3962CAF3DAFA5
:107BB0004EAF5FAFA397A5019401A3966CAD7DADC9
:107BC0008EAD9FADA3970E946AED87FF14C0A501FB
:107BD0009401A3966CAD7DAD8EAD9FADA3970E9431
:107BE000FFF44B015C01A30192010E946AED87FF43
:107BF00002C024013501E9A9FAA9E017F10709F04B
:107C0000B1CFA70196016BA97CA98DA99EA90E945D
:107C1000CFED6B017C0120E030E0A9010E94EBF583
:107C200087FF04C0F7FAF094F7F8F09480901F0CE7
:107C30009090200CA090210CB090220CA7019601EE
:107C4000C501B4010E946AED87FF10C0A70196012B
:107C5000C501B4010E94FFF46B017C01A3019201F4
:107C60000E946AED87FF02C02601370120E030E064
:107C700040E85FE3C301B2010E946AED87FF30C0B4
:107C80008BE4829D8001839D100D1124025C184FAE
:107C90006F966CAD7DAD8EAD9FAD6F970E946EED12
:107CA000A30192010E94CFED0E946CF5D801D696F7
:107CB0006D937D938D939C93D997A3019201C301FA
:107CC000B2010E94CFED6B962CAD3DAD4EAD5FADD8
:107CD0006B970E94CFEDF801618372838383948355
:107CE00067962CAD3DAD4EAD5FAD679727966CADF9
:107CF0007DAD8EAD9FAD27970E94CFEDA7966CAF5F
:107D00007DAF8EAF9FAFA7978BE4829DF001839DDF
:107D1000F00D1124E25CF84F85889688A788B08C16
:107D200081149104A104B10409F08AC0818D928D5F
:107D3000A38DB48D892B8A2B8B2B09F081C0858D67
:107D4000968DA78DB0A1892B8A2B8B2B09F078C03B
:107D50002091270C3091280C4091290C50912A0C2D
:107D6000A7966CAD7DAD8EAD9FADA7970E94CFED70
:107D70000E94ECF40E946CF56B017C015FC1C701AD
:107D8000B60141CC8BA99CA9ADA9BEA945CD6996E8
:107D9000AEADBFAD6997CD90DD90ED90FC9020E049
:107DA00030E0A901C701B6010E946AED882369F09D
:107DB0008BE4829DF001839DF00D1124E25CF84F6D
:107DC000C586D686E786F08A33CD2BAD3CAD4DAD6A
:107DD0005EADCA01B9010E94CFED6B017C012B960B
:107DE0002CAD3DAD4EAD5FAD2B97CA01B9010E94E0
:107DF000CFED9B01AC01C701B6010E9488F46B0175
:107E00007C0123962CAD3DAD4EAD5FAD2397CA01ED
:107E1000B9010E94CFED9B01AC01C701B6010E94E0
:107E200088F40E9424F62BE4229DF001239DF00D9E
:107E30001124E25CF84F658776878787908BF8CCB2
:107E400063962CAD3DAD4EAD5FAD6397232B242BD8
:107E5000252B09F479C62091230C3091240C4091F4
:107E6000250C5091260CA7966CAD7DAD8EAD9FADC7
:107E7000A7970E94CFED0E94ECF40E946CF56B0175
:107E80007C018091230790912407A0912507B09150
:107E90002607EFA9F8AD218D328D438D548D6B9659
:107EA0002CAF3DAF4EAF5FAF6B97258D368D478DB5
:107EB00050A16F962CAF3DAF4EAF5FAF6F9721A132
:107EC00032A143A154A1A3962CAF3DAF4EAF5FAFFB
:107ED000A3972F962CAD3DAD4EAD5FAD2F9782177A
:107EE0009307A407B50708F438C681149104A104C8
:107EF000B104D1F0609113077091140780911507B8
:107F0000909116076C157D058E059F0568F40E94FB
:107F100089F3A50194010E9498F32C153D054E05A7
:107F20005F0510F469017A016B968CAD9DADAEAD25
:107F3000BFAD6B97892B8A2B8B2B21F16091170793
:107F4000709118078091190790911A076C157D059B
:107F50008E059F05B8F42F962CAD3DAD4EAD5FADAF
:107F60002F970E9489F36B962CAD3DAD4EAD5FAD62
:107F70006B970E9498F32C153D054E055F0510F494
:107F800069017A016F962CAD3DAD4EAD5FAD6F9737
:107F9000232B242B252B21F160911B0770911C07AB
:107FA00080911D0790911E076C157D058E059F051C
:107FB000B8F42F962CAD3DAD4EAD5FAD2F970E941E
:107FC00089F36F962CAD3DAD4EAD5FAD6F970E94BE
:107FD00098F32C153D054E055F0510F469017A01F3
:107FE000A3968CAD9DADAEADBFADA397892B8A2B6B
:107FF0008B2B21F160911F07709120078091210741
:10800000909122076C157D058E059F05B8F42F967B
:108010002CAD3DAD4EAD5FAD2F970E9489F3A39679
:108020002CAD3DAD4EAD5FADA3970E9498F32C15DE
:108030003D054E055F0510F469017A018BE4829DD0
:108040008001839D100D1124025C184FF801EE5B36
:10805000FF4FC082D182E282F382C701B6010E9443
:108060006EED6B017C01A7962CAD3DAD4EAD5FADC5
:10807000A7970E94FFF4D80151966D937D938D933D
:108080009C9354972DEB37E346E051E4C701B601CA
:108090000E94CFED0E946CF5F80161AB72AB83AB2F
:1080A00094AB2BAD3CAD4DAD5EAD298B3A8B4B8B7C
:1080B0005C8B2B968CAD9DADAEADBFAD2B978D8BF4
:1080C0009E8BAF8BB88F23962CAD3DAD4EAD5FAD83
:1080D0002397298F3A8F4B8F5C8F8BA99CA9ADA9D1
:1080E000BEA98D8F9E8FAF8FB8A363962CAD3DAD8B
:1080F0004EAD5FAD6397232B242B252B09F437C698
:108100008E010F5E1F4F3E0131E2630E711CC12CC8
:10811000D12C7601D8018D909D90AD90BD908D01B0
:1081200020E030E0A901C501B4010E946AED882376
:1081300071F0A5019401C501B4010E94CFED9B012E
:10814000AC01C701B6010E9488F46B017C01601686
:10815000710601F7C701B6010E9424F69B01AC012C
:1081600060E070E080E89FE30E94FFF46B017C0117
:10817000AC019B016BAD7CAD8DAD9EAD0E94CFED92
:10818000698B7A8B8B8B9C8BA70196012B966CADA0
:108190007DAD8EAD9FAD2B970E94CFED6D8B7E8B0D
:1081A0008F8B988FA701960123966CAD7DAD8EAD18
:1081B0009FAD23970E94CFED698F7A8F8B8F9C8F15
:1081C000A70196016BA97CA98DA99EA90E94CFED5C
:1081D0006D8F7E8F8F8F98A3AC96BFADAC97BB236E
:1081E00009F403C62091F3133091F4134091F51371
:1081F0005091F6132BAB3CAB4DAB5EAB2DEB37E3A5
:1082000046E855E36BA97CA98DA99EA90E946AED59
:1082100087FDEBC58090791190907A11A0907B1129
:10822000B0907C11C988DA88EB88FC8880917D1138
:1082300090917E11A0917F11B09180118BAF9CAF76
:10824000ADAFBEAF2D893E894F89588D2B962CAF8F
:108250003DAF4EAF5FAF2B9780918111909182110E
:10826000A0918311B091841123968CAF9DAFAEAFD6
:10827000BFAF2397298D3A8D4B8D5C8D27962CAF00
:108280003DAF4EAF5FAF27978091851190918611DA
:10829000A0918711B09188112F968CAF9DAFAEAF92
:1082A000BFAF2F972D8D3E8D4F8D58A167962CAF68
:1082B0003DAF4EAF5FAF6797C501B4019058A701BE
:1082C00096010E94CFED2B013C016BAD7CAD8DADD5
:1082D0009EAD90582B962CAD3DAD4EAD5FAD2B971E
:1082E0000E94CFED9B01AC01C301B2010E9488F452
:1082F0002B013C0123966CAD7DAD8EAD9FAD2397D8
:10830000905827962CAD3DAD4EAD5FAD27970E949E
:10831000CFED9B01AC01C301B2010E9488F42B0197
:108320003C012F966CAD7DAD8EAD9FAD2F979058D3
:1083300067962CAD3DAD4EAD5FAD67970E94CFED1A
:108340009B01AC01C301B2010E9488F463966CAF3B
:108350007DAF8EAF9FAF63972FEE3FEF4FE75FE3A9
:108360000E94EBF53BE0432E37ED532E33E2632EB4
:108370003BE3732E18160CF452C22FEE3FEF4FE77B
:108380005FEB63966CAD7DAD8EAD9FAD63970E9444
:108390006AED87FF0AC08FEE9FEFAFE7BFEB6396F2
:1083A0008CAF9DAFAEAFBFAF6397A5019401C7017E
:1083B000B6010E9487F42B013C0149825A826B82EC
:1083C0007C822BAD3CAD4DAD5EAD2B966CAD7DADE5
:1083D0008EAD9FAD2B970E9487F46BAF7CAF8DAFB6
:1083E0009EAF6D837E838F83988723962CAD3DADA2
:1083F0004EAD5FAD239727966CAD7DAD8EAD9FAD35
:1084000027970E9487F427966CAF7DAF8EAF9FAF02
:10841000279769877A878B879C872F962CAD3DADF0
:108420004EAD5FAD2F9767966CAD7DAD8EAD9FADB8
:1084300067970E9487F42F966CAF7DAF8EAF9FAF8A
:108440002F976D877E878F87988BDE0111962196F7
:10845000BFAFAEAF21978E010F5E1F4F2996BFAF02
:10846000AEAF2997C12CD12C76012996EEADFFAD88
:10847000299781909190A190B1902996FFAFEEAF8E
:10848000299720E030E0A901C501B4010E946AEDFE
:10849000882371F0A5019401C501B4010E94CFEDBC
:1084A0009B01AC01C701B6010E9488F46B017C01FD
:1084B00029962EAD3FAD299702171307B1F6C701D4
:1084C000B6010E9424F69B01AC0160E070E080E8F8
:1084D0009FE30E94FFF46B017C01AC019B01C3018F
:1084E000B2010E94CFED69837A838B839C83A701BD
:1084F00096016BAD7CAD8DAD9EAD0E94CFED6D83D1
:108500007E838F839887A701960127966CAD7DADFA
:108510008EAD9FAD27970E94CFED69877A878B87B5
:108520009C87A70196012F966CAD7DAD8EAD9FAD5A
:108530002F970E94CFED6D877E878F87988BAFA98D
:10854000B8AD51968D919D910D90BC91A02D8BAFA2
:108550009CAFADAFBEAF0FEE1BE02196EEADFFAD11
:108560002197C190D190E190F1902196FFAFEEAFAD
:10857000219720E030E0A901C701B6010E946AED11
:10858000882309F440C020E030E0A901C701B6010A
:108590000E94EBF52601370187FF04C077FA70943B
:1085A00077F87094D8016D917D918D919C910E9486
:1085B0006EED4B015C012BAD3CAD4DAD5EADC3012D
:1085C000B2010E94CFEDA50194010E94EBF51816AF
:1085D000D4F4A7019601C501B4010E94FFF46BAF6A
:1085E0007CAF8DAF9EAF20E030E0A9010E94EBF59B
:1085F00087FF09C02BAD3CAD4DAD5EAD50582BAFE4
:108600003CAF4DAF5EAF0C5F1F4F29964EAD5FADD7
:10861000299721968EAD9FAD21974817590709F0EC
:108620009CCF63962CAD3DAD4EAD5FAD639760E0E2
:1086300070E080E89FE30E9487F420E030E040E0B3
:108640005FE30E94CFED0E9424F66B017C01209134
:108650000F073091100740911107509112076BAD31
:108660007CAD8DAD9EAD0E94CFEDA70196010E941D
:10867000CFED4B015C01A701960160E070E080E85E
:108680009FE30E9487F49B01AC01C501B4010E94E5
:10869000FFF42B013C018BE4829DF001839DF00DE2
:1086A0001124E25CF84F25853685478550892B9645
:1086B0002CAF3DAF4EAF5FAF2B9720E030E040E8EE
:1086C0005FE32B966CAD7DAD8EAD9FAD2B970E9479
:1086D0006AED87FFA4C023EF34E045E35FEB6396C8
:1086E0006CAD7DAD8EAD9FAD63970E946AED87FF47
:1086F00096C020E030E0A90163966CAD7DAD8EADF3
:108700009FAD63970E946AEDC12CD12C60E8E62EE4
:108710006FEBF62E87FD06C0C12CD12C50E8E52E5C
:108720005FE3F52EA701960163966CAD7DAD8EAD2E
:108730009FAD63970E94CFED4B015C0129E539EDB8
:1087400040E053E30E946AED87FD4CC3A50194010C
:1087500060E070E080E89FE30E9487F420E030E072
:1087600040E057E40E94CFED0E946CF5CB010E94DF
:108770003EF40197880F991F880F991FFC01E4515F
:10878000F34D2591359145915491FC01E455F34DFC
:1087900085919591A591B49163968CAF9DAFAEAF45
:1087A000BFAF6397C501B4010E94CFED63962CADB6
:1087B0003DAD4EAD5FAD63970E9488F44B015C0107
:1087C00020E030E0A901C701B6010E94EBF51816C0
:1087D00054F4A50194016BED7FE089E490E40E94DC
:1087E00087F44B015C012BAD3CAD4DAD5EAD2B96DE
:1087F0006CAD7DAD8EAD9FAD2B970E94CFEDA501E9
:1088000094010E94FFF46B017C01AC019B01C30148
:10881000B2010E94EBF5181614F4260137018BE41F
:10882000829DF001839DF00D1124E25CF84FC18020
:10883000D280E380F480A70196016BA97CA98DA961
:108840009EA90E94EBF5181624F4CBAADCAAEDAA87
:10885000FEAAA30192016BA97CA98DA99EA90E94E1
:10886000EBF5181624F44BAA5CAA6DAA7EAA80E147
:10887000FE017196A9E7B1E101900D928A95E1F7A9
:108880008BE4829D8001839D100D1124025C184FA2
:108890002BA93CA94DA95EA9D80119962D933D930A
:1088A0004D935C931C9751966D917D918D919C9108
:1088B000549790589B01AC010E9488F4EFA9F8AD41
:1088C00025853685478550890E94CFED9B01AC01F7
:1088D0006BE077ED83E29BE30E9487F42BE0C22EEE
:1088E00027EDD22E23E2E22E2BE3F22ED8011596AD
:1088F000CD92DD92ED92FC921897FC9011968D909E
:108900009D90AD90BC901497A50194010E94EBF549
:1089100087FD70C283E0F82A8BE4829DF001839D7D
:10892000F00D1124E25CF84FF0828092F3139092E4
:10893000F413A092F513B092F613E0962CAD3DAD72
:108940004EAD5FADE097209302103093031040933B
:10895000041050930510E4968CAD9DADAEADBFAD47
:10896000E4978093061090930710A0930810B0939B
:108970000910E8962CAD3DAD4EAD5FADE897209364
:108980000A1030930B1040930C1050930D10AB96BF
:108990008CAD9DADAEADBFADAB9780930E109093F7
:1089A0000F10A0931010B0931110909100108091AF
:1089B0000110981303C084E68093FD0FE9968FADF4
:1089C000E9978F5F8F7080930010809100109091D5
:1089D000FF0F81508F70891709F4ABC230900010DF
:1089E0002090FF0F80910010281609F40DC23A94D0
:1089F000932D9F70392E10E000E0321409F404C268
:108A0000A32CB12CABE4AA9DF001AB9DF00D112479
:108A1000E25CF84F8081480183FD86C04F01C1842C
:108A2000D284E384F4844580568067807084A301F7
:108A30009201C701B6010E946AED811108C00115BB
:108A4000110509F471C0D8018C9180FF6DC0BBE4A1
:108A5000BA9DF001BB9DF00D1124E25CF84F8081BE
:108A600081FD44C02BE037ED43E25BE301151105C6
:108A700039F0D80115962D913D914D915C91189743
:108A80002FAB38AF49AF5AAF3BE43A9DF0013B9D65
:108A9000F00D1124E25CF84F618972898389948911
:108AA00090589B01AC010E9488F4D4011D962D9131
:108AB0003D914D915C9150970E94CFED9B01AC018F
:108AC0006FA978AD89AD9AAD0E9487F46FAB78AF8E
:108AD00089AF9AAF9B01AC01C701B6010E946AED54
:108AE00087FD04C0CFA8D8ACE9ACFAACA7019601C9
:108AF000C301B2010E946AED8823B1F0BBE4BA9DC4
:108B00008001BB9D100D1124025C184FF80180817B
:108B100081608083C4010E946982882309F46EC148
:108B2000D8018C918E7F8C933A94F32DFF703F2E59
:108B3000822D2090FF0F281609F45EC1381609F423
:108B400063C18F5F8F70F5CF20912B0C30912C0C6F
:108B500040912D0C50912E0C86C981149104A104D2
:108B6000B104B9F160911307709114078091150752
:108B7000909116076C157D058E059F0550F50E9496
:108B80006EED67962CAD3DAD4EAD5FAD67970E9423
:108B9000CFED2B013C01C501B4010E946EED9B019C
:108BA000AC01C301B2010E94FFF44B015C01C7019B
:108BB000B6010E946EED9B01AC01C501B4010E949B
:108BC0006AED87FF06C0C501B4010E946CF56B0118
:108BD0007C016B962CAD3DAD4EAD5FAD6B97232BFD
:108BE000242B252BD9F160911707709118078091DC
:108BF000190790911A076C157D058E059F0570F574
:108C00000E946EED67962CAD3DAD4EAD5FAD6797A2
:108C10000E94CFED4B015C016B966CAD7DAD8EADCE
:108C20009FAD6B970E946EED9B01AC01C501B40135
:108C30000E94FFF44B015C01C701B6010E946EED7A
:108C40009B01AC01C501B4010E946AED87FF06C01B
:108C5000C501B4010E946CF56B017C016F968CAD6F
:108C60009DADAEADBFAD6F97892B8A2B8B2BD9F104
:108C700060911B0770911C0780911D0790911E0742
:108C80006C157D058E059F0570F50E946EED67964B
:108C90002CAD3DAD4EAD5FAD67970E94CFED4B0162
:108CA0005C016F966CAD7DAD8EAD9FAD6F970E94F0
:108CB0006EED9B01AC01C501B4010E94FFF44B01B4
:108CC0005C01C701B6010E946EED9B01AC01C501BC
:108CD000B4010E946AED87FF06C0C501B4010E947D
:108CE0006CF56B017C01A3962CAD3DAD4EAD5FAD37
:108CF000A397232B242B252B09F4A0C960911F07D0
:108D00007091200780912107909122076C157D05B5
:108D10008E059F0508F092C90E946EED67962CADF6
:108D20003DAD4EAD5FAD67970E94CFED4B015C014D
:108D3000A3966CAD7DAD8EAD9FADA3970E946EEDF9
:108D40009B01AC01C501B4010E94FFF44B015C0121
:108D5000C701B6010E946EED9B01AC01C501B401D3
:108D60000E946AED87FF6AC9C501B40103C827964E
:108D70002CAD3DAD4EAD5FAD27976BAD7CAD8DADF0
:108D80009EAD0E94CFED698B7A8B8B8B9C8B279647
:108D90002CAD3DAD4EAD5FAD27972B966CAD7DAD47
:108DA0008EAD9FAD2B970E94CFED6D8B7E8B8F8B01
:108DB000988F27962CAD3DAD4EAD5FAD279723968E
:108DC0006CAD7DAD8EAD9FAD23970E94CFED698FC9
:108DD0007A8F8B8F9C8F27962CAD3DAD4EAD5FADBE
:108DE0002797F0C990E080E0C5CC1BAA1CAA1DAA59
:108DF0001EAA3DCD81E08FCD8401FFCDF801C58253
:108E0000D682E782F08690CE1091FF0FD12CC12C34
:108E10000BE480910010811709F48BC0812E912CF6
:108E2000089DC001099D900D11249C01225C384FC2
:108E30001901D9018C91560183FD6FC05901C114EC
:108E4000D10409F46AC0C6010E946982811165C01B
:108E5000D6018C9181FD4CC0D10115964D905D904D
:108E60006D907C901897D60115962D913D914D915E
:108E70005C9118972FAB38AF49AF5AAFA30192015D
:108E80006FA978AD89AD9AAD0E946AED87FF30C0B9
:108E9000F601618972898389948990589B01AC019C
:108EA0000E9488F4D6011D962D913D914D915C91C3
:108EB00050970E94CFED9B01AC016FA978AD89ADB1
:108EC0009AAD0E9487F46B017C01A30192010E947C
:108ED0006AED87FF0DC0F101808181608083C5014B
:108EE0000E9469828823E9F0D1018C918E7F8C9356
:108EF000089DF001099DF00D1124E25CF84F2185D9
:108F000032854385548565817681878190850E946D
:108F10006AED811102C01093FF0F1F5F1F70650182
:108F200078CFF101C582D682E782F0861093FF0FD9
:108F3000DFCFF0910110FFAB209100102BAB2BE4A1
:108F40003FA94BA9341709F47DC0842F81508F703D
:108F5000289FF0011124E25CF84F908193FD70C0CE
:108F6000C12CD12C7601312C212C10E000E08FA9EE
:108F70009BA9891709F469C0ABE48A9FC001112439
:108F8000FC01E25CF84F1F0180814601570183FD1F
:108F900050C065817681878190850E9424F64B01BF
:108FA0005C010115110509F443C0D8018C9180FDC5
:108FB00004C0F101808180FF3BC0D8018C918160A9
:108FC0008C93C8010E94698281112EC0F8016181D1
:108FD0007281838194810E9424F69B01AC0160E040
:108FE00070E080E89FE30E94FFF42B013C01AC019C
:108FF0009B01C501B4010E94CFED69837A838B8305
:109000009C83A7019601C301B2010E94CFED698B39
:109010007A8B8B8B9C8BAE014F5F5F4FBE016F5E77
:109020007F4FC8010E940A88D8018C918E7F8C9353
:1090300081018FA98F5F8F708FAB7501640197CF0E
:109040008BAB7ECF5FA95BAB8BCF21143104E9F1F1
:10905000F101808181608083C8010E946982811151
:1090600030C0D10111966D917D918D919C91149795
:109070000E9424F69B01AC0160E070E080E89FE371
:109080000E94FFF44B015C012DEC3CEC4CE45DE3F1
:109090000E94CFED69837A838B839C83A501940121
:1090A000C701B6010E94CFED698B7A8B8B8B9C8BAD
:1090B000AE014F5F5F4FBE016F5E7F4FC1010E94E7
:1090C0000A88F10180818E7F80830E94C88981E0B7
:1090D000C858DF4FE2E10C946CF480E0F9CFC09007
:1090E000330CD090340CE090350CF090360C0C948E
:1090F000ABBCA9E1B0E0EFE7F8EC0C9450F44C0104
:109100002A013B013F8B2E8B198F088F198A1A8AEF
:109110001D861E861F86188ADB01CA0137E0B695B8
:10912000A795979587953A95D1F79A878987842F40
:109130008F778B8B80588B878C879FEF49165104D4
:1091400061047104C1F1B8F10091600F1091610FD9
:10915000E0915E0FF0915F0FFD8BEC8B0115110517
:1091600051F1AA24A394B12C7501E00EF11EF694DE
:10917000E7946701F1E0CF1AD108160193E0220CC1
:10918000331C9A95E1F76C897D89620D731D48E067
:1091900050E0CE0101960E9493EC29813A818985A5
:1091A0009A8528173907A8F457018FEFA81AB80A2B
:1091B0000A151B05C8F6498AB401AE014F5E5F4F20
:1091C0008E899F89E88DF98D09956996E2E10C9465
:1091D0006CF48217930700F19C818B85981720F31C
:1091E0009B818C858917C0F060915E0F70915F0F35
:1091F000620D731D48E050E0CE0109960E9493EC89
:109200006F85788961157105B1F286169706A9F206
:109210008B898068898BD1CF8601CACFA4E0B0E06A
:10922000E4E1F9EC0C9454F46C017B013A0159012E
:10923000480119821A821B821C82AE014F5F5F4F68
:10924000B301C7010E949B217C0149815A816B8136
:109250007C81411551056105710529F08401950155
:10926000C60147DFE6CF2496EEE00C9470F48F92AF
:109270009F92AF92BF92FF920F931F93CF93DF9372
:10928000CDB7DEB7A0970FB6F894DEBF0FBECDBF47
:109290006115710581059105A1F120E03AE0832E69
:1092A000912CA12CB12CFF24F394F20E01E010E0DC
:1092B0000C0F1D1F020F111D27FD1A95A50194010A
:1092C0000E9498F3F8016083CA01B9012F2D61153E
:1092D00071058105910539F7FA94FFEFFF16A1F0AA
:1092E000E1E0F0E0EC0FFD1FEF0DF11DF7FCFA954A
:1092F000908187E39A3008F480E3890F0E94C2448A
:10930000EBCF80E30E94C244A0960FB6F894DEBF74
:109310000FBECDBFDF91CF911F910F91FF90BF90F6
:10932000AF909F908F900895CF92DF92EF92FF922F
:109330006B017C01F7FE0BC0F094E094D094C094D4
:10934000C11CD11CE11CF11C8DE20E94C244C7016A
:10935000B6018DDFFF90EF90DF90CF900895B0E0E1
:10936000A0E0E5EBF9EC0C9456F4B0E4A0E06A2F31
:1093700070E0AB014B0F511D55954795411111C040
:10938000E5E4F9E265917491072E000C880B990BC6
:109390000E9470EDCDB7DEB7ECE00C9472F4B42F00
:1093A000E8CF4A1711F0B41303C0E1E4FAE2EACFC0
:1093B0009A0121503109220F331F220F331FF90167
:1093C000ED5BF64DE590F490F901E95BF64DC59142
:1093D000D4918E159F051CF3A42FC817D9070CF440
:1093E000C6CFF901EB5BF64D05911491F901E75BEE
:1093F000F64DC590D490BC016E197F09072E000C64
:10940000880B990B0E9470ED4B015C01B601601B4B
:10941000710B072E000C880B990B0E9470ED9B01BD
:10942000AC01C501B4010E94CFED4B015C01BE014E
:109430006E197F09072E000C880B990B0E9470EDA6
:109440009B01AC01C501B4010E94FFF46B017C01DA
:10945000B801012E000C880B990B0E9470ED9B0146
:10946000AC01C701B6010E9488F494CFA1E0B0E03E
:10947000ECE3FAEC0C945BF48C01D42E7C01E60E48
:10948000F71E80915C0F90915D0F0E9473F38983AA
:10949000DD2011F0F8018083CE0101960E9448B5CD
:1094A00080915C0F90915D0F019690935D0F80937A
:1094B0005C0F0F5F1F4F0E151F0519F780E02196F7
:1094C000E7E00C9477F490E0FC01EA53F24D24912C
:1094D0008A55924DFC018491882399F090E0880F81
:1094E000991FFC01E456F24DA591B491FC01EE5692
:1094F000F24D859194918FB7F894EC91E22BEC9317
:109500008FBF0895B0E0A0E0E8E8FAEC0C9452F4C4
:10951000C0E4DFE04C845D846E847F8400E51FE05E
:10952000F80124813581468157816C817D818E814E
:109530009F810E9488F44B015C01F80120853185F0
:1095400042855385688579858A859B850E9488F444
:109550006B017C01F8012081318142815381688156
:1095600079818A819B810E9488F4AB01BC018FE8DC
:109570009DE20E94FC44B501A4018BE89DE20E949B
:10958000FC44B701A60187E89DE20E94FC44B301B8
:10959000A20183E89DE20E94FC44CDB7DEB7E0E182
:1095A0000C946EF4CF93DF9320913F0F21111CC0D8
:1095B000FC0101900020E9F73197EF01C81BD90B9E
:1095C000C535D1052CF02291207C2038E1F3F5CF70
:1095D000BC01DD27AE018AEE9EE00E94C6F6C651B0
:1095E000D14F18821092E90EDF91CF91089590919A
:1095F000220D21E6929FF0011124ED57F24F808356
:109600009F5F943040F49093220D8091200D8F5FE6
:109610008093200D08951092220DF7CFCF92DF9204
:10962000EF92FF92E7E3FCE080818183C090B90C68
:10963000D090BA0CE090BB0CF090BC0C8FEFC81A25
:10964000D80AE80AF80A8AE69DE20E94C944C701DE
:10965000B6010E942F368AE00E94C24486E69DE24F
:109660000E94C944FF90EF90DF90CF900895CF9271
:10967000DF92EF92FF920F931F93CF938C01C62F2F
:109680000E94F749C090B90CD090BA0CE090BB0C86
:10969000F090BC0CC8010E94C944C701B6010E94E9
:1096A0002F368AE00E94C2440E94DE4B0196E1F709
:1096B0008C2FB4DF1092BE0C1092BD0CCF911F9175
:1096C0000F91FF90EF90DF90CF900895A4E1B0E06C
:1096D000ECE6FBEC0C945EF4FC018B01298B3A8BDD
:1096E0004B8B5C8B90E1DE01119601900D929A9567
:1096F000E1F7CE0101960E94D48780913C079091BA
:109700003D07892B61F4AE014F5E5F4FB801CE017A
:1097100001960E9479B96496E4E00C947AF480E0B2
:10972000FACFA0E1B0E0E7E9FBEC0C9460F480E153
:10973000E0E4FFE0DE01119601900D928A95E1F7D9
:10974000CE0101960E94D487CE0101960E94969286
:109750006096E2E00C947CF4CF93C82F41E00E9425
:10976000FD49C11102C00E94FA49CF910895CF93DB
:10977000DF936DE97CE2F0DFCFEEDBE04C895D89C1
:109780006E897F8985E99CE20E94FC44488D598D51
:109790006A8D7B8D82E99CE20E94FC444C8D5D8D3C
:1097A0006E8D7F8D8FE89CE20E94FC4448A159A1F8
:1097B0006AA17BA18CE89CE20E94FC448AE00E94A2
:1097C000C244DF91CF910895E4E6FFE081E0808319
:1097D000138280916B118D7F8E7F80936B1110921D
:1097E0006711109268111092691110926A11089510
:1097F0008F929F92AF92BF92CF92DF92EF92FF92A1
:10980000CF93DF9300D000D0CDB7DEB7FC01C0808E
:10981000D180E280F3808090480F9090490FA09013
:109820004A0FB0904B0FA5019401C701B6010E94E9
:109830006AED87FF02C07501640120E030E04AE76D
:1098400053E4C701B6010E946AED87FD06C0C12C32
:10985000D12C8AE7E82E83E4F82EC982DA82EB82E3
:10986000FC8261E272E0CE0101960E9428990F907D
:109870000F900F900F90DF91CF91FF90EF90DF90BE
:10988000CF90BF90AF909F908F900895CF93C0914D
:109890000B07C230E9F00E949842811119C08091F3
:1098A0006B1182FF0EC087FD0CC08091A70E811145
:1098B00005C08EEF96E076DECF91089587EA9EE0B0
:1098C000FACF8EE49CE2C13029F48DE59CE202C01F
:1098D00089E69CE26FEF0E942220EECF4F925F92CA
:1098E0006F927F928F929F92AF92BF92CF92DF92B0
:1098F000EF92FF92CF93DF93CDB7DEB728970FB6E5
:10990000F894DEBF0FBECDBF5C01DB01CD90DD90D2
:10991000ED90FC90E091FB0FF091FC0FFE83ED8346
:1099200084819581A681B78189839A83AB83BC8327
:109930009C01AD01C701B6010E9487F42B013C01D7
:10994000F50180809180A280B380AD81BE818D9130
:109950009D910D90BC91A02D8D839E83AF83B88780
:1099600027E137EB41ED58EBC301B2010E94EBF563
:1099700087FDD1C027E030E04BE653E4C301B201DC
:109980000E946AED18160CF4C6C02D813E814F81ED
:109990005885C501B4010E9487F42B013C0127E1E1
:1099A00037EB41ED58EB0E94EBF587FDB4C027E0A3
:1099B00030E04BE653E4C301B2010E946AED181691
:1099C0000CF4A9C020E030E0A9016D817E818F8177
:1099D00098850E9488F42B013C0120E030E040E2B1
:1099E00051E40E946AED87FF06C0412C512C30E201
:1099F000632E31E4732E27E137EB41ED58E3C301C9
:109A0000B2010E9487F49B01AC01C501B4010E9420
:109A1000EBF587FD80C020E030E04BE653E46D813C
:109A20007E818F8198850E9488F42B013C0120E083
:109A300030E041E653E40E94EBF5181634F4412C73
:109A4000512C21E6622E23E4722E27E137EB41ED03
:109A500058E3C301B2010E9488F49B01AC01C50127
:109A6000B4010E946AED18160CF455C020E030E0F5
:109A7000A90169817A818B819C810E9488F44B01C4
:109A80005C0120E030E040E251E40E946AED87FF93
:109A900006C0812C912C90E2A92E91E4B92E27E1E9
:109AA00037EB41ED58E3C501B4010E9487F49B01F7
:109AB000AC01C701B6010E94EBF587FD2CC020E088
:109AC00030E04BE653E469817A818B819C810E946E
:109AD00088F44B015C0120E030E041E653E40E9451
:109AE000EBF5181634F4812C912C81E6A82E83E432
:109AF000B82E27E137EB41ED58E3C501B4010E94D0
:109B000088F49B01AC01B1E0B983C701B6010E94A2
:109B10006AED18160CF41982898128960FB6F8940C
:109B2000DEBF0FBECDBFDF91CF91FF90EF90DF90F2
:109B3000CF90BF90AF909F908F907F906F905F90ED
:109B40004F900895ACE1B0E0E8EAFDEC0C9450F4DD
:109B50001C017B8F6A8F498F2C8FFC0140805180C4
:109B60006280738049825A826B827C82FB01C08052
:109B7000D180E280F380CD82DE82EF82F886809011
:109B8000480F9090490FA0904A0FB0904B0F8986D4
:109B90009A86AB86BC86BE016B5F7F4FCE01019675
:109BA0009DDE882309F46DC10091FB0F1091FC0F1D
:109BB000F8012081318142815381C301B2010E94A9
:109BC00087F42B013C0149825A826B827C82F80126
:109BD0002481358146815781C701B6010E9487F4EF
:109BE0009B01AC012D833E834F83588780916E018A
:109BF00090916F01A0917001B09171018D879E8746
:109C0000AF87B88BCE010D966C0185017401C3013D
:109C1000B2010E9498988091FD06811103C081E0F5
:109C20000E94A09BC090F70FD090F80FE090F90F22
:109C3000F090FA0F8091FC0682FF00C1A701960107
:109C400060E070E080E090EC0E9487F46D8B7E8B8A
:109C50008F8B988F20E030E0A901C701B6010E94E8
:109C60006AED87FFF0C0A701960160E070E080E731
:109C700091E40E9487F4698B7A8B8B8B9C8B20916B
:109C8000480F3091490F40914A0F50914B0F0E945D
:109C90006AED87FF24C00E94074B811120C06DE14F
:109CA00072E0CE0141960E944899811118C020E0CF
:109CB00030E040EA50E46091480F7091490F809184
:109CC0004A0F90914B0F0E9488F46D877E878F8793
:109CD000988B6DE172E0CE010D960E94289980E08C
:109CE00090E0A0E0B0E48D879E87AF87B88B0E949C
:109CF000074B182F811108C0BE01635F7F4FCE0153
:109D000045960E944899182F4090480F5090490F4F
:109D100060904A0F70904B0FC090F70FD090F80FE3
:109D2000E090F90FF090FA0FA701960160E070E063
:109D300080EA90E40E9487F49B01AC01C301B20168
:109D40000E94EBF518160CF0A3C060E070E080EC08
:109D50009FE7A70196010E9488F46B017C01AC018A
:109D60009B010E9462F6811156C0998D943009F4CE
:109D70006FC0933009F071C060E070E080EA90E459
:109D8000A30192010E9488F4698B7A8B8B8B9C8B48
:109D90006DE172E0CE0141960E942899EC8DE3308E
:109DA00008F446C02091500F3091510F4091520F4E
:109DB0005091530FF10160817181828193810E94E2
:109DC00088F4AB01BC0186E49CE20E94FC44209133
:109DD000540F3091550F4091560F5091570FEA8D07
:109DE000FB8D60817181828193810E9488F4AB0137
:109DF000BC0181E49CE20E94FC44B701A6018CE313
:109E00009CE20E943B45A7019601C701B6010E9452
:109E100062F6882369F00E94933760E08DE29CE24D
:109E20000E9422200E94F7498DE19CE20E94C944D1
:109E3000C701B6016C96E2E10C946CF460E070E04E
:109E400080E291EC03CF60E070E080E791E413CF13
:109E500060E070E088EC91E493CF898D815082308E
:109E600008F09CCF0E949337882309F497CFFC8D8C
:109E7000C12CD12C80ECE82E8FE7F82EF33058F26D
:109E800091CFC12CD12C90ECE92E9FE7F92ED0CFA9
:109E9000C301B201112309F45CCF57CF4F925F92F7
:109EA0006F927F928F929F92AF92BF92FF920F9389
:109EB0001F93CF93DF93CDB7DEB768970FB6F894B3
:109EC000DEBF0FBECDBFF82E4A015B01280139016C
:109ED00020E030E0A901C301B8010E946AED8111C0
:109EE00011C0FF2019F081E0F81288C060E070E036
:109EF00086E994E420E030E040E752E40E94FFF479
:109F00002B013C014D8A5E8A6F8A788E0F2D10E0FE
:109F1000F801E65EF34DE491772473941E160CF479
:109F2000712CFF24F39420E030E0A901C501B401B5
:109F30000E94EBF518160CF0F12C80E00E942F9394
:109F400069837A838B839C8381E00E942F936D8346
:109F50007E838F83988782E00E942F9369877A8718
:109F60008B879C8783E00E942F936D877E878F87E6
:109F7000988B000F111F000F111FE1E0F0E0EC0FB4
:109F8000FD1F0E0F1F1FF801108211821282138213
:109F9000CE0101960E949692F80180829182A2825F
:109FA000B382198A1A8A1B8A1C8A80913C07909175
:109FB0003D07892B51F4AE014F5E5F4FBE016B5ED2
:109FC0007F4FCE0101960E9479B90E94B2877F101F
:109FD0000E94519D68960FB6F894DEBF0FBECDBFAC
:109FE000DF91CF911F910F91FF90BF90AF909F9005
:109FF0008F907F906F905F904F90089560E070E039
:10A0000080E793E477CFB0E0A0E0E9E0F0ED0C94D6
:10A010005AF48B01C42F41FB662760F90E9442224B
:10A02000882309F44BC0F12CE12C0115110539F0FE
:10A03000C8010E947F2196E0899F70011124C0FF12
:10A0400019C080E890E08E199F096CE070E00E94D2
:10A0500022F46B01C0E8D0E081E0C81AD108D7FC37
:10A060000BC060E270E080E090E00E948A22C81B92
:10A07000D90BF2CFC0E8D0E0E114F10499F0CE01A1
:10A0800066E070E00E940EF44091FA065091FB06E3
:10A09000262F6091F906C8010E94E52796E0899F66
:10A0A000E0011124C730D10548F060E270E080E0A3
:10A0B00090E00E948A22C81BD90BF4CFCDB7DEB73F
:10A0C000E8E00C9476F40F931F93CF93982F862F8C
:10A0D0008A01C22F692F0E944222882371F1409188
:10A0E000FA065091FB0624E16091F906C8010E942E
:10A0F000E52796E0899F800111240730110548F07B
:10A1000060E270E080E090E00E948A22081B190B58
:10A11000F4CF8091F8069AE790934F1080935010F7
:10A120006C2FCC0F770B880B990B0E948A2260E270
:10A1300070E080E090E00E948A22CF911F910F9101
:10A140000895EF92FF920F931F93CF93DF93082F01
:10A15000162FD42F682F812F0E944222882309F4C2
:10A1600051C0C5E1CD1BDD2331F062E070E080E03D
:10A1700090E00E948A22EC2EF12C86E0C89FE0013C
:10A1800011248091A70E81112DC08EEF96E0BE01A3
:10A190000E94A828C81BD90BC730D10598F160E2EE
:10A1A00070E080E090E00E948A22F4CF80917811E4
:10A1B000181791F01093781187EA9EE00E948D2184
:10A1C00090E08E199F0997FD80E08093F70610922A
:10A1D000F60688E080936D018091F60690E089553F
:10A1E000914FD5CF87EA9EE0002389F28DE0815020
:10A1F000E8F2110F111DE82FF0E0E250F94F9081C5
:10A200001927F5CFCDB7DEB7E6E00C9478F4EF92DE
:10A21000FF920F931F93CF93DF93FB01D081DD2338
:10A2200031F17B018C016D2F0E94B9B5F801C18914
:10A23000C195FFEFEF1AFF0AF70181917F01F80145
:10A24000882341F09089C90FD82F682FC8010E9438
:10A25000B9B5F2CFD03249F083899189890F8C0F3B
:10A26000CDB7DEB7E6E00C9478F48089F8CF80E0D3
:10A27000F7CF81E08093F5061092F1061092F20676
:10A280001092F3061092F4060895A6E0B0E0EBE415
:10A29000F1ED0C9450F41C017A8369832B833C8389
:10A2A0004D835E832701380181E08093F0060E9490
:10A2B000CC1F83E080936C013092EF062092EE0673
:10A2C00089819A819093ED068093EC068B819C8125
:10A2D000AD81BE818093E8069093E906A093EA06DB
:10A2E000B093EB064092E4065092E5066092E606D3
:10A2F0007092E706F12CE12CC092E006D092E106C4
:10A30000E092E206F092E306B0921310A0921210CF
:10A310009092DF068092DE061092DD062696E2E13C
:10A320000C946CF41092F5068091E0069091E10691
:10A33000A091E206B091E306B7FF08C01092E006D4
:10A340001092E1061092E2061092E3068091DC067C
:10A35000882331F08091E0068093DB061092F006AE
:10A360008091DA061816D4F4082E000C990B019788
:10A370002091DB06022E000C330B2817390774F0EE
:10A380008093DB06092E000CAA0BBB0B8093E00622
:10A390009093E106A093E206B093E3068091DB067A
:10A3A0009091D906891714F48093D9062091D90683
:10A3B000022E000C330B2C5F3F4F482F082E000C51
:10A3C000550B241735071CF484508093D906089543
:10A3D000A6E0B0E0EEEEF1ED0C9450F41C017E83AB
:10A3E0006D8329013A014701580120E030E040E047
:10A3F0005FECC301B2010E94EBF518162CF0412C62
:10A40000512C612C2FEC722EC301B2010E9467F512
:10A410002B013C0120E030E040E05FE4C501B401E5
:10A420000E946AED87FD05C0812C912CA12C9FE430
:10A43000B92EC301B2010E9470ED9B01AC01ED8108
:10A44000FE8160817181828193810E9487F40E94E4
:10A450006CF569837A838B839C83C501B4010E9468
:10A4600067F57B018C01E418F50806091709912CA2
:10A47000812C84E0A82E8AE2B82EC980DA80A3015C
:10A4800092016D817E81C10100DF2696E2E10C948C
:10A490006CF4B0E0A0E0EFE4F2ED0C9450F41C0199
:10A4A000EB01CA01B9010E946EED2AE037ED43E2EB
:10A4B0005DE30E94CFED2B013C0120E030E040E065
:10A4C0005FEC0E94EBF518162CF0412C512C612CFE
:10A4D0003FEC732EC301B2010E9467F52B013C01D2
:10A4E000688179818A819B810E946EED2AE037ED37
:10A4F00043E25DE30E94CFED6B017C01C301B20139
:10A500000E9470ED9B01AC01C701B6010E9487F467
:10A510000E946CF56B0188E79FE0A0E0B0E0841931
:10A520009509A609B70948012AEFA22E29E2B22E01
:10A530007C018D01A3019201BE01C101A6DECDB750
:10A54000DEB7E2E10C946CF4B0E0A0E0EAEAF2EDF0
:10A550000C9454F43C01EB014A0120E030E040E26D
:10A5600051E4688179818A819B810E94CFED20E04E
:10A5700030E048E452E40E9487F40E946CF580EFDA
:10A58000A82E89E2B82E6B0114E6E12E16E8F12E12
:10A5900001E010E022E330E040E050E0BE01C30102
:10A5A00074DECDB7DEB7EEE00C9470F4A8E0B0E056
:10A5B000ECEDF2ED0C9450F41C0178876F83790177
:10A5C0001A830983BA01550F880B990B0E9470ED0D
:10A5D0004B015C0120E030E040E05FEC0E94EBF5D5
:10A5E00018162CF0812C912CA12C2FECB22EC50129
:10A5F000B4010E9467F52B013C01B701FF0C880BE9
:10A60000990B0E9470ED4B015C0120E030E040E0CE
:10A610005FE40E946AED87FD05C0812C912CA12C7E
:10A620009FE4B92EEF81F88560817181072E000CBF
:10A63000880B990B0E9470ED6B017C01C301B20184
:10A640000E9470ED9B01AC01C701B6010E9487F426
:10A650000E946CF56B837C838D839E83C501B4015E
:10A660000E9467F57B018C01E418F50806091709BB
:10A6700089809A808EE0A82E8AE2B82ECB80DC807A
:10A68000A30192016F817885C101FFDD2896E2E187
:10A690000C946CF4B0E0A0E0E0E5F3ED0C9456F41B
:10A6A000EC014B016091D50670E090E080E00E94E3
:10A6B0006EED29EC38EC48EC5EE30E94CFED20E033
:10A6C00030E040E05FE30E9488F40E946CF58DEA80
:10A6D000A82E8AE7B82E6B0114E6E12EF12C00E0DB
:10A6E00010E020E030E0A90165ED76E0CE01CDDD9F
:10A6F000CDB7DEB7ECE00C9472F490E0FC01ED56BF
:10A70000F44D2491FC01EA53F24D34918A55924D57
:10A71000FC018491882359F12223C1F021502A3071
:10A72000A8F4E22FF0E0E956FC420C9435F4BCD3D7
:10A73000C0D3A1D3B8D3A6D3A6D3C3D3C9D3CDD3C3
:10A74000D3D3909180009F7790938000E82FF0E022
:10A75000EE0FFF1FEE56F24DA591B4918FB7F8940E
:10A76000EC91611124C030953E233C938FBF089536
:10A77000909180009F7DE8CF94B59F7794BDE6CF00
:10A7800094B59F7DFBCF9091B0009F779093B000E0
:10A79000DDCF9091B0009F7DF9CF909190009F7791
:10A7A00090939000D3CF909190009F7DF9CF3E2B56
:10A7B000DCCF8F929F92AF92BF92CF92DF92EF92B7
:10A7C000FF926B017C010E9464B54B015C01C114D6
:10A7D000D104E104F104B9F00E9464B56819790963
:10A7E0008A099B09683E73408105910580F321E049
:10A7F000C21AD108E108F10888EE880E83E0981E9D
:10A80000A11CB11CE4CFFF90EF90DF90CF90BF90E0
:10A81000AF909F908F900895A1E0B0E0E2E1F4ED59
:10A820000C9457F48C016C01C60ED71EF12CE12C50
:10A83000C016D10609F444C0A0905C0FB0905D0F23
:10A84000F80191908F019982C5010E9473F39816C7
:10A8500049F1692DC5010E947BF3FFEFEF1AFF0A52
:10A86000C7018F779927892BB1F062E070E080E013
:10A8700090E09FDFC5010E9473F39981891791F0E1
:10A880000E94FA4986EE9DE20E94C94481E0219629
:10A89000EBE00C9473F462E070E080E090E00E94E2
:10A8A000C53BE8CFCE0101960E9448B580915C0F70
:10A8B00090915D0F019690935D0F80935C0FB8CFE0
:10A8C00080E0E5CF2FB7F89460917011709171110D
:10A8D00080917211909173112FBF08951F920F9262
:10A8E0000FB60F9211242F933F938F939F93AF93A3
:10A8F000BF938091701190917111A0917211B091DC
:10A90000731130916F1123E0230F2D3758F5019605
:10A91000A11DB11D20936F1180937011909371113F
:10A92000A0937211B093731180917411909175116D
:10A93000A0917611B09177110196A11DB11D809360
:10A94000741190937511A0937611B0937711BF9104
:10A95000AF919F918F913F912F910F900FBE0F90CC
:10A960001F90189526E8230F0296A11DB11DD2CF86
:10A97000FC01DB0111968C9111972281821770F1F5
:10A980009381981758F14C919581491738F5149691
:10A990005C910680F781E02D821B883018F0E90F6A
:10A9A000F11D8770969596959695642F677020E8AF
:10A9B00030E002C0359527956A95E2F7989F802D83
:10A9C0001124469546954695840F9927991FE80FBF
:10A9D000F91F8081552319F0282B20830895209595
:10A9E0002823FBCFDB01ED91FC9109950895A1E0AF
:10A9F000B0E0EDEFF4ED0C945EF400911A101091BC
:10AA00001B10E0914910F0914A1082E0099530E066
:10AA100020E04AE0B80188E190E1E4DF182FE091FE
:10AA20004910F0914A1083E00995E0914910F091A6
:10AA30004A1080E00995112399F160911A107091E4
:10AA40001B109E012F5F3F4F46E488E190E1CADF73
:10AA500089818093181060911A1070911B109E01CB
:10AA60002F5F3F4F47E488E190E1BCDF898180930D
:10AA7000191060911A1070911B1030E020E048E42A
:10AA800088E190E1AFDF8093231060911A107091FC
:10AA90001B102BE430E147E188E190E1A3DF11E0F6
:10AAA000812F2196E4E00C947AF4FF920F931F9388
:10AAB000CF93DF93182FC42FD62FD40F01E0FF249C
:10AAC000FA948D2F8C1BC83020F5CC23E9F097E049
:10AAD000C92760911A1070911B1010933410809345
:10AAE000351081E080933710CF5FC7708FEF90E013
:10AAF00001C0880FCA95EAF78093361024E330E14D
:10AB00004BE388E190E16EDFCDB7DEB7E5E00C9472
:10AB100079F460911A1070911B1010933410809387
:10AB2000351000933710F092361024E330E14BE3F8
:10AB300088E190E157DFC850C4CFB0E0A0E0E3EA7D
:10AB4000F5ED0C945AF4EC01F42E122F062F020F9F
:10AB5000EE24EA946C018CE1C80ED11C802F811B7D
:10AB60001830F0F41123B9F097E019276A817B813E
:10AB70008C8FFD8E1F8E1F5F17708FEF90E0012E60
:10AB800001C0880F0A94EAF78E8F9E01245E3F4F22
:10AB90004BE3CE0127DFCDB7DEB7E8E00C9476F4C7
:10ABA0006A817B818C8FFD8E1F8EEE8E96014BE32A
:10ABB000CE0118DF1850D2CF0F93CF93C82F01E0EA
:10ABC00020E8482F60E088E190E10E9455B6882394
:10ABD00031F020E84C2F60E088E190E1AEDFCF91CA
:10ABE0000F910895FF920F931F93CF93DF93D82F68
:10ABF000162FF42EC22F022F242F462F682F88E104
:10AC000090E10E9455B68823C1F02F2D412F6D2F62
:10AC100088E190E192DF4C2F612F8D2F46DF8FEF7F
:10AC20008F0D4C2F612F8D0F40DF4FEF4C0F410FD9
:10AC30002F2D6D2F88E190E180DFCDB7DEB7E5E005
:10AC40000C9479F4B0E0A0E0E8E2F6ED0C945BF44B
:10AC50007C01162FC42FD22ED02F0E9455B68823E8
:10AC600049F0DC0F2D2D4C2F612FC70166DFCF5F20
:10AC7000DC13F8CFCDB7DEB7E7E00C9477F4EF92B2
:10AC8000FF920F931F93CF93DF93C82F7B01142F55
:10AC9000CB010E947F2126E0C29FE00111241123F5
:10ACA00081F091E090933810829F900111242E5FE3
:10ACB0000CE042E36C2F615088E190E1C3DF109219
:10ACC0003810C0934F108CE3809350106FEF7FEFDC
:10ACD000C7010E949C27112319F081E0809338104E
:10ACE000CDB7DEB7E6E00C9478F4EF92FF921F93B5
:10ACF000CF93DF93EC01EE85FF85309709F009953E
:10AD0000EA80FB80E9A9FAA982E00995E9A9FAA9F4
:10AD100081E0099530E020E045E1B701CE0162DE37
:10AD2000182F882339F09E012D5C3F4F47E1B70172
:10AD3000CE0158DEE9A9FAA980E00995812FDF91BB
:10AD4000CF911F91FF90EF900895DC0114968D91A3
:10AD50009C9115978617970709F43CC015967C932C
:10AD60006E9314976115710579F157968C915797E9
:10AD7000FB01811130C03596E4915896EC935897B9
:10AD8000645F7F4FFB01649159966C935997589675
:10AD90008C915897082E000C990B59962C91599725
:10ADA000821B910927FD93955A962C915A9720342E
:10ADB00041F0829FC001112426E0969587952A953F
:10ADC000E1F75B968C935B978DEA95EB56969C9397
:10ADD0008E9355970895813041F43F96E4915896AB
:10ADE000EC935897605F7F4FCDCF3D96E491589696
:10ADF000EC935897625F7F4FC5CFB0E0A0E0E3E0EF
:10AE0000F7ED0C9453F4EC01E62E142F622F0E9400
:10AE1000B9B56C0180E0C114D104B1F08C819D8181
:10AE20000E94AFB5A82EFB88BC888989E80E1B1943
:10AE30008A89181B0B2D2F2D412F6E2DCE010E94BC
:10AE400055B6811106C08889CDB7DEB7EFE00C9406
:10AE50006FF487E0F80EF694F694F6948F2C912C0C
:10AE6000CA0CD11C012F0B0D3E01ECE16E0E711CC2
:10AE70005601101741F35E2C11C0F50184916A81CF
:10AE80007B815C8E1D8F1F8E8E8F93014BE3CE01D5
:10AE9000A9DDFFEFAF1ABF0A88E0580E8A2D8C1982
:10AEA0008F1558F31F5FC80CD91CE2CFFF920F9388
:10AEB0001F93CF93DF93D82FF62E8A01E0912D10A8
:10AEC000F0912E1088E190E10995F80EC0E0F801AC
:10AED0002491222351F04F2D6D2F88E190E18DDFD9
:10AEE000D80FC80F0F5F1F4FF2CF8C2FCDB7DEB733
:10AEF000E5E00C9479F4B0E0A0E0E1E8F7ED0C9423
:10AF000052F4EC01562E142F622E402E220F220FE7
:10AF1000220F0E9455B6882311F1410E5E018CE18B
:10AF2000A80EB11C862C912C762C052D6701F601FC
:10AF300084916A817B810C8F1D8F1F8E8E8F95016E
:10AF40004BE3CE014FDDFFEFCF1ADF0A7A94085FA3
:10AF50007110EDCFE80CF91C1F5F4112E5CFCDB7A2
:10AF6000DEB7E0E10C946EF48DE00E94C2448AE00A
:10AF70000C94C244CF93DF93EC018991882319F09C
:10AF80000E94C244FACFDF91CF91089580916B1156
:10AF90008F7780936B110E94EA3B882329F081E030
:10AFA0008093640F1092670F089580916B1184FF56
:10AFB00004C08460877F80936B110895B0E0A0E0A7
:10AFC000E4EEF7ED0C945AF4EDB6FEB6FC010190F8
:10AFD0000020E9F79F01281B390B285F3F4F4DB731
:10AFE0005EB7421B530B0FB6F8945EBF0FBE4DBF4A
:10AFF0000DB71EB70F5F1F4F9F938F9389ED97E299
:10B000009F938F931F930F930E9403ED680154E069
:10B01000C50ED11C0F900F900F900F900F900F90B6
:10B02000F60181916F01882349F0082E000C990BDD
:10B030000E946EF6F60131978083F2CF64ED77E2DD
:10B04000C8010E949CECC8010E94CA1E0FB6F89469
:10B05000FEBE0FBEEDBEE8E00C9476F4CF93DF9316
:10B0600080916B118F7E80936B1180919D0F88234F
:10B0700029F081E080939A0F10929D0F8091FF1329
:10B0800090910014DC01ED91FC910190F081E02D94
:10B090004FE160E00995811111C00E94FA4988ECE6
:10B0A00097E20E94C94480916B1184FD0E9477B69B
:10B0B00083E080936C01DF91CF910895C091FF13DD
:10B0C000D091001461E0CE010E94BBB681110BC08B
:10B0D00060E0CE010E94BBB6811105C00E94F74915
:10B0E00084EB97E2DECF65ED73E18AE99FE00E9491
:10B0F000E5B8811105C00E94F74983EA97E2D1CFF4
:10B1000080916B11806180936B110E94FA4987E9ED
:10B1100097E2C7CFFC01938591FD13C0987121E0A0
:10B12000903109F020E080916B1120FB85F980932C
:10B130006B11903141F08085873419F481858E3709
:10B1400011F480E0089581E008959C01FC0190E0F5
:10B150008EE2DB014D91BD01403249F0983011F48F
:10B1600080833196DB0111974C91408331969F5F2C
:10B170009B3079F71082C90108950895B0E0A0E0EE
:10B18000E4ECF8ED0C9456F4EC018B81811106C0CF
:10B1900080E0CDB7DEB7ECE00C9472F409891A892F
:10B1A0002B893C89041715072607370788F34A01BE
:10B1B0005B01823031F488869986AA86BB8681E05D
:10B1C000E8CF81149104A104B10449F418861986CA
:10B1D0001A861B861C821D821E821F82F0CF088564
:10B1E00019852A853B85E98DFA8D858590E009963C
:10B1F000B901A8014150510961097109082E04C023
:10B2000076956795579547950A94D2F7750164012D
:10B21000E1E0CE1AD108E108F10804C0F694E79401
:10B22000D794C7948A95D2F7C416D506E606F706D2
:10B2300020F0012B022B032B11F58D899E89AF89FC
:10B24000B88D8C839D83AE83BF838E010C5F1F4FAF
:10B25000C114D104E104F10409F4ADCF4C815D8146
:10B260006E817F819801898D9A8D0E9400B891E04E
:10B27000C91AD108E108F1088111EACF89CFC41AAF
:10B28000D50AE60AF70AE1CFB0E0A0E0EAE4F9ED7A
:10B290000C9450F4EC014B018A018B81811107C0A1
:10B2A0008FEF9FEFCDB7DEB7E2E10C946CF48981AC
:10B2B00080FFF6CF89899A89AB89BC8948855985F1
:10B2C0006A857B85841B950BA60BB70BA80170E0E4
:10B2D00060E084179507A607B70708F48C0168019A
:10B2E0001E0124E0220E311CC114D10409F4AAC0AD
:10B2F000488559856A857B855A0181E0B822898D08
:10B300009A8D2A013B0139E07694679457944794CB
:10B310003A95D1F72B81FC01223089F5628D738D2E
:10B32000848D958D640D751D861D971DE12C22E081
:10B33000F22EEA18FB08CE14DF0408F47601E114BB
:10B34000E2E0FE0671F44090CF135090D01360906D
:10B35000D1137090D213641575058605970509F011
:10B360004EC040E00E9488B6882309F499CFB50109
:10B3700061537E4EA701C4010E9483F652C0F4803F
:10B38000FA94F420A114B10471F4F1100CC0452B0F
:10B39000462B472B51F58D899E89AF89B88D8C83BB
:10B3A0009D83AE83BF83E98DFA8D4C805D806E8076
:10B3B0007F8022E0421A510861087108858504C027
:10B3C000440C551C661C771C8A95D2F78685978598
:10B3D000A089B189480E591E6A1E7B1EC301B201A5
:10B3E0006F0D711D811D911DA1CF4C815D816E81FD
:10B3F0007F8191010E9400B88111D5CF51CFA091DA
:10B40000D313B091D413ED91FC9111970088F18979
:10B41000E02D9401AB01BC01CD010995882309F40D
:10B420003FCF8E0C9F1C88859985AA85BB858E0D84
:10B430009F1DA11DB11D88879987AA87BB87CE183C
:10B44000DF0852CFC8012ECFB0E0A0E0EAE2FAED6B
:10B450000C9459F4EB01FC012381223008F497C0CD
:10B4600040855185628573854F71552766277727FB
:10B47000452B462B472B09F08AC08C011092A80E51
:10B480001092A70EC12CDD24DA947E01FBE0EF0EB2
:10B49000F11C8DE0B82E40E250E0BE01C801F4DEA0
:10B4A0008032910559F021E0892B09F420E0822FA8
:10B4B0008195CDB7DEB7E9E00C9475F4288122239D
:10B4C00009F467C0253E11F02E3229F41092A80E1F
:10B4D0001092A70EE0CF3B853F733F3009F042C08A
:10B4E0004A8D5B8D452B61F52F713FEF320F353063
:10B4F00038F52150330BB29EC001B39E900D11243C
:10B500002D85009709F1C21222C0DC01A955B14F67
:10B51000FE0120E02B30F0F0468157814F3F51056E
:10B5200019F010F04FE550E04D932F5F32962D301B
:10B5300089F7288126FF04C0FC01EC54F14F1082EA
:10B540002B8523FDA8CFB5CFC22ED12CDECFDD2495
:10B55000D394DBCF253018F044815581DFCF418172
:10B560005281DCCFD1100EC0FE0120E020FB2795D8
:10B5700027F93191230FEE16FF06C1F7C21601F32A
:10B58000DD24D3941092A80E1092A70ED9CF8FEF7E
:10B5900090CF80E08ECF0F931F93CF93DF93EB017B
:10B5A000DC0113962C91211106C080E0DF91CF9130
:10B5B0001F910F9108952250223028F48FE2888342
:10B5C000198281E0F3CF8C01FC0164857585868545
:10B5D000978540E00E9488B6882339F3D8015096B9
:10B5E000EC91B0E2EB9FF0011124E153FE4E309755
:10B5F000E1F290E020E03EE24191403291F02830CB
:10B6000029F4DE01A90FB11D3C939F5FBE01690FB4
:10B61000711DAF0141505109DA014C91DB014C938E
:10B620009F5F2F5F2B3041F7C90FD11D1882BECF0E
:10B63000CF93DF93EC01CB01E881F98160817181C7
:10B64000AADF28813981D901ED91FC91AA81BB81C2
:10B650008C919081992359F08936C8F4CF010196D5
:10B66000F901918380838C918F5F8C93EACF893627
:10B6700070F48FE28083E881F98180819181019665
:10B6800091838083EA81FB8180818F5F8083DF915A
:10B69000CF91089540E050E0BA0170CDA1E0B0E054
:10B6A000E4E5FBED0C9456F48C016B015A01FB01AF
:10B6B000818D928DF801928F818FCB01EBDF912CE0
:10B6C000F60180859185A285B38541895289638978
:10B6D000748984179507A607B70710F080E093C018
:10B6E00035E0B695A795979587953A95D1F7F82FB8
:10B6F000FF708F2EF6018381823080F341E050E0AD
:10B70000BE016F5F7F4FC601BFDD019739F7F601BC
:10B7100080859185A285B3854F96A11DB11D808737
:10B720009187A287B387F0E28F9EC00111249C010C
:10B7300021533E4E79012115310581F2F9018081B5
:10B74000882309F467C0853E19F4911078C064C05D
:10B750004BE050E0B901C5010E9476F6892B09F053
:10B76000AFCFF801818D928D4091CF135091D013BE
:10B770006091D1137091D21344875587668777877C
:10B78000808AF70184889588B12CA12C54019924D2
:10B790008824F801858A968AA78AB08EF701428D9F
:10B7A000538D70E060E0482959296A297B29F80106
:10B7B000458B568B678B708FF7012385287161F05D
:10B7C000203129F598012F5E3F4F0E947CB88823D5
:10B7D000F1F084E0F8010BC0F701848D958DA68D02
:10B7E000B78DF801818B928BA38BB48B81E083831F
:10B7F00081E0F801818314821582168217821086F7
:10B800001186128613862196ECE00C9472F4F801EE
:10B81000138264CF911062CF8091CF139091D01397
:10B82000A091D113B091D213F80184879587A68790
:10B83000B787808AF7018081882309F44FCF992444
:10B8400093943ECFA1E4B0E0E8E2FCED0C9450F418
:10B850004C015B017A011C8E1F8E19821C826115BE
:10B86000710531F480E0CF5BDF4FE2E10C946CF4C2
:10B87000FC0183818111F6CFFA0180818F3269F159
:10B880008B016E01FCE1CF0ED11C260180E2382E27
:10B8900022242394360122963FAE229721963FAE72
:10B8A00021973FAE3EAE3DAE3CAE3BAE3AAE39AE7A
:10B8B00038AE3FAA970190E047E0D9018D918823E7
:10B8C00009F447C08F3209F444C08E3209F54A307A
:10B8D00049F298E04AE09D01F0CFFB01838182505C
:10B8E0008230A0F0618D728DCE0101960E94E5B884
:10B8F000882309F4B7CF8E010F5F1F4FC7017C016A
:10B900000196F70120812F32D1F3BBCF8B01F6CF07
:10B91000E3E7FDE22491222321F031968213FACF4E
:10B92000A1CF491708F49ECF813208F49BCF8F37FF
:10B9300009F498CF3FE9380F3A3108F420EEE7E3F5
:10B94000F0E0EC0FFD1FE90FF11D820F80839F5F78
:10B95000C2CF8FA9803209F485CF7901F9018081A6
:10B960002F5F3F4F8F32C9F3AE01495C5F4FB80183
:10B970008823A1F0C60192DE882309F473CFA016B4
:10B98000B10619F0F80120821382CE010196C41489
:10B99000D50409F0C30186016C017DCFC4017EDEB0
:10B9A00062CF8F929F92AF92BF92EF92FF920F93CE
:10B9B0001F93CF93DF938C01EB017A010E9462D435
:10B9C0004B015C012CE2820E21E0921EA11CB11CF5
:10B9D0000E948E54F80186838F3F69F40E9462D4DE
:10B9E000681979098A099B0997FDF2CF81E1F8016D
:10B9F0008483C0E021C08E3F71F5F1E0EF1AF108B9
:10BA00008FEF8EBDFE012FEF0DB407FEFDCF8EB57B
:10BA100081932EBDCF018C1B9D0B8E159F05A0F32E
:10BA20000DB407FEFDCF8EB5CE0DDF1D88830E94BD
:10BA30008E540E948E54C1E0C8010E94C67A8C2F99
:10BA4000DF91CF911F910F91FF90EF90BF90AF903A
:10BA50009F908F9008958FE0CACF0F931F93CF933D
:10BA6000DF93EC018B010E94B97A40E052E0B8010B
:10BA7000CE0197DFDF91CF911F910F9108950F9322
:10BA80001F93CF93DF93EC0189018F81833039F0CD
:10BA900089E0440F551F661F771F8A95D1F79A01D9
:10BAA000AB0161E1CE010E94CE7A882359F084E097
:10BAB0008C83CE010E94C67A80E0DF91CF911F91E6
:10BAC0000F91089540E052E0B801CE016ADFF5CF52
:10BAD000BC0183EE97E20E94A65480EE97E20C949C
:10BAE000C944A4E0B0E0E7E7FDED0C9450F4382E33
:10BAF0006B012DB73EB73C832B838091C711811119
:10BB000007C01092AC111092AF1181E08093C71161
:10BB10008091A411811107C01092891110928C118B
:10BB200081E08093A411DA018C918F3209F079C001
:10BB30008AE99FE0F601918380834F5F5F4F311068
:10BB400010926011F6010190F081E02DFA83E983F3
:10BB50008A012CEAE22E21E1F22E3BE1232E01158F
:10BB60001105E1F14DB65EB66FE270E0C8010E94CA
:10BB7000A6F64C010817190760F53C01601A710A16
:10BB80007724C30101962DB73EB7281B390B0FB69A
:10BB9000F8943EBF0FBE2DBF8DB79EB701965C01D6
:10BBA000A301B8010E94C6F6F501E60DF71D10824B
:10BBB000E1E0D701EC9313961C92D6016D917C9134
:10BBC000A501C7013FDE811132C0C50181DF10E050
:10BBD00000E00FB6F8945EBE0FBE4DBE3320A9F054
:10BBE000D601ED91FC918BE1AFE7BFE001900D92A2
:10BBF0008A95E1F791E080916011811190E0809148
:10BC00006B1190FB86F980936B11C801EB81FC816D
:10BC10000FB6F894FEBF0FBEEDBF2496E2E10C9480
:10BC20006CF48FE79FE0D6018D939C938BCFD60168
:10BC3000ED91FC9129813A812E173F0719F031E0EF
:10BC400030831382D601ED92FC92332099F0A091BB
:10BC50006011AA3078F481E08A0F809360112A9EE7
:10BC6000D0011124AE5ABF4EF701822D01900D92E2
:10BC70008A95E1F7BCEAEB16B1E1FB0669F499E8B5
:10BC8000E92E91E1F92E84010F5F1F4F0FB6F89452
:10BC90005EBE0FBE4DBE63CF8CEAE82E81E1F82E6A
:10BCA000F2CFA7E2B0E0E7E5FEED0C945DF4809101
:10BCB0006B1184FFD3D980916B1184FF40C08091B8
:10BCC000611190E08F969F938F938FE998E29F93F5
:10BCD0008F938E01045E1F4F1F930F930E9403EDFD
:10BCE00080916B110F900F900F900F900F900F900D
:10BCF00084FBFF24F0F884FF22C01FA21EA2A8012B
:10BD0000BE016A5D7F4F80E0ECDE0097C1F01982D2
:10BD10001C826EA17FA1AC01CE01019693DD882328
:10BD200071F00E9477B6C80149D9809161118F5F87
:10BD3000809361118F2DA796E5E00C9479F4109211
:10BD40006111F12CF7CF0E94FA4960910D077091B3
:10BD50000E0789E79CE20E94A65486E79CE20C94B9
:10BD6000C9440E94A6548AE00C94C2441F93CF9306
:10BD7000DF93182FEB010E94FA498AE998E20E94AA
:10BD8000C94486E898E2113011F48CE898E20E94E8
:10BD9000C944BE0182E998E2E4DFDF91CF911F91AF
:10BDA0000895A6E5B0E0E7EDFEED0C9454F45C01D7
:10BDB0007B016DB67EB6BE016F5F7F4FC50144DB70
:10BDC00018160CF05AC08C858871803109F05FC05C
:10BDD0008DB69EB610E000E0E114F10439F0F701F1
:10BDE00001900020E9F78F010E191F09C8010D9677
:10BDF0002DB73EB7281B390B0FB6F8943EBF0FBEC8
:10BE00002DBF8DB79EB701966C01080F191FE11465
:10BE1000F10439F0B7010E94B1F68FE2F8013197D1
:10BE20008083BE016F5F7F4FC8018FD919A21CA20A
:10BE3000A801B501CE01819605DD882399F08BE13B
:10BE4000FE01B196DE01DC9601900D928A95E1F734
:10BE5000B601CE01CC96A5DF0FB6F8949EBE0FBEFC
:10BE60008DBEA9CF0E94FA49B80183E897E279DF35
:10BE70000FB6F8949EBE0FBE8DBE0FB6F8947EBE70
:10BE80000FBE6DBECA5ADF4FEEE00C9470F4CE01C7
:10BE9000019640D9882309F48ECFE114F10429F0EA
:10BEA000C70168D88FE20E94C244BE016F5F7F4F16
:10BEB0008EEF96E04AD95ED880E20E94C2446D8D32
:10BEC0007E8D8F8D98A10E9437C94ED874CFAFE375
:10BED000B0E0EDE6FFED0C945AF420916B1124FFD5
:10BEE0008AC0F62E8C0181E0681709F48EC06817AD
:10BEF00008F485C082E0681709F414C180916B11C1
:10BF0000877F8B7F80936B1141D8A801BE01625C53
:10BF10007F4F81E0E6DD8C01009709F46CC06EADC7
:10BF20007FADAC0184E69FE08DDC882309F401C17C
:10BF30008091750F9091760FA091770FB091780F47
:10BF40008093631190936411A0936511B09366116F
:10BF500010926711109268111092691110926A1173
:10BF6000B8018EE098E20E94A654C0906311D09070
:10BF70006411E0906511F090661186E098E20E94ED
:10BF8000C944C701B6010E9437C98AE00E94C24471
:10BF900087EF97E20E94C9448FE79FE07BDB8BE14C
:10BFA000EFE7FFE0DE01919601900D928A95E1F7AF
:10BFB000BE016F5F7F4FCE01819646DA181694F46A
:10BFC000CE010196A7D8882399F3BE016F5F7F4FFA
:10BFD0008EEF96E0BAD86EEF76E0C8010E9493F635
:10BFE000892B31F78091A70E882311F007EA1EE014
:10BFF000C8010E94D2CAEF96E8E00C9476F4B8012A
:10C0000082E0B4DE1092621179CF0E94EA3B811186
:10C0100004C0B80181E0AADE71CFE0906211EE2089
:10C0200091F00E94F74961E070E087E698E20E9493
:10C03000A24A8AE00E94C24440E070E060E086E5E7
:10C0400098E20E94474B87EF95E09DAF8CAF8FE25F
:10C050008093F605F9A2CE01CC969A8389834B97FB
:10C060009C838B838BE1F82E80916011E81650F44D
:10C07000EF9CB00111246E5A7F4ECE010196D8DAA2
:10C08000E394F2CF89A18B3550F464E67FE0CE01D2
:10C090000196CEDA8CAD9DAD01979DAF8CAFECAD26
:10C0A000FDAD1082E091621184E0E89FF00111245F
:10C0B000EE50FA4F8091671190916811A09169112B
:10C0C000B0916A1180839183A283B3830E94FA495D
:10C0D000B8018DE398E20E94A6546091621189E64E
:10C0E000689FB00111246A507A4F82E398E20E945F
:10C0F000A654C0906711D0906811E0906911F0903B
:10C100006A118CE298E20E94C944C701B6010E94FC
:10C1100037C98AE00E94C244809162118F5F809388
:10C120006211ECCE0E94FA498CE198E20E94C94467
:10C13000E5CEC801CDDC5FCFA0E2B0E0E2EAF0EEF0
:10C140000C9450F48F8F7093D4066093D3060E94A2
:10C1500092D1D090D906FD2C85E0C82EEE24E39430
:10C1600094EBA92E9BE2B92ECE0101964C015C2CDA
:10C170005D1884E08D1988A383E0382E3D1882E095
:10C18000282E2D184D2C41949F8D913009F469C0B3
:10C1900008F43DC0923009F48FC080914C0F90910B
:10C1A0004D0FA0914E0FB0914F0F8093CF069093FB
:10C1B000D006A093D106B093D206F110EDC0EE20C8
:10C1C000D9F08091DB061816BCF04091E006509142
:10C1D000E1066091E2067091E3064F5F5F4F6F4F9B
:10C1E0007F4F4093E0065093E1066093E206709320
:10C1F000E3068F5F8093DB0680916C01882369F1F1
:10C2000043E066EE7BE2842D0E9403D026C0F1104D
:10C21000C3C0EE20D9F08091DB061816BCF0409127
:10C22000E0065091E1066091E2067091E3064F5FEF
:10C230005F4F6F4F7F4F4093E0065093E10660934E
:10C24000E2067093E3068F5F8093DB0680916C01BA
:10C2500043E062E07CE28111D6CF9F8D923051F5B0
:10C2600054C0F11099C0EE20D9F08091DB06181669
:10C27000BCF04091E0065091E1066091E2067091B9
:10C28000E3064F5F5F4F6F4F7F4F4093E006509341
:10C29000E1066093E2067093E3068F5F8093DB060E
:10C2A00080916C01882331F043E06BEF7BE2842DB9
:10C2B0000E9403D085E069C0F1106EC0EE20D9F075
:10C2C0008091DB061816BCF04091E0065091E10623
:10C2D0006091E2067091E3064F5F5F4F6F4F7F4FB3
:10C2E0004093E0065093E1066093E2067093E30604
:10C2F0008F5F8093DB0680916C01882331F043E0EF
:10C3000064EF7BE2842D0E9403D06DB67EB68E0171
:10C310000B5E1F4F23E041E06DEC7CEC8CEC9CE36A
:10C320005AD79F938F93BF92AF929F928F920E9402
:10C3300003ED0F900F900F900F900F900F9085E0EE
:10C34000F8120AC08091DB06853009F4ABC08091F9
:10C350006C018111BDC0E12C80916C01882379F0C2
:10C3600095E0F9120CC010924F1084EFC89E802DFA
:10C370001124885B80935010C4010E94F1280FB6ED
:10C38000F894DEBF0FBECDBF86E0F394CA94C1100F
:10C39000FBCE8093DA0626C081E0F81227C0809198
:10C3A000DB06813099F080916C01882369F061E0AF
:10C3B0006D1981E09091DB06913009F080E024E076
:10C3C0004CED5BE20E9463D0E12C47CF8091CE061A
:10C3D0001092CE06882339F30E94AE1F8091F0069A
:10C3E000882309F3A096E2E10C946CF492E0F91230
:10C3F0007CC08091DB06823079F080916C018823CB
:10C4000019F381E09091DB06923009F080E023E09F
:10C4100042ED5BE2622DD6CF8091CE061092CE0621
:10C42000882359F38FE895E70E945EA08091F0067B
:10C43000882319F3D7CF8091CE061092CE06882399
:10C4400009F45BC08AE795E70E945EA08091F00640
:10C45000882309F452C0C6CF84E0F812FECE809142
:10C46000DB06843081F080916C01882309F4ACCF25
:10C4700081E09091DB06943009F080E023E04EEB00
:10C480005BE268A19FCF8091CE061092CE068823F2
:10C4900051F385E695E70E945EA08091F00688231F
:10C4A00011F3A0CF8091CE061092CE06882309F416
:10C4B0004ECF80E595E70E945EA08091F00688232C
:10C4C00009F445CF0FB6F894DEBF0FBECDBF8ACFBB
:10C4D00081E09091DB06953009F080E023E043EBAA
:10C4E0005BE2652D0E9463D036CF83E0F812B4CFB3
:10C4F0008091DB06833009F49ECF80916C01882304
:10C5000009F462CF81E09091DB06933009F080E07E
:10C5100023E049EC5BE2632D55CFCF93DF93C82F27
:10C52000D62F87FD2AC026E08202F0011124EE53A7
:10C53000F94F808191811816190644F4853021E065
:10C54000920714F084E091E00E940887D7FF17C09B
:10C5500086E0C802F0011124EE53F94F84819581E1
:10C560008F3F910519F010F08FEF90E080932B072B
:10C570000E94681FDF91CF91089567FDF9CF26E0F3
:10C58000D202F0011124EE53F94F828193811816E3
:10C5900019065CF48337910514F083E790E09093DB
:10C5A000C0068093BF060E94D51AC7FFD1CFE0CF47
:10C5B000EF92FF920F931F93CF93DF93182F84E88E
:10C5C00097E00E94C944D0E0C0E0E12EF12CC70101
:10C5D0000C2E02C0959587950A94E2F780FF0AC059
:10C5E000FE01EE57FE4F008180E20E94C244802F80
:10C5F0000E94C2442196C330D10549F713FF09C0F8
:10C6000080E20E94C24485E40E94C24480E30E940A
:10C61000C24481E897E00E94C944CDB7DEB7E6E0A6
:10C620000C9478F410929A0F10929D0F10927F0F35
:10C630001092820FE2E5F0E1108213827B9621E1F5
:10C64000E036F207C9F789E292E09093F8138093FD
:10C65000F7131092F91389E18093FB131092FE13E4
:10C660001092EC131092640F1092670F1092B50F96
:10C670001092B60F1092B70F1092B80F1092B90F18
:10C680001092BE0F1092BF0F1092C00F1092C10FE8
:10C690001092C20F8091EB0F8C3008F087C091E0B0
:10C6A000980F9093EB0F8093EC0F90E0FC01EE0F4E
:10C6B000FF1FE80FF91FE953F04F88EB9BE09283CF
:10C6C00081838FEE9FE09093FC0F8093FB0F10927D
:10C6D0000E1010920F101092101010921110109254
:10C6E0000A1010920B1010920C1010920D10109254
:10C6F0000610109207101092081010920910109254
:10C700000210109203101092041010920510109253
:10C71000F3131092F4131092F5131092F613109273
:10C720000110109200101092FF0F1092FE0F109245
:10C73000FD0F8BE19CE390931310809312101092E5
:10C7400017101092161087E492E0909315108093C2
:10C75000141087EF93E1909300148093FF1380915E
:10C760006B11847E8B7F80936B11109267111092F6
:10C7700068111092691110926A111092631110924F
:10C78000641110926511109266111092621110924C
:10C79000611110926011E2E5F0E18EE091E0DF01BD
:10C7A0009C011D9221503040E1F708958FEF809356
:10C7B000EC0F87CFA8E0B0E0E0EEF3EE0C9451F47C
:10C7C000789484B5826084BD84B5816084BD85B56C
:10C7D000826085BD85B5816085BD80916E00816078
:10C7E00080936E001092810080918100826080931E
:10C7F0008100809181008160809381008091800020
:10C800008160809380008091B10084608093B1004A
:10C810008091B00081608093B0008091910082602F
:10C82000809391008091910081608093910080912C
:10C83000900081608093900080917A008460809362
:10C840007A0080917A00826080937A0080917A00E9
:10C85000816080937A0080917A00806880937A006A
:10C860001092C100109107141092C0008091C00076
:10C8700082608093C0001092C50080E18093C40064
:10C880008091C10080618093C1008091C100886067
:10C890008093C1008091C10080688093C1000E9494
:10C8A00062D46B017C0128EEC20E23E0D21EE11C93
:10C8B000F11C82E796E00E94A342811108C00E9409
:10C8C00062D46C197D098E099F0997FDF8CF8CE120
:10C8D0009BE20E94C9440C9A149810FF04C083E1A3
:10C8E0009BE20E94C94411FF04C082E09BE20E94C7
:10C8F000C94412FF04C080EF9AE20E94C94413FFAA
:10C9000004C08FED9AE20E94C94415FF04C08EEC6A
:10C910009AE20E94C9448EEB9AE20E94C9440E94A6
:10C92000FA4981E89AE20E94C9440E94FA4989E6DC
:10C930009AE20E94C9440E94FA49809101149091A0
:10C940000214AE014F5F5F4F6A01BA01009709F40C
:10C95000E1C0681B790B8AE59AE20E94A24A60EB6B
:10C9600074E083E49AE20E94D04B0E940E2184E19D
:10C9700090E10E94B5240EEBE02E08E2F02E03E1D8
:10C9800027E047E064E288E190E10E947BD783E002
:10C990000E94792246EB58E26BE28BE20E94A028CB
:10C9A00049EA58E267E38CE10E94A02888E190E11F
:10C9B0000E9475D68111DFCF0E9462D44B015C01C9
:10C9C0000E9446CC80916D11811107C00E94A4AED7
:10C9D000882319F081E080936D11209166063091D3
:10C9E000670640916806509169066091400F70910A
:10C9F000410F8091420F9091430F0E9488F4609301
:10CA0000400F7093410F8093420F9093430F2091FA
:10CA10006A0630916B0640916C0650916D066091EC
:10CA2000440F7091450F8091460F9091470F0E94DF
:10CA300088F46093440F7093450F8093460F909352
:10CA4000470F20916E0630916F064091700650910D
:10CA500071066091480F7091490F80914A0F909133
:10CA60004B0F0E9488F46093480F7093490F809396
:10CA70004A0F90934B0F0E944699559A5D98549A8D
:10CA80005C98249A2C9A87ED80937A0010927E000D
:10CA900080917E00806880937E0080917E0080641B
:10CAA00080937E0080E888BD80916E0084608093D2
:10CAB0006E00E1E4FAE2859194918530910514F4D9
:10CAC00085E090E090936801809367019C01990F45
:10CAD000440B550B2D833E834F8358870091630190
:10CAE00010916401C8010E94AFC92B013C016D8106
:10CAF0007E818F819885F4D79B01AC01C301B2017F
:10CB0000E9D787FF0AC0005111091093640100930F
:10CB10006301E4CF675074411ECFE5E4F9E28591EB
:10CB200094910197843131E0930714F083E191E00F
:10CB300090936A01809369019C01990F440B550BF6
:10CB40002D833E834F8358870091650110916601C4
:10CB5000C8010E94AFC92B013C016D817E818F818C
:10CB60009885BED79B01AC01C301B2010E94EBF5D1
:10CB700018163CF4005F1F4F109366010093650187
:10CB8000E3CF80916101909162010E945F7D20E07E
:10CB900030E040EA50E49ED787FF0AC080916101EF
:10CBA0009091620140979093620180936101E9CF77
:10CBB00080916006909161060E945F7D20E030E0E8
:10CBC0004AEF52E40E94EBF5181654F48091600687
:10CBD0009091610640969093610680936006E8CF3D
:10CBE0000E94919D3A98429A3B98439A3C98449A65
:10CBF00010926306109262060E94639A3D9A3F9AD1
:10CC0000229A209A569A5E9A569A5E9A0D9A159A88
:10CC1000569A5E9A579A5F985E9A8091FC068E7F2C
:10CC20008093FC063E9A46985E9A8091FC068D7F22
:10CC30008093FC06239A2B98159A8091FC068B7F93
:10CC40008093FC06219A29985E9A809180008C7FBF
:10CC50008093800080918100877E8860809381002E
:10CC6000809180008F738093800080918100887F05
:10CC700082608093810080E090E4909389008093AB
:10CC8000880010928500109284000E94C8897894D0
:10CC900083E0809364060E94BD828091EC0F8C300B
:10CCA00008F042C090E0FC01EE0FFF1FE80FF91FF3
:10CCB000E953F04F808180788B6180838BE10E9403
:10CCC00063CA1092ED0F1092EE0F8091EC0F2CE0E2
:10CCD000622F0E94F5F3829FB001112430E020E022
:10CCE000AB01420F531FFA01EE0FFF1FE40FF51FB8
:10CCF000E953F04F908197FD09C02F5F3F4F2C30D3
:10CD0000310571F7811102C00E94B442E091EC0F2D
:10CD10008E2F90E0FC01EE0FFF1FE80FF91FE95383
:10CD2000F04F8081806880838CEE9FE00E94A54256
:10CD30006AE570E08CEE9FE00E94C4421092FD060E
:10CD40000E94639A0E94EC430E94A743809165066B
:10CD5000811124C00E94BE43E6E94E2E512C612C65
:10CD6000712C49825A826B827C82B6018CE80E94C7
:10CD70008A4349825A826B827C82B60182E80E9491
:10CD80008A4349825A826B827C82B6018CE80E9477
:10CD90008A430E94A74381E08093650688E198E278
:10CDA0000FB6F894A895809360000FBE9093600032
:10CDB0000E9462D4DC01CB0188199909AA09BB0938
:10CDC000803A3FE09307A105B10570F400EA1FE047
:10CDD00020E030E068017901C81AD90AEA0AFB0AA2
:10CDE000C701B6010E94C53B83E08093B60631E6D9
:10CDF000B32E4DE0E42E5AE0F52E63E2862E6BE270
:10CE0000962E73E0A72E80E00E94F24B80916B116A
:10CE100087FF1CC010926111877F8B7F80936B11FD
:10CE20000E94C6D71092220D1092210D1092200D53
:10CE30000E945F990E94CE9D0E943D7D10922B071B
:10CE400010926B0190927406809273068091B606E0
:10CE50006DB67EB610E000E0843009F441C06DB6D6
:10CE60007EB6609173067091740610E000E0611563
:10CE7000710509F07AC080917506882309F419C1FB
:10CE8000E5E7F6E08F0105571640D190DD2019F057
:10CE90005AE0D512F7CF0115110559F0F801EB58FA
:10CEA000F94F108285E796E00E94313680E00E94BB
:10CEB000735B81E0D11001C080E0800F982FE92FD3
:10CEC000F0E0EB58F94F2081E92FE81BF0E0EB5838
:10CED000F94F2083222309F485C09F5FF0CF8C0196
:10CEE000F801E75DF44DE491C8010196EE2311F0DD
:10CEF000EA30A9F72DB73EB7281B390B0FB6F894C7
:10CF00003EBF0FBE2DBF4DB75EB74F5F5F4F6A018B
:10CF1000A80169E27BE2C60106D5F601E00FF11F28
:10CF20001082F60180818B33C9F08091200D84300E
:10CF3000A8F48091220D8B9DC0011124B6018D5D56
:10CF4000924F0E94B1F681E00E94F7CA0FB6F894A2
:10CF50007EBE0FBE6DBEA092B60681CF0FB6F8940E
:10CF60007EBE0FBE6DBE7BCF8201FB01E00FF11FC5
:10CF700034902801FFEF4F1A5F0A332021F02AE096
:10CF8000C22E3C10F1CF2DB73EB7241935090FB68C
:10CF9000F8943EBF0FBE2DBF4DB75EB74F5F5F4FDA
:10CFA0006A01A801C601BFD4F601E00FF11F10828B
:10CFB000332009F47BC08091730690917406480E6B
:10CFC000591E5092740640927306012B31F0C6012F
:10CFD0000E94313680E00E94735B0FB6F8947EBEEB
:10CFE0000FBE6DBE9091B50680916E11981709F431
:10CFF0000ACF8091B50680936E118091B506882383
:10D0000009F401CF0E94FA4984E89BE20E94C944D6
:10D010008091B50610E280FF0AC080E00E94E19393
:10D02000AB01BC0180E89BE20E94FC4418E58091C2
:10D03000B50600E281FF0AC081E00E94E193AB01E6
:10D04000BC018CE79BE20E94FC4409E58091B50697
:10D0500082FFA3C082E00E94E193AB01BC0188E79C
:10D060009BE20E94FC449AE5D92E8AE00E94C244C9
:10D070001F9280E28F931F92DF921F920F931F9255
:10D080001F9380E69BE29F938F9389E69BE29F9399
:10D090008F931F920E9405202DB73EB7235F3F4F0D
:10D0A0000FB6F8943EBF0FBE2DBFADCE512C412C14
:10D0B00088CF8091200D882309F494CF80916B1143
:10D0C00080FF65C0C090210DCB9C60011124C6017A
:10D0D0008D5D924F6C016CE57BE27BD4009729F06B
:10D0E000FC01838180538A30E8F5F601019000202D
:10D0F000E9F731978F010C191D096EE470E0C60144
:10D100000E94A6F6009739F501501109F601E00FCB
:10D11000F11FE182F282138281E08093640F0E940A
:10D12000F74982E39BE20E94C94480916B1181FD23
:10D130002EC0E091210DBE9EF0011124ED57F24F5B
:10D140008081811117C08FE29BE20E94C9448AE06E
:10D150000E94C2440FC06AE270E00E94A6F6FC0181
:10D160003197D7CF0E94E4CB89E49BE20E94C94467
:10D170000E94EB448091210D8F5F843058F480939E
:10D18000210D8091200D81508093200D2BCF0E9486
:10D190004571F0CF1092210DF4CF80E2D82E65CFEB
:10D1A000CF93DF9384E69FE00E94BDD8C0E6D1E133
:10D1B0006B97CE010E94BDD880E1C235D807C1F778
:10D1C0008FE79FE00E94BDD88AE99FE00E94BDD80A
:10D1D000DF91CF910895EF920F931F93CF93DF9339
:10D1E000E80134E047FD34E1042E000C550B57FFF5
:10D1F00003C0519541955109E32E022F242FAE0112
:10D2000027D7CE01DF91CF911F910F91EF90089515
:10D210008F929F92AF92BF92CF92DF92EF92FF9246
:10D220000F931F93CF93DF935C017B016115710511
:10D2300019F0DB018D939C9385010F5F1F4FF50162
:10D24000D0818D2F90E067D36C01892BA9F5DD3259
:10D25000A9F50F5F1F4FD5011196DC91C1E0580170
:10D26000F1E0AF1AB10843E050E064E970E0C501B5
:10D2700089D3892B61F5680182E0C80ED11C45E095
:10D2800050E06FE870E0C6017DD3892B21F468017E
:10D2900097E0C90ED11CE114F10419F0D701CD9229
:10D2A000DC9260E070E080E89FEFC111FAC060E0BE
:10D2B00070E080E89FE7F5C05801BECFDB3229F46B
:10D2C00085010E5F1F4FF501D181C0E0C8CF43E05B
:10D2D00050E06CE870E0C50155D3892BE9F0F80106
:10D2E00010E000E020E030E0A9015F01B0ED8B2EFE
:10D2F0008D0E89E08815C8F19C2E689491F88C2FCA
:10D300008870C2FF16C0811102C00F5F1F4F319697
:10D31000D501DC91C92DE9CFE114F10429F00E5FAC
:10D320001F4FF7011183008360E070E080EC9FE7FE
:10D33000B8C0882311F001501109A5E0B0E00E94A7
:10D34000D6F39B01AC01220F331F441F551F280D3C
:10D35000311D411D511D283999E93907490799E1C6
:10D360005907A8F2C6609C2ED2CFAEEF8A1206C033
:10D37000C3FD3CC09C2E689493F8C9CFDF7DD534A3
:10D38000A9F580818D3239F4C061DF011296818167
:10D3900062E070E006C0DF018B32C1F3119661E0FC
:10D3A00070E080535D01A61AB70A8A30F8F4E0E80D
:10D3B000CE16ECE0DE065CF4B601660F771F660F52
:10D3C000771FC60ED71ECC0CDD1CC80ED11C5D010C
:10D3D000FFEFAF1ABF0A8C9180538A3098F1C4FFD7
:10D3E00003C0D194C194D1080C0D1D1DC1FF09C00B
:10D3F000E114F10431F081E0A81AB108D701AD922F
:10D40000BC92CA01B9016AD3C370C33009F4905801
:10D410004B015C0120E030E0A9015CD3882309F4D2
:10D420003EC0C3ECD0E017FF05C01195019511096E
:10D43000CBEAD0E06E01B8E1CB1AD10880E2E82E49
:10D44000F12C0EC0D501B3CFFE0125913591459148
:10D4500054910E191F09C501B401A1D34B015C0100
:10D46000D501C4010E151F057CF72497F594E794A8
:10D47000CC16DD06A9F78A2F880F8B2F881F8F3FC8
:10D4800041F020E030E0A901C501B40123D38111AE
:10D4900006C082E290E09093061480930514C501C3
:10D4A000B401DF91CF911F910F91FF90EF90DF902A
:10D4B000CF90BF90AF909F908F9008953F924F92E2
:10D4C0005F926F927F928F929F92AF92BF92CF9214
:10D4D000DF92EF92FF920F931F93CF93DF935C0144
:10D4E0006B017A016115710519F0FB01918380834D
:10D4F000E114F10451F0C7010297839730F040E046
:10D5000030E020E090E06AC05E01E5012196F5017F
:10D510001081812F90E0FFD1892BB1F71D3201F5E9
:10D520002196F501118101E0E114F10409F4E6C04E
:10D53000F0E1EF16F10409F088C0103359F4888146
:10D540008F7D883509F07CC0198122960260F0E158
:10D55000EF2EF12C812C912CA12C88E0B82E92C0BA
:10D560001B3221F4E5012296F501118100E0DCCFA8
:10D57000EAE0EE16F10409F4C7C0F0E1EF16F10499
:10D5800009F073C0E7CF78E0E72EF12C812C912CC5
:10D59000A12C60E1B62E76C021E0ADC0302F3170F5
:10D5A000C114D10431F0222371F12197F601D18306
:10D5B000C08327FF2EC060E070E080E090E831116A
:10D5C00004C06FEF7FEF8FEF9FE722E230E03093F0
:10D5D000061420930514462F372F282F642F732FFE
:10D5E000822FDF91CF911F910F91FF90EF90DF90ED
:10D5F000CF90BF90AF909F908F907F906F905F90F3
:10D600004F903F90089501FF04C02297F601D18307
:10D61000C083332341F090958095709561957F4F3D
:10D620008F4F9F4FD8CF97FFD6CF82E290E0909355
:10D630000614809305146FEF7FEF8FEF9FE7CBCF3A
:10D6400010E3E114F10409F49ECF28E0E216F1049E
:10D6500009F49CCF0CF08CCF812C912CA12CE0E410
:10D66000BE2E82E0E816F10469F060E070E080E030
:10D6700090E897010F2C000C440B550B0E9498F377
:10D6800049015A0120E060E070E0CB0127010F2C36
:10D69000000C66087708FE0150ED352E310E39E09A
:10D6A000331570F43FEB310F49EC342E3A3138F03A
:10D6B0003FE9310F3A3108F071CF39EA332E310E9C
:10D6C0003E141F040CF06ACF27FD15C0861697067E
:10D6D000A806B90678F0A30192010E9489F3630DB0
:10D6E000711D811D911D61307105810520E8920732
:10D6F00008F452CF2FEF21961081CDCF103309F4CB
:10D700001ECF2AE0E22EF12C9CEC892E982CA82C1E
:10D710009CE0B92EB7CF3F924F925F926F927F926B
:10D720008F929F92AF92BF92CF92DF92EF92FF9231
:10D730000F931F93CF93DF935C016B017A01611507
:10D74000710519F0FB0191838083E114F10449F024
:10D75000C7010297839728F060E070E0CB0199C081
:10D760005E01E5012196F5011081812F90E0D3D073
:10D77000892BB1F71D3209F05BC02196F5011181AB
:10D7800001E0E114F10409F4B9C0F0E1EF16F1048D
:10D7900009F09AC0103341F488818F7D883509F0F3
:10D7A0008EC0198122960260E0E1EE2EF12C8824D1
:10D7B0008A94982CA82CFFE0BF2E20E060E070E057
:10D7C000CB0127010F2C000C66087708FE0150EDF5
:10D7D000352E310E39E0331568F43FEB310F49EC4B
:10D7E000342E3A3130F03FE9310F3A31A8F539EAB9
:10D7F000332E310E3E141F047CF52F3FB1F08616F8
:10D800009706A806B90630F1A301920182D7232D0D
:10D8100030E050E040E0620F731F841F951F6217D5
:10D82000730784079507B0F021E021961081CECFD1
:10D830001B3221F4E5012296F501118100E0A1CF10
:10D8400078E0E72EF12C88248A94982CA82C6FE19C
:10D85000B62EB3CF2FEFE9CFC114D10431F022237C
:10D8600051F12197F601D183C08300FF07C0909545
:10D870008095709561957F4F8F4F9F4F2F3F49F453
:10D8800082E290E090930614809305146FEF7FEF8F
:10D89000CB01DF91CF911F910F91FF90EF90DF901F
:10D8A000CF90BF90AF909F908F907F906F905F9040
:10D8B0004F903F90089501FFD8CF2297D3CF10E328
:10D8C000E114F10409F4BCCF3AE0E316F104E1F00D
:10D8D00080E1E816F10409F467CFE8E0EE16F10400
:10D8E00009F4B1CF6FEF7FEFCB0197010F2C000C44
:10D8F000440B550B1DD749015A015FCF103309F472
:10D900004BCF9AE0E92EF12C89E9882E982CA82C8F
:10D9100089E1B82E52CF9111EEC5803219F08950AD
:10D920008550D0F70895FB01DC0102C005900D92EF
:10D9300041505040D8F70895FB01DC010D900020C4
:10D94000E9F7119705900D920020E1F70895FC0189
:10D950000590061621F00020D9F7C00108953197EF
:10D96000CF010895FB01DC0105900D920020E1F745
:10D970000895FC0105900020E9F7809590958E0FA1
:10D980009F1F0895FB01DC014150504088F08D91AC
:10D9900081341CF08B350CF4805E659161341CF091
:10D9A0006B350CF4605E861B611171F3990B089561
:10D9B000881BFCCFFB01DC014150504048F0059032
:10D9C0000D920020C9F701C01D9241505040E0F770
:10D9D0000895FB0155915523A9F0BF01DC014D913C
:10D9E00045174111E1F759F4CD010590002049F0A8
:10D9F0004D9140154111C9F3FB014111EFCF81E079
:10DA000090E0019708950F931F93CF93DF93CDB7C5
:10DA1000DEB72E970FB6F894DEBF0FBECDBF0D89CF
:10DA20001E898EE08C831A8309838FEF9FE79E8384
:10DA30008D83AE01475E5F4F6F89788DCE01019671
:10DA400011D12F813885020F131FF80110822E96F5
:10DA50000FB6F894DEBF0FBECDBFDF91CF911F91FF
:10DA60000F9108950F931F93CF93DF93CDB7DEB738
:10DA70002E970FB6F894DEBF0FBECDBF8C01FA0112
:10DA80008EE08C831A83098377FF02C060E070E820
:10DA9000615071097E836D83A901BF01CE0101969A
:10DAA000E1D04D815E8157FD0AC02F813885421734
:10DAB00053070CF49A01020F131FF80110822E96DF
:10DAC0000FB6F894DEBF0FBECDBFDF91CF911F918F
:10DAD0000F91089540D008F481E00895E89409C0BA
:10DAE00097FB3EF490958095709561957F4F8F4F91
:10DAF0009F4F9923A9F0F92F96E9BB279395F695A7
:10DB0000879577956795B795F111F8CFFAF4BB0F24
:10DB100011F460FF1BC06F5F7F4F8F4F9F4F16C088
:10DB2000882311F096E911C0772321F09EE8872F12
:10DB3000762F05C0662371F096E8862F70E060E0CE
:10DB40002AF09A95660F771F881FDAF7880F969547
:10DB5000879597F90895990F0008550FAA0BE0E8EB
:10DB6000FEEF16161706E807F907C0F0121613069F
:10DB7000E407F50798F0621B730B840B950B39F4DF
:10DB80000A2661F0232B242B252B21F408950A2645
:10DB900009F4A140A6958FEF811D811D08950BD03A
:10DBA00068C559D528F05ED518F0952309F04AC507
:10DBB0004FC5112492C56ED5A0F3959FD1F3950F53
:10DBC00050E0551F629FF001729FBB27F00DB11D01
:10DBD000639FAA27F00DB11DAA1F649F6627B00D91
:10DBE000A11D661F829F2227B00DA11D621F739F7A
:10DBF000B00DA11D621F839FA00D611D221F749F88
:10DC00003327A00D611D231F849F600D211D822FCE
:10DC1000762F6A2F11249F5750408AF0E1F0882315
:10DC20004AF0EE0FFF1FBB1F661F771F881F915022
:10DC30005040A9F79E3F510570F004C54EC55F3FA7
:10DC4000ECF3983EDCF3869577956795B795F79555
:10DC5000E7959F5FC1F7FE2B880F911D96958795DD
:10DC600097F908952F923F924F925F926F927F9211
:10DC70008F929F92AF92BF92CF92DF92EF92FF92DC
:10DC80000F931F93CF93DF93CDB7DEB72B970FB6CC
:10DC9000F894DEBF0FBECDBF7C013B018A01FC01C1
:10DCA00017821682838181FFD0C1CE0101965C016B
:10DCB000F7019381F30193FD859193FF81913F01DA
:10DCC000882309F449C1853239F493FD859193FF86
:10DCD00081913F01853221F4B70190E025D4E8CF4E
:10DCE000912C212C312CFFE1F31538F08B3211F1FE
:10DCF00090F4803209F1833229F137FC3CC020EDE9
:10DD0000280F2A3050F536FE20C08AE0989E200D5C
:10DD10001124922E06C08D3291F0803371F76894F1
:10DD200030F8F30193FD859193FF81913F018111BB
:10DD3000DACF21C0689431F8689432F8F2CF689451
:10DD400033F8EFCF689434F8ECCFEAE02E9E200D44
:10DD50001124222E689435F8E4CF8E3229F436FC53
:10DD6000FBC0689436F8DDCF8C3619F4689437F828
:10DD7000D8CF8836B1F2982F9F7D95549330D8F044
:10DD8000833691F18337B1F1833509F05EC0280104
:10DD9000F2E04F0E511CF801C080D180692D70E077
:10DDA00036FC02C06FEF7FEFC601A8D34C01689428
:10DDB00037F882010AC00C5F1F4FFFE3F983882404
:10DDC0008394912C6501E89437F833FE2AC0522CD5
:10DDD0008114910459F5552009F46ACFB70180E206
:10DDE00090E0A2D35A94F7CFF801808189830E5F27
:10DDF0001F4FE5CF2801F2E04F0E511CF801C08003
:10DE0000D180692D70E036FC02C06FEF7FEFC60154
:10DE100080D34C018201D7CFB70180E290E084D358
:10DE20002A942814190409F0B8F7D1CFF60137FC69
:10DE3000859137FE81916F01B70190E075D3511044
:10DE40005A94F1E08F1A9108C3CF843619F08936BD
:10DE500009F073C0F80137FE67C06081718182816B
:10DE600093810C5F1F4FF32DFF763F2E97FF09C064
:10DE700090958095709561957F4F8F4F9F4F6894D7
:10DE800037F82AE030E0A5017FD3C82ECA188C2CC1
:10DE9000432C36FE0CC0E89440F8C91440F434FE1C
:10DEA00005C032FC03C0F32DFE7E4F2E892C44FEAC
:10DEB000A6C0FE01EC0DF11D8081803309F098C0F1
:10DEC000242D297E422E842D8870582E43FCA5C017
:10DED00040FE9FC09C2C821418F42C0C922C981895
:10DEE00044FEA1C0B70180E390E01ED342FE08C00B
:10DEF00088E790E041FE02C088E590E0B70114D3C6
:10DF0000C91408F49CC0CA94D12C9FEFC91AD90A2D
:10DF1000CA0CDB1CF60182916F01B70190E004D3BB
:10DF2000AC14BD04B9F757CF60817181072E000C86
:10DF3000880B990B0E5F1F4F96CFD32CE894D4F823
:10DF40002AE030E08537E1F1232D297FD22E8F366C
:10DF5000A9F1F0F4883551F1F701868197812B966C
:10DF60000FB6F894DEBF0FBECDBFDF91CF911F91EA
:10DF70000F91FF90EF90DF90CF90BF90AF909F9068
:10DF80008F907F906F905F904F903F902F9008956B
:10DF9000803749F0883701F7D4FE02C06894D2F880
:10DFA00020E130E00DC06894D4F8F6CF34FE03C011
:10DFB000822F8660D82E20E132E002C028E030E0D7
:10DFC000F801D7FE0EC060817181828193810C5F60
:10DFD0001F4FA501D9D2C82ECA183D2CE89437F896
:10DFE00056CF6081718190E080E00E5F1F4FF1CFCE
:10DFF00042FC02C0839467CF8394839464CF842DC2
:10E00000867809F460CFF6CFB70180E290E08CD239
:10E0100083948214C8F3512C63CF522C5818821465
:10E0200008F45ECFF8CF842D867809F469CF8BE2AF
:10E0300041FE80E247FC8DE2B70190E060CFB7017E
:10E0400080E390E071D29A945BCF8FEF9FEF87CF00
:10E050008F929F92AF92BF92CF92DF92EF92FF92F8
:10E060000F931F93CF93DF93CDB7DEB729970FB6EA
:10E07000F894DEBF0FBECDBF6A01F22EB02E102F76
:10E08000FBE3AF2EA01608F41BE31F5F012F27E070
:10E09000AE014F5F5F4F57D1BC018981982F9970B6
:10E0A000913009F44EC09BE2E1FC04C09E2D9170BA
:10E0B000E0FC49C05E2D5071E82FE87083FF55C029
:10E0C00084E0911101C083E0EF2DE81B8F1508F06B
:10E0D000E0E0D6018E2F20E25523C9F1992329F0E3
:10E0E000D6019C93C60101966C0196012D5F3F4FAE
:10E0F000E2FE33C08EE4D6018C9391E411969C939A
:10E10000119712968C93D9018E2F90E281112AC01B
:10E11000E20FF32FF11D10828EEF9FEF29960FB6BD
:10E12000F894DEBF0FBECDBFDF91CF911F910F914D
:10E13000FF90EF90DF90CF90BF90AF909F908F9027
:10E1400008959DE2B7CF90E2B5CF2D938150811114
:10E15000FCCFCE0ED11CE0E0C1CF8EE6D6018C9371
:10E1600091E6CCCF9D938150D1CF482F447082FF50
:10E170003DC084E0911101C083E08F1510F4EF2DB4
:10E18000E81BD6018E2F20E2552309F1992329F0AF
:10E19000D6019C93C60101966C0196012D5F3F4FFD
:10E1A000E2FE1BC089E4D6018C938EE411968C9319
:10E1B000119786E412968C93D9018E2F90E28823D2
:10E1C00009F4A6CF9D938150FACF2D9381508111F0
:10E1D000FCCFCE0ED11CE0E0D9CF89E6D6018C93DE
:10E1E0008EE611968C93119786E6E4CF9B0177FF1C
:10E1F00002C030E020E0A1E0B0E0911102C0B0E048
:10E20000A0E0F9013196AE0FBF1F8B2C912CBB20E3
:10E2100009F461C05401EFEFAE1ABE0AAA0DBB1D8E
:10E22000FA161B0619F014F04F2D4A1B511188C025
:10E23000E3FC59C07601A42FB0E2A1114FC0C40E77
:10E24000D11C992309F45BC040E0D6011196F60178
:10E2500090836D01552309F448C0012F060F9A8160
:10E26000582F507184FF03C0913309F401501016E8
:10E270000CF047C0093008F008E0EEE2FE2E5B012A
:10E28000A01AB10885019194819491082F3F32071B
:10E2900029F4D601FC92F60131966F0162177307DB
:10E2A00094F1021713077CF5DB01A21BB30BAA2420
:10E2B000A394B12CAC0EBD1EAA0DBB1D11968C9162
:10E2C00021503109D601119628153905F4F0F601CF
:10E2D00080836D01DBCFB12CA12CA0CFF701B193CE
:10E2E0007F01A150AACF9111B0CFD601942F50E356
:10E2F00002C05D9391509111FCCFC40ED11C40E03F
:10E30000ACCF01E0BACF80E3DBCF6217730731F403
:10E31000963388F4953311F4552369F0F601808320
:10E32000FD01842F90E2811108C0A40FB11D1C9241
:10E3300090E080E0F3CE81E3F1CF91938150F3CF71
:10E34000911183CF8ACF283008F027E03327DA01F4
:10E35000990F311D87FD916000966105710539F4B3
:10E3600032602E5F3D9330E32A95E1F708959F3F99
:10E3700030F080387105610509F03C5F3C5F3D93EA
:10E38000913008F08068911DDF93CF931F930F9316
:10E39000FF92EF92192F987F9695E92F9695969573
:10E3A000E90FFF27EF5DFE4F99273327EE24FF2467
:10E3B000A701E70105900894079428F4360FE71E9B
:10E3C000F81E491F511D660F771F881F991F06945D
:10E3D000A1F70590079428F4E70EF81E491F561F71
:10E3E000C11D770F881F991F661F0694A1F705901E
:10E3F000079428F4F80E491F561FC71FD11D880F18
:10E40000991F661F771F0694A1F70590079420F4C3
:10E41000490F561FC71FD81F990F661F771F881FE8
:10E420000694A9F784911095177041F0D695C79579
:10E4300057954795F794E7941A95C1F7E7ECF0E004
:10E4400068941590159135916591959105907FE2AD
:10E450007395E118F10A430B560BC90BD009C0F7AD
:10E46000E10CF11E431F561FC91FD01D7EF47033EF
:10E4700011F48A95E6CFE894015030F0080F0AF4C1
:10E480000027021708F4202F2395022F7A3328F053
:10E4900079E37D932A95E9F710C07D932A9589F653
:10E4A000069497956795379517951794E118F10A93
:10E4B000430B560BC90BD00998F023957E917395A9
:10E4C0007A3308F070E37C932013B8F77E91706183
:10E4D0007D9330F0839571E37D9370E32A95E1F7A6
:10E4E0001124EF90FF900F911F91CF91DF91992709
:10E4F00087FD90950895992788270895FC01059038
:10E50000615070400110D8F7809590958E0F9F1F35
:10E510000895FC016150704001900110D8F780957A
:10E5200090958E0F9F1F08950F931F93CF93DF93A6
:10E53000182F092FEB018B8181FD09C01FEF0FEF11
:10E54000812F902FDF91CF911F910F91089582FF1E
:10E5500014C02E813F818C819D81281739073CF49E
:10E56000E881F981CF0101969983888310838E8198
:10E570009F8101969F838E83E3CFE885F985812F64
:10E580000995892BA1F3DACFFA01AA27283051F196
:10E59000203181F1E8946F936E7F6E5F7F4F8F4FD4
:10E5A0009F4FAF4FB1E03ED0B4E03CD0670F781F33
:10E5B000891F9A1FA11D680F791F8A1F911DA11D18
:10E5C0006A0F711D811D911DA11D20D009F4689451
:10E5D0003F912AE0269F11243019305D3193DEF6F9
:10E5E000CF010895462F4770405D4193B3E00FD0AF
:10E5F000C9F7F6CF462F4F70405D4A3318F0495D9A
:10E6000031FD4052419302D0A9F7EACFB4E0A6957C
:10E610009795879577956795BA95C9F7009761059E
:10E62000710508959B01AC010A2E069457954795F4
:10E6300037952795BA95C9F7620F731F841F951FE9
:10E64000A01D089597F99F6780E870E060E0089545
:10E650009FEF80EC089500240A94161617061806FA
:10E660000906089500240A941216130614060506D6
:10E670000895092E0394000C11F4882352F0BB0F67
:10E6800040F4BF2B11F460FF04C06F5F7F4F8F4FCA
:10E690009F4F089557FD9058440F551F59F05F3F05
:10E6A00071F04795880F97FB991F61F09F3F79F0B4
:10E6B00087950895121613061406551FF2CF469536
:10E6C000F1DF08C0161617061806991FF1CF8695B8
:10E6D0007105610508940895E894BB27662777279C
:10E6E000CB0197F90895F999FECF92BD81BDF89AB3
:10E6F000992780B50895262FF999FECF1FBA92BDAC
:10E7000081BD20BD0FB6F894FA9AF99A0FBE019612
:10E710000895DB018F939F9349D0BF91AF91A29F42
:10E72000800D911DA39F900DB29F900D112408950F
:10E73000A1E21A2EAA1BBB1BFD010DC0AA1FBB1F05
:10E74000EE1FFF1FA217B307E407F50720F0A21B77
:10E75000B30BE40BF50B661F771F881F991F1A94E4
:10E7600069F760957095809590959B01AC01BD010E
:10E77000CF010895052E97FB16F400940FD057FD96
:10E7800005D0D6DF07FC02D046F408C0509540956E
:10E79000309521953F4F4F4F5F4F0895909580954D
:10E7A000709561957F4F8F4F9F4F08950FD0A59F14
:10E7B000900DB49F900DA49F800D911D112408957C
:10E7C000B7FFF4CFF3DF821B930B0895A29FB00134
:10E7D000B39FC001A39F700D811D1124911DB29F95
:10E7E000700D811D1124911D0895991B79E004C0BD
:10E7F000991F961708F0961B881F7A95C9F7809580
:10E80000089587FB082E062687FD819567FD619593
:10E81000ECDF0EF4919507FC81950895AA1BBB1BB4
:10E8200051E107C0AA1FBB1FA617B70710F0A61B10
:10E83000B70B881F991F5A95A9F780959095BC0131
:10E84000CD01089597FB072E16F4009406D077FDAE
:10E8500008D0E4DF07FC05D03EF4909581959F4FEA
:10E860000895709561957F4F0895EE0FFF1F002466
:10E87000001C0BBE0790F691E02D0994AA2799235E
:10E8800029F4A85F982B11F480E10895903118F4D1
:10E89000AD5F9295A395990FE8F78A2F9927089570
:10E8A0002F923F924F925F926F927F928F929F92A0
:10E8B000AF92BF92CF92DF92EF92FF920F931F938E
:10E8C000CF93DF93CDB7DEB7CA1BDB0B0FB6F8943F
:10E8D000DEBF0FBECDBF09942A88398848885F847F
:10E8E0006E847D848C849B84AA84B984C884DF80F0
:10E8F000EE80FD800C811B81AA81B981CE0FD11DD4
:10E900000FB6F894DEBF0FBECDBFED01089550588D
:10E91000BB27AA270ED0ADCE9EDE30F0A3DE20F0BE
:10E9200031F49F3F11F41EF493CE0EF4E095E7FB13
:10E9300089CEE92FAFDE80F3BA1762077307840729
:10E94000950718F071F49EF5C7CE0EF4E0950B2EE6
:10E95000BA2FA02D0B01B90190010C01CA01A00131
:10E960001124FF27591B99F0593F50F4503E68F18C
:10E970001A16F040A22F232F342F4427585FF3CFCD
:10E98000469537952795A795F0405395C9F77EF49E
:10E990001F16BA0B620B730B840BBAF09150A1F0E7
:10E9A000FF0FBB1F661F771F881FC2F70EC0BA0F6D
:10E9B000621F731F841F48F4879577956795B795F5
:10E9C000F7959E3F08F0B3CF9395880F08F09927ED
:10E9D000EE0F979587950895E7D080F09F3740F424
:10E9E00091110EF47ACE60E070E080E89FE3089524
:10E9F00026F01B16611D711D811DADC0C7C00CD056
:10EA000038CE30DE40F027DE30F021F45F3F19F0E1
:10EA100019CE511162CE1CCE3DDE98F39923C9F375
:10EA20005523B1F3951B550BBB27AA276217730714
:10EA3000840738F09F5F5F4F220F331F441FAA1FC8
:10EA4000A9F333D00E2E3AF0E0E830D09150504088
:10EA5000E695001CCAF729D0FE2F27D0660F771F36
:10EA6000881FBB1F261737074807AB07B0E809F018
:10EA7000BB0B802DBF01FF2793585F4F2AF09E3FAD
:10EA8000510568F0DFCD29CE5F3FECF3983EDCF313
:10EA9000869577956795B795F7959F5FC9F7880F26
:10EAA000911D9695879597F90895E1E0660F771F78
:10EAB000881FBB1F621773078407BA0720F0621B09
:10EAC000730B840BBA0BEE1F88F7E095089504D002
:10EAD0006894B11102CE0895E5DD88F09F5790F05B
:10EAE000B92F9927B751A0F0D1F0660F771F881F73
:10EAF000991F1AF0BA95C9F712C0B13081F0ECDD58
:10EB0000B1E00895E9CD672F782F8827B85F39F0F5
:10EB1000B93FCCF3869577956795B395D9F73EF4D1
:10EB200090958095709561957F4F8F4F9F4F089579
:10EB30003BD080F09F3740F491110EF0CECD60E0D5
:10EB400070E080E89FEB089526F41B16611D711D8F
:10EB5000811D01C01BC0882371F4772321F09850D8
:10EB6000872B762F07C0662311F499270DC090518B
:10EB7000862B70E060E02AF09A95660F771F881F59
:10EB8000DAF7880F9695879597F908959F3F31F0AA
:10EB9000915020F4879577956795B795880F911DCB
:10EBA0009695879597F908957DDDA0F0BEE7B91792
:10EBB00088F4BB279F3860F41616B11D672F782F95
:10EBC0008827985FF7CF869577956795B11D9395C0
:10EBD0009639C8F308950E94ABED08F48FEF0895BD
:10EBE00061DD58F19E5758F19851A0F0E9F0983046
:10EBF00020F5092E9927660F771F881F991F0A9401
:10EC0000D1F712C0062E672F782F8827985F11F44E
:10EC1000000C07C0993FB4F3869577956795939557
:10EC2000D9F7611D711D811D3EF4909580957095F9
:10EC300061957F4F8F4F9F4F089568944ECD4CCD77
:10EC400011F40EF405CDA2CF2DDDD0F39923D9F325
:10EC5000CEF39F57550B87FF3AD00024A0E640EA39
:10EC6000900180585695979528F4805C660F771F21
:10EC7000881F20F026173707480730F4621B730BF4
:10EC8000840B202931294A2BA69517940794202517
:10EC900031254A2758F7660F771F881F20F026175F
:10ECA0003707480730F4620B730B840B200D311DBE
:10ECB000411DA09581F7B901842F9158880F969531
:10ECC000879508950E94ABED880B990B089591509C
:10ECD0005040660F771F881FD2F70895911108954D
:10ECE00081548A5108F4805E855A0895FB01DC0145
:10ECF00004C08D910190801921F441505040C8F713
:10ED0000881B990B0895FB01DC0102C001900D9254
:10ED100041505040D8F70895DC0101C06D93415037
:10ED20005040E0F70895FB01DC018D9181341CF027
:10ED30008B350CF4805E619161341CF06B350CF402
:10ED4000605E861B611189F3990B0895FC01819126
:10ED5000861721F08823D9F7992708953197CF0195
:10ED60000895FB01DC0101900D920020E1F7089568
:10ED7000FB01DC014150504030F08D910190801931
:10ED800019F40020B9F7881B990B0895FB01DC01E9
:10ED90004150504048F001900D920020C9F701C049
:10EDA0001D9241505040E0F70895FC0181E090E051
:10EDB0000190061609F4CF010020D1F701970895BC
:10EDC00017E1C1E0D7E103C0FE014FDD2196C2305B
:08EDD000D107D1F7F894FFCF41
:10EDD8001040000000805D02FF029D9DF0FF79C495
:10EDE800F0FF79C40000803F02C0D4010064000B2A
:10EDF8001B000153B6FFFFFFB900CDCCCC3DFA0094
:10EE0800D2000000803F64000000C8416400AA00EE
:10EE180001000000000000000000000000000000E9
:10EE28006B4300006B4300007A43FFFFFFFFFF06C0
:10EE380002FF3FFF3F00000000FF3F010301000009
:10EE480005430000803FFF3F1CC6FF3F1CC6000073
:10EE5800000058595A45000100FF0100FF0000005A
:10EE68004842000048420000804000000040000086
:10EE7800204100002041CDCCCC3E0000A040000045
:10EE8800C07F0000C07F0000C07FFF003C00010081
:10EE98000040400000344200000000000000000074
:10EEA8000000000000504100000000000000416424
:10EEB800000000640000000300000064000000641B
:10EEC8000000000300000003000000030000001E13
:10EED80000000000002CC2000010C1000000000A61
:10EEE8000900030A005A0056383600130100008052
:10EEF800400000804000000000257BDA7B3CB92DF3
:10EF0800DD5EB936B938B934B93FDD3AB96371D97C
:10EF180071D87100000000F21D89B53018D871450C
:0AEF28005252005A00590058000030
:00000001FF
