:100000000C9471150C94AA150C94AA150C94AA15AD
:100010000C94AA150C94AA150C94AA150C94AA1564
:100020000C94AA150C94AA150C94AA150C94AA1554
:100030000C94AA150C94B46A0C94AA150C94AA15E5
:100040000C94AA150C9494690C94E6C90C94AA1506
:100050000C94FB460C94C5460C94AA150C94AA1556
:100060000C94AA150C94AA150C94AA150C94AA1514
:100070000C94AA150C94AA150C94AA150C94AA1504
:100080000C94AD320C94AA150C94AA154E414E490D
:100090004E495459494E46CDCCCC3D0AD7233C1746
:1000A000B7D13877CC2B329595E6241FB14F0A0093
:1000B0000020410000C84200401C4620BCBE4CCA83
:1000C0001B0E5AAEC59D7400407A10F35A00A07200
:1000D0004E18090010A5D4E80000E8764817000083
:1000E000E40B54020000CA9A3B000000E1F5050051
:1000F0000080969800000040420F000000A086019A
:10010000000000102700000000E803000000006469
:1001100000000000000A00000000000100000000D4
:10012000002C76D888DC674F0823DFC1DFAE59E1A9
:10013000B1B796E5E3E453C63AE651997696E8E618
:10014000C28426EB898C9B62ED407C6FFCEFBC9CEB
:100150009F40F2BAA56FA5F490055A2AF75C936BFD
:100160006CF9676DC11BFCE0E40D47FEF520E6B5B8
:1001700000D0ED902E0300943577050080841E0892
:100180000000204E0A000000C80C333333330F98B0
:100190006E12831141EF8D2114893BE65516CFFE77
:1001A000E6DB18D1844B381BF77C1D901DA4BBE403
:1001B00024203284725E228100C9F124ECA1E53D45
:1001C00027434F4D4D554E49434154494F4E0044EE
:1001D000525952554E004552524F525300494E46C5
:1001E0004F004543484F0053544F505045442E2034
:1001F000005072696E7465722073746F70706564FC
:100200002064756520746F206572726F72732E2082
:1002100046697820746865206572726F7220616E1D
:100220006420757365204D39393920746F207265EB
:1002300073746172742E202854656D7065726174D8
:100240007572652069732072657365742E2053651D
:1002500074206974206166746572207265737461BC
:100260007274696E67290A004E6F20436865636B7C
:1002700073756D2077697468206C696E65206E7582
:100280006D6265722C204C617374204C696E653A06
:1002900020004E6F20436865636B73756D2077692E
:1002A0007468206C696E65206E756D6265722C20B5
:1002B0004C617374204C696E653A20006368656315
:1002C0006B73756D206D69736D617463682C204C60
:1002D000617374204C696E653A20004C696E65202C
:1002E0004E756D626572206973206E6F74204C616B
:1002F0007374204C696E65204E756D6265722B318A
:100300002C204C617374204C696E653A20004D318D
:1003100031300053657269616C2073746174757358
:10032000206D69736D617463680A005344207265BF
:100330006164206572726F720A002121204B494C62
:100340004C2063617573656420627920746F6F203F
:100350006D75636820696E61637469766520746980
:100360006D65202D2063757272656E7420636F6DEC
:100370006D616E643A2000486F74656E6420496454
:100380006C652054696D656F757400486F74656E97
:10039000642049646C652054696D656F75740A004A
:1003A000627573793A2070617573656420666F7247
:1003B00020696E7075740A00627573793A207061F5
:1003C0007573656420666F7220757365720A0062CA
:1003D0007573793A2070726F63657373696E670A1B
:1003E000004D6564696120496E73657274656400CF
:1003F000506C656173652052657365740050524995
:100400004E5445522048414C5445440025533A200F
:100410002553004B494C4C45442E20005072696EC8
:100420007465722068616C7465642E206B696C6CF5
:1004300028292063616C6C6564210A0053544F5075
:100440005045442E20005072696E7465722073749A
:100450006F707065642064756520746F20657272BA
:100460006F72732E204669782074686520657272F9
:100470006F7220616E6420757365204D39393920A3
:10048000746F20726573746172742E202854656DC8
:100490007065726174757265206973207265736529
:1004A000742E20536574206974206166746572200F
:1004B00072657374617274696E67290A0065636896
:1004C0006F3A004572726F723A004F4646004F4EC7
:1004D0000042696C696E656172204C6576656C6975
:1004E0006E6720477269643A0A0021212053544FF5
:1004F000502063616C6C656420626563617573652F
:10050000206F6620424C546F756368206572726F6D
:1005100072202D207265737461727420776974681B
:10052000204D3939390A0021212053544F5020637E
:10053000616C6C65642062656361757365206F66CC
:1005400020424C546F756368206572726F72202D63
:1005500020726573746172742077697468204D39F4
:1005600039390A004F46460A0046616465204865ED
:10057000696768742000426564204C6576656C6923
:100580006E6720004661696C656420746F20656E3B
:1005900061626C6520426564204C6576656C696EAD
:1005A000670A00496E76616C6964206D6573682E18
:1005B0000A0050726F62696E6720506F696E740036
:1005C00025532025692F2569002E0A002F0050721F
:1005D0006F62696E67206D65736820706F696E74F5
:1005E0002000202844525952554E290047323920C4
:1005F0004175746F20426564204C6576656C696E48
:1006000067003F20284C2C522C462C4229206F7525
:1006100074206F6620626F756E64732E0A003F2827
:1006200056296572626F7365206C6576656C20690A
:100630006D706C61757369626C652028302D34298A
:100640002E0A00426164205A2076616C75650A00AA
:100650004E6F2062696C696E6561722067726964B1
:100660000A0020204D3230312058004D6178204161
:100670006363656C65726174696F6E2028756E695D
:1006800074732F7332290020204D323033205800EC
:100690004D617820666565647261746573202875A4
:1006A0006E6974732F73290020520020204D323060
:1006B00034205000416363656C65726174696F6ECC
:1006C0002028756E6974732F7332292028503C706E
:1006D00072696E742D616363656C3E20523C726575
:1006E00074726163742D616363656C3E20543C7465
:1006F000726176656C2D616363656C3E29002054E0
:100700000020530020204D323035204200416476D5
:10071000616E6365642028423C6D696E5F73656736
:100720006D656E745F74696D655F75733E20533CD3
:100730006D696E5F66656564726174653E20543CE8
:100740006D696E5F74726176656C5F666565647213
:100750006174653E20583C6D61785F785F6A6572B0
:100760006B3E20593C6D61785F795F6A65726B3EC4
:10077000205A3C6D61785F7A5F6A65726B3E2045F6
:100780003C6D61785F655F6A65726B3E290020444D
:100790000020490020204D333031205000486F7434
:1007A000656E6420504944002E0A00206E6F74204C
:1007B00064697361626C65642E205368617265645C
:1007C000207769746800203B204C6576656C696E03
:1007D00067200020204D3432302053004175746F63
:1007E00020426564204C6576656C696E6700204622
:1007F0000020420020480020204D31343520530095
:100800004D6174657269616C2068656174757020F2
:10081000706172616D65746572730020204D3930AE
:1008200030204B004C696E65617220416476616EC8
:10083000636500204A0020204732392057204900B4
:1008400020204D3134392043203B20556E6974738C
:1008500020696E2043656C736975730A0054656D79
:10086000706572617475726520556E6974730020CD
:1008700020473231203B004C696E65617220556E15
:100880006974730020496E76616C696420657874C0
:1008900072756465722000536C6565702E2E2E0093
:1008A0005A2050726F6265205061737420426564F3
:1008B0000A005A2050726F626520506173742042A2
:1008C0006564004732384C3000205A3A20002059E5
:1008D0003A200042656420583A20004D6573682034
:1008E000706F696E74206F7574206F662072616E10
:1008F00067650A00436C69636B20746F20526573EF
:10090000756D652E2E2E00616C736F20656E6162B1
:100910006C6564290A004E6F204D6F76652E004588
:100920006E642066696C65206C6973740A004265A8
:1009300067696E2066696C65206C6973740A004E85
:100940006F206D656469610A00286E6F2066696CAE
:1009500065290043757272656E742066696C653A2C
:1009600020005344207072696E74696E672062794A
:10097000746520004E6F74205344207072696E7449
:10098000696E670A002E0A0044656C6574696F6EB3
:10099000206661696C65642028726561642D6F6EE4
:1009A0006C79292C2046696C653A20002569730012
:1009B00025696D20256973002569682025696D20EA
:1009C00025697300256964202569682025696D20E3
:1009D00025697300256979202569642025696820C7
:1009E00025696D20256973005072696E74207469E1
:1009F0006D653A20006F6B006F666600E201DD01F5
:100A0000D601CF01C10144454255473A004D31312D
:100A100033205300456E6465722D33204F46462EB9
:100A2000002F2F004D31343520533C696E646578BA
:100A30003E206F7574206F662072616E6765202896
:100A4000302D31290A005741524E494E4721204C42
:100A50006F77205A204A65726B206D6179206C6532
:100A6000616420746F20756E77616E7465642070A8
:100A700061757365732E0A0020580020204D61783F
:100A80003A2000200020204D696E3A2000203B20B3
:100A90000020204D323131205300536F66742065A1
:100AA0006E6473746F70730046523A0020466C6F28
:100AB000773A20003A200020536572766F2000209C
:100AC0006F7574206F662072616E67650A005365EA
:100AD00072766F20004261627973746570205A00EB
:100AE00050726F6265204F6666736574205A0050BD
:100AF000726F6265204F6666736574205A00646980
:100B00007300656E0043290A0061626C65642028E9
:100B10006D696E2074656D702000436F6C64206594
:100B2000787472756465732061726520004D34328B
:100B30003120696E636F72726563742070617261D7
:100B40006D657465722075736167650A004D657324
:100B50006820706F696E74206F7574206F662072E4
:100B6000616E67650A00454550524F4D204F4B0A54
:100B700000290A0020746F20003F5A206F757420EE
:100B80006F662072616E6765202800290A00207454
:100B90006F20003F59206F7574206F662072616E60
:100BA000676520282D00290A0020746F20003F5817
:100BB000206F7574206F662072616E676520282D26
:100BC00000290A00204B00285300204B0041647686
:100BD000616E63652053004D383400446F6E6520AC
:100BE0007072696E74696E672066696C650A004D83
:100BF0003737004D333100496E76616C696420658A
:100C0000787472756465720A004361703A00434FEC
:100C10004E4649475F4558504F5254004D45415448
:100C20005041434B00434F4F4C45525F54454D504C
:100C300045524154555245004348414D4245525F4B
:100C400054454D5045524154555245004241425938
:100C50005354455050494E470041524353004D4F65
:100C600054494F4E5F4D4F44455300544845524DF3
:100C7000414C5F50524F54454354494F4E004558E4
:100C800054454E4445445F4D3230004C4F4E475F13
:100C900046494C454E414D45004155544F524550F3
:100CA0004F52545F53445F5354415455530053447F
:100CB0005F575249544500524550454154005344F2
:100CC000434152440050524F4D50545F5355505081
:100CD0004F525400484F53545F414354494F4E5F65
:100CE000434F4D4D414E445300454D455247454EAF
:100CF00043595F50415253455200434153455F4C65
:100D0000494748545F4252494748544E455353005F
:100D1000544F47474C455F4C494748545300534F45
:100D20004654574152455F504F574552004255492E
:100D30004C445F50455243454E54004C4556454C3B
:100D4000494E475F44415441005A5F50524F42451B
:100D50000052554E4F5554004155544F4C45564541
:100D60004C005052494E545F4A4F420050524F4738
:100D700052455353004155544F5245504F52545FC2
:100D800054454D50004155544F5245504F52545FB9
:100D9000504F5300564F4C554D4554524943004512
:100DA0004550524F4D0042494E4152595F46494CC1
:100DB000455F5452414E53464552005345524941B6
:100DC0004C5F584F4E5F584F4646004649524D576C
:100DD0004152455F4E414D453A4D61726C696E20FE
:100DE000322E302E392E3320284D61792031342097
:100DF000323032322032323A34303A3537292053C9
:100E00004F555243455F434F44455F55524C3A67F7
:100E100069746875622E636F6D2F4D61726C696EB7
:100E20004669726D776172652F4D61726C696E20D3
:100E300050524F544F434F4C5F56455253494F4EBB
:100E40003A312E30204D414348494E455F54595068
:100E5000453A456E6465722D3320455854525544C9
:100E600045525F434F554E543A3120555549443A07
:100E700063656465326132662D343161322D3437F9
:100E800034382D396231322D63353563363266336D
:100E9000363766660A0020286D6D2900203B002049
:100EA000204D3835312058005A2D50726F62652020
:100EB0004F666673657400436F6F6C696E672E2EA4
:100EC0002E0048656174696E672E2E2E0045312014
:100ED00025530042656420436F6F6C696E672E2E48
:100EE0002E004265642048656174696E672E2E2E5F
:100EF0000023646566696E652044454641554C543F
:100F00005F004B6420004B6920004B70200050496B
:100F100044204175746F74756E652066696E6973DF
:100F2000686564212050757420746865206C617355
:100F300074204B702C204B6920616E64204B642020
:100F4000636F6E7374616E74732066726F6D20626E
:100F5000656C6F7720696E746F20436F6E6669678A
:100F600075726174696F6E2E680A005049442041A1
:100F700075746F74756E65206661696C6564212097
:100F800074696D656F75740A005049442041757429
:100F90006F74756E65206661696C656421205465A7
:100FA0006D706572617475726520746F6F20686909
:100FB00067680A00504944204379636C65730025D3
:100FC000532025692F256900204B643A2000204BCF
:100FD000693A2000204B703A200020436C61737303
:100FE000696320504944200A002054753A200020AB
:100FF0004B753A2000206D61783A2000206D696EB3
:101000003A200020643A200020626961733A20008F
:101010005761697420666F7220686561742075700D
:101020002E2E2E00504944204175746F74756E65E4
:101030002073746172740A00504944204175746FC2
:1010400074756E65206661696C6564212054656DF8
:10105000706572617475726520746F6F206869675E
:10106000680A00504944204175746F74756E6500BC
:10107000504944204175746F74756E6520666169CE
:101080006C6564212042616420686561746572202A
:1010900069640A004572723A207574663820666F7A
:1010A0006E74206E6F7420696E697469616C697A00
:1010B00065642E004572723A207574663820666F3A
:1010C0006E74206E6F7420696E697469616C697AE0
:1010D00065642E004572723A207574663820666F1A
:1010E0006E74206E6F7420696E697469616C697AC0
:1010F00065642E002568753A253032687500253004
:101100003268753A253032687500253032687527A7
:101110002530326875002568756420253032687581
:101120003A25303268750042656400456E636C6F25
:1011300073757265002020202020202000202020B0
:101140002000657272001FE0201020102010102077
:1011500010202010201030300840048003001FE0D1
:101160003FF03FF03FF01FE01FE03FF03FF03FF067
:101170000FC0078003003FFFF038007030FC3020C4
:10118000FC102078102030102C00D02E31D02F7B76
:10119000D02F7BD02E31D02C00D0203010207810D2
:1011A00020FC1030FC303800703FFFF03FFFF0387B
:1011B00000703186302387102787902F87D02F0328
:1011C000D02030102078102078102030102F03D03D
:1011D0002F87D02787902387103186303800703FC3
:1011E000FFF01FFFF81FFFF804104002082002085C
:1011F0002004104008208010410010410008208089
:101200000410400000001FFFF81FFFF8000C0F0043
:10121000FE07022503BB017FFE08FE08FE05080845
:1012200006000040F0C88888987810050808060075
:1012300000C0F88888888888F80505050600012020
:1012400030F830200508080600002070F820202023
:1012500020E00509090600FF2070A8A8B88888705A
:1012600020070505070001D86C366CD8050909066A
:1012700000FFF8A88888888888A8F8050A0A060068
:10128000FE205050505088A8A88870030303060021
:101290000340A040FFFFFFFFFFFFFFFFFFFFFFFF37
:1012A000FFFFFFFFFFFFFFFFFFFF0000000605FF3E
:1012B000010707060200808080808000800303030E
:1012C000060105A0A0A005060606000050F8505033
:1012D000F8500509090600FF2070A8A07028A87022
:1012E00020050707060000C8C81020409898050789
:1012F0000706000040A0A040A89068010303060272
:10130000058080800309090601FF2040408080801D
:101310004040200309090601FF8040402020204072
:10132000408005070706000020A8702070A820054F
:1013300005050600012020F820200203030601FF16
:10134000C04080050101060003F802020206010008
:10135000C0C00507070600000810102040408005A7
:101360000707060000708898A8C88870030707065A
:10137000010040C040404040E00507070600007003
:101380008808102040F8050707060000F80810300C
:1013900008887005070706000010305090F81010FC
:1013A000050707060000F880F008088870050707A1
:1013B000060000304080F0888870050707060000AE
:1013C000F808101020202005070706000070888804
:1013D00070888870050707060000708888780810F4
:1013E00060020505060100C0C000C0C00206060676
:1013F00001FFC0C000C04080030505060101204078
:10140000804020050303060002F800F803050506E6
:101410000101804020408005070706000070881009
:10142000202000200507070600007088B8A8B880B3
:1014300070050707060000708888F8888888050707
:1014400007060000F04848704848F0050707060006
:101450000070888080808870050707060000F048CB
:1014600048484848F0050707060000F88080F080EB
:1014700080F8050707060000F88080F0808080056E
:1014800007070600007088808098887005070706A7
:101490000000888888F8888888030707060100E02C
:1014A0004040404040E0050707060000381010109B
:1014B0001090600507070600008890A0C0A09088E3
:1014C000050707060000808080808080F8050707F8
:1014D00006000088D8A888888888050707060000C5
:1014E0008888C8A89888880507070600007088883B
:1014F00088888870050707060000F08888F08080DB
:101500008005070706000070888888A8906805078E
:1015100007060000F08888F0A090880507070600FD
:101520000070888070088870050707060000F820A2
:10153000202020202005070706000088888888884A
:1015400088700507070600008888888850502005A5
:10155000070706000088888888A8A850050707069E
:1015600000008888502050888805070706000088FA
:10157000885020202020050707060000F8081020CA
:101580004080F80309090601FFE0808080808080A8
:1015900080E0050707060000804040201010080387
:1015A00009090601FFE020202020202020E005037B
:1015B000030600052050880501010600FEF803031C
:1015C0000306010580402005050506000070087827
:1015D00088780507070600008080F0888888F00575
:1015E000050506000070808088700507070600006A
:1015F000080878888888780505050600007088F056
:101600008070050707060000304840E04040400574
:1016100007070600FE7088888878087005070706A7
:1016200000008080F0888888880307070601004052
:1016300000C0404040E00409090601FE10003010DF
:10164000101010906005070706000080808890E069
:101650009088030707060100C04040404040E00575
:101660000505060000D0A8A8A8A8050505060000E5
:10167000B0C88888880505050600007088888870CD
:101680000507070600FEF0888888F08080050707B8
:101690000600FE7888888878080805050506000099
:1016A000B0C880808005050506000078807008F0CD
:1016B0000507070600002020F82020201805050552
:1016C0000600008888889868050505060000888857
:1016D0008850200505050600008888A8A850050543
:1016E0000506000088502050880507070600FE8880
:1016F000888850204080050505060000F81020402D
:10170000F80309090601FF20404040804040402086
:101710000109090602FF808080808080808080032C
:1017200009090601FF8040404020404040800503F9
:101730000306000248A890FF504C41005072696EA9
:10174000742041626F72746564004D3235005061DF
:101750007573696E672E2E2E004D3234004545504C
:10176000524F4D2056657273696F6E204572726FCD
:101770007200454550524F4D20496E6465782045B2
:1017800072726F7200454550524F4D2043524320B4
:101790004572726F72003F0049676E6F726500524A
:1017A0006573657400496E697469616C697A652056
:1017B000454550524F4D0050726F6265205A204F80
:1017C0006666736574004D333033205531204525EE
:1017D000692053256900504944204175746F747520
:1017E0006E65202A002008204661637400200820CE
:1017F0004D6178002008204D696E004F6666004FED
:101800006E004175746F74656D700045207374656A
:1018100070732F6D6D005A2053746570732F6D6D4A
:1018200000592053746570732F6D6D0058205374E8
:101830006570732F6D6D00416476616E6365642021
:1018400053657474696E677300416476616E636595
:10185000204B0054656D706572617475726500533C
:10186000746570732F6D6D00436F6E666967757276
:101870006174696F6E0053746F7265205365747480
:10188000696E6773004C6F61642053657474696E90
:1018900067730050726F6265205A204F66667365E9
:1018A00074004661646520486569676874004F6626
:1018B00066004F6E00426564204C6576656C696E0B
:1018C00067004C6576656C20426564004732394E8E
:1018D00000473239004175746F20486F6D65004DC7
:1018E0006F74696F6E0053572D4D6F6465005374AC
:1018F0006F77004465706C6F790053656C662D548A
:1019000065737400526573657400436F6E66696732
:1019100075726174696F6E00526573746F726520C1
:1019200044656661756C7473004C6F616420536527
:101930007474696E67730053746F726520536574B5
:1019400074696E677300424C546F7563680050721F
:101950006F6265205A204F66667365740041647635
:10196000616E6365642053657474696E6773004DBE
:1019700061696E003F004261636B0053746F7000D9
:101980004D323200417474616368204D6564696151
:10199000004D3231005072696E742066726F6D2096
:1019A0004D656469610052656C65617365204D65C4
:1019B00064696100436F6E66696775726174696F0F
:1019C0006E0054656D7065726174757265004D6F5F
:1019D00074696F6E00526573756D65205072696E23
:1019E000740054756E650053746F70205072696E88
:1019F00074005061757365205072696E7400496E91
:101A0000666F2053637265656E003F0053746172A8
:101A100074205072696E740043616E63656C00508F
:101A200072696E740043616E6E6F7420656E7465CA
:101A300072207375626469723A200002202E2E00B3
:101A40000152656672657368004D61696E00210020
:101A5000486F74656E6420746F6F20636F6C6400F0
:101A60004261636B0050726F63656564004D6F7413
:101A7000696F6E0044697361626C652053746570B0
:101A800070657273004D383400426564204C657691
:101A9000656C696E67004175746F20486F6D6500F5
:101AA000473238004D61696E005072656865617437
:101AB00020242042656400507265686561742024AA
:101AC00020456E640054656D706572617475726551
:101AD000003817436F6F6C646F776E0050726568E3
:101AE00065617420240046616E2053706565640052
:101AF000426564004E6F7A7A6C65004D61696E00D4
:101B000050726F6265205A204F6666736574004696
:101B10006C6F770046616E205370656564004265A6
:101B200064004E6F7A7A6C65005370656564004D91
:101B300061696E00486F6D696E67204661696C650A
:101B400064006F70656E00545249474745524544E2
:101B5000003A20007A5F6D696E00795F6D696E00F2
:101B6000785F6D696E005265706F7274696E672080
:101B7000656E6473746F70207374617475730A009A
:101B800020636F6C6420657874727573696F6E2062
:101B900070726576656E7465640A00486F6D6520C5
:101BA0002573257325732046697273740000000045
:101BB0000000000000000000005761726E696E674F
:101BC0003A20486F6D696E672042756D70204469D8
:101BD0007669736F72203C20310A00020204000013
:101BE0006B4300006B4300007A430000A0400000FC
:101BF000A04000000040FFFFFF50726568656174FF
:101C0000696E672E2E2E0000006B4300006B4300B0
:101C1000007A4300000000000000000000000053B4
:101C2000657474696E67732053746F726564000025
:101C300000FA430000FA430000A0400000C8410041
:101C400000A0420000A0420000C8430000BA42F4D5
:101C5000010000F40100006400000088130000246B
:101C6000F4D43050C38E20C2A24017828B70111260
:101C70007A910D816CD90AA861E108C7586607619D
:101C80005143061E4B5D05C145A7041A41110409C5
:101C90003D9803713931034036DB0265339102D43C
:101CA000305402802E1D02632CEE01752AC501B04E
:101CB00028A001102781018F2564012B244B01E00E
:101CC000223401AC211F018D200D01801FFC0084F6
:101CD0001EED00971DDF00B81CD200E61BC60020D9
:101CE0001BBC00641AB200B219A8000A19A0006A4D
:101CF000189900D117910040178B00B51684003158
:101D0000167E00B31579003A157300C7146F00589A
:101D1000146A00EE1366008813630025135E00C783
:101D2000125B006C12570015125400C11151007063
:101D3000114F0021114B00D61049008D104700466D
:101D400010440002104200C00F4000800F3E0042CD
:101D50000F3C00060F3B00CB0E3800930E37005CA3
:101D60000E3500270E3400F30D3200C10D31009006
:101D70000D3000600D2E00320D2D00050D2C00D908
:101D80000C2B00AE0C2900850C29005C0C270035BB
:101D90000C27000E0C2600E80B2400C40B2400A026
:101DA0000B23007D0B23005A0B2100390B21001857
:101DB0000B2000F80A1F00D90A1E00BB0A1E009D56
:101DC0000A1D00800A1D00630A1C00470A1B002C24
:101DD0000A1B00110A1A00F7091A00DD091900C4CC
:101DE000091900AB091900920917007B0918006353
:101DF0000917004C09160036091600200916000ABA
:101E0000091500F5081500E0081400CC081400B806
:101E1000081400A4081400900813007D0812006B39
:101E20000813005808120046081200340811002355
:101E30000811001208110001081100F0071000E05D
:101E4000071000D0071000C0071000B0070F00A156
:101E500007100091070E0083070F0074070F00653D
:101E6000070E0057070E0049070E003B070D002E16
:101E7000070E0020070D0013070D0006070D00F9DF
:101E8000060C00ED060D00E0060C00D4060C00C8A0
:101E9000060C00BC060C00B0060C00A4060B009952
:101EA000060C008D060B0082060B0077060B006CFB
:101EB000060B0061060A0057060B004C060A00429A
:101EC000060A0038060A002E060A0024060A001A2E
:101ED000060A001006090007060A00FD050900F4BD
:101EE000050900EB050900E2050900D9050900D044
:101EF000050900C7050900BE050900B5050800ADC4
:101F0000050800A50509009C050800940508008C3B
:101F1000050800840508007C050800740508006CAD
:101F2000050700650508005D050700560508004E19
:101F30000507004705070040050800380507003180
:101F40000507002A050700230507001C05060016E3
:101F50000507000F0507000805060002050700FB3E
:101F6000040600F5040700EE040600E8040600E29B
:101F7000040700DB040600D5040600CF040600C9F0
:101F8000040600C3040600BD040600B7040600B141
:101F9000040500AC040600A6040600A00405009B8E
:101FA00004060095040500900406008A04050085D7
:101FB000040500800406007A04050075040500701D
:101FC0000405006B04050066040500610405005C5F
:101FD00004050057040500520405004D040500489F
:101FE000040500430405003E0404003A04050035DE
:101FF000040500300404002C040500270404002319
:102000000405001E0404001A04040016040500114F
:102010000404000D04040009040500040404000085
:10202000040400FC030400F8030400F4030400F0BB
:10203000030400EC030400E8030400E4030400E0EC
:10204000030400DC030400D8030400D4030400D01C
:10205000030400CC030400C8030300C503030024E9
:10206000F404D9201BC40C5C0E9804C4095F0265FB
:10207000077101F405F900FB04B30048048700C1AF
:102080000369005803550003034500BE023A00846B
:1020900002310053022A002902250004022000E434
:1020A000011C00C8011900AF011700980114008439
:1020B000011300710110006101100051010E004375
:1020C000010D0036010B002B010B0020010B001548
:1020D0000109000C01090003010800FB000800F3DE
:1020E000000800EB000700E4000600DE000600D850
:1020F000000600D2000600CC000500C7000500C2A3
:10210000000500BD000400B9000400B5000400B1E2
:10211000000400AD000400A9000400A5000300A213
:102120000003009F0004009B00030098000300953B
:1021300000020093000300900003008D0002008B5A
:102140000003008800020086000200840003008172
:102150000002007F0002007D0002007B0002007987
:102160000002007700010076000200740002007295
:10217000000100710002006F0002006D0001006CA0
:102180000002006A000100690002006700010066A9
:1021900000010065000100640002006200010061AE
:1021A000000100600001005F0002005D0001005CB2
:1021B0000001005B0001005A0001005900010058B5
:1021C00000010057000100560001005500010054B5
:1021D00000010053000000530001005200010051B3
:1021E000000100500001004F0001004E0000004EB1
:1021F0000001004D0001004C0001004B0000004BAD
:102200000001004A000100490001004800000048A8
:1022100000010047000100460000004600010045A3
:10222000000000450001004400010043000000439D
:102230000001004200000042000100410000004196
:10224000000100400001003F0000003F0001003E8F
:102250000000003E0001003D0000003D0001003C88
:102260000000003C0000003C0001003B0000003B7F
:102270000001003A0000003A000100390000003976
:10228000000100380000003800000038000100376D
:102290000000003700010036000000360000003664
:1022A0000001003500000035000000350001003459
:1022B000000000340000003400010033000000334F
:1022C0000000003300010032000000320000003244
:1022D0000001003100000031000000310001003039
:1022E00000000030000000300001002F0000002F2F
:1022F0000000002F0000002F0001002E0000002E23
:102300000000002E0001002D0000002D0000002D17
:102310000000002D0001002C0000002C0000002C0B
:102320000000002C0001002B0000002B0000002BFF
:102330000000002B0001002A0000002A0000002AF3
:102340000000002A000100290000002900000029E7
:1023500000000029000000290001002800000028DA
:1023600000000028000000280000002800010027CD
:1023700000000027000000270000002700000027C1
:1023800000010026000000260000002600000026B4
:1023900000000026000100250000002500000025A7
:1023A0000000002500000025000000250001002499
:1023B000000000240000002400000024000000248D
:1023C0000001002300000023000000230000002380
:1023D0000000002300000023000000230001002271
:1023E0000000002200000022000000220000002265
:1023F0000000002200010021000000210000002157
:102400000000002100000021000000210000002148
:10241000000100200000002000000020000000203B
:10242000000000200000002000000020000000202C
:102430000001001F0000001F0000001F0000001F1F
:102440000000001F0000001F0000001F0001001E10
:102450000000001E0000001E0000001E000000C260
:102460003100001C260000F4190000D80F0000EB1A
:10247000080000C0040000750200004001000020B8
:10248000436F756E7420583A004265640045310010
:102490004500626564002C2073797374656D207348
:1024A000746F7070656421204865617465725F495E
:1024B000443A200048656174696E67204661696C22
:1024C00065640048656174696E67206661696C6562
:1024D00064004D3131322053687574646F776E003B
:1024E0004572723A204D415854454D50004D415867
:1024F00054454D5020747269676765726564004584
:1025000072723A204D494E54454D50004D494E543B
:10251000454D502074726967676572656400544860
:1025200045524D414C2052554E4157415900546837
:1025300065726D616C2052756E6177617900202F34
:10254000002042403A0020403A0020573A002057ED
:102550003A004265642048656174696E672E2E2ECC
:10256000005761697420666F722062656420686537
:102570006174696E672E2E2E0A0043616E6E6F7451
:10258000206F70656E207375626469722000534419
:102590002063617264206F6B0A006F70656E526F0A
:1025A0006F74206661696C65640A00766F6C756D86
:1025B000652E696E6974206661696C65640A004EF7
:1025C0006F20534420636172640A000A4D32340064
:1025D0004D3233202573002E0A006F70656E206621
:1025E00061696C65642C2046696C653A2000466917
:1025F0006C652073656C65637465640A00205369BB
:102600007A653A200046696C65206F70656E656476
:102610003A2000454E4420535542524F5554494E9E
:10262000450A002220706F73002220706172656E6F
:10263000743A2200535542524F5554494E45204357
:10264000414C4C207461726765743A220053756284
:1026500063616C6C204F766572666C6F77004578AD
:10266000636565646564206D617820535542524FFF
:102670005554494E452064657074683A0066726529
:10268000736800646F696E67002066696C653A2044
:10269000004E6F7720002F6175746F25632E6700E1
:1026A00070012C0190012701B0012201C0011D0120
:1026B000F00118011002130130020E01600209013D
:1026C00090020401C002FF000003FA004003F5007D
:1026D0008003F000D003EB002004E6007004E1006A
:1026E000E004DC004005D700C005D2004006CD0064
:1026F000D006C8008007C3003008BE00F008B9004B
:10270000C009B400B00AAF00B00BAA00D00CA500FD
:10271000000EA000500F9B00C010960050129100B8
:1027200000148C00C0158700B0178200B0197D001E
:10273000D01B7800001E730040206E0090226900BC
:10274000F024640040275F0090295A00E02B5500D8
:10275000102E500020304B0010324600E033410074
:1027600090353C001037370070383200A0392D000A
:10277000B03A2800A03B2300603C1E00103D190029
:10278000903D1400103E0F00703E0A00C03E050050
:10279000003F0000403FFBFF803FF6FFC03FF1FFDE
:1027A0002020506C616E6E6572427566666572427D
:1027B000797465733A20002046726565204D656D19
:1027C0006F72793A200020436F6D70696C65643ACE
:1027D000204D617920313420323032320A00204CD1
:1027E00061737420557064617465643A20323032CC
:1027F000312D31322D3235207C20417574686F7255
:102800003A20287468697369736B65697468622C0F
:1028100020456E6465722D33290A004D61726C6922
:102820006E20322E302E392E330A0020536F6674FC
:10283000776172652052657365740A002057617470
:102840006368646F672052657365740A0020427282
:102850006F776E206F75742052657365740A00205F
:1028600045787465726E616C2052657365740A00F8
:10287000506F77657255700A0073746172740A0044
:102880004732385859004D31303031006F6B006598
:1028900072726F722077726974696E6720746F202C
:1028A00066696C650A00446F6E6520736176696EB7
:1028B000672066696C652E0A004D323900456E64EA
:1028C00073746F70730025532025632025632025C2
:1028D0006320256300205A3A0020593A0020583AD4
:1028E00000656E6473746F7073206869743A2000B9
:1028F000000000010200090A0000000004030807AC
:1029000000000000000000000000000000000000C7
:10291000004D6F76652025736D6D004D6F766520D7
:10292000302E316D6D004D6F766520316D6D004D2F
:102930006F76652031306D6D004D6F766520417882
:102940006973004D6F7665204578747275646572A1
:10295000004D6F7665205A004D6F76652059004D09
:102960006F76652058005072696E742066726F6DC4
:10297000204D656469610050726F62696E67204620
:1029800061696C65640A0050726F62696E67204607
:1029900061696C656400205A3A200020593A200091
:1029A00042656420583A2000456E6465722D3320DC
:1029B00052656164792E005072696E74696E672E7B
:1029C0002E2E005072696E7420506175736564001C
:1029D000204500205A0020590020204D393220582F
:1029E0000053746570732070657220756E69740091
:1029F0003B20002E0A002028302D3130290020767F
:102A0000616C7565206F7574206F662072616E67EA
:102A10006500220A00556E6B6E6F776E20636F6DD6
:102A20006D616E643A20220000002200250028001B
:102A30002B0000002100240027002A0002020202CD
:102A40000202020204040404040404040303030352
:102A50000303030301010101010101010102040853
:102A60001020408001020408102040800102040868
:102A70001020408080402010080402014572726FCF
:102A8000722077726974696E6720746F20454550B3
:102A9000524F4D210A0020636F6C64206578747278
:102AA0007573696F6E2070726576656E7465640A01
:102AB0000020453A00205A3A0020593A00583A007E
:102AC0006F6B0A00526573656E643A20007C3C3E71
:102AD0005E2B3D3F2F5B5D3B2C2A225C0000DAD849
:102AE0009DDF11241FBECFEFD0E4DEBFCDBF84B782
:102AF00080933E3114BE0FB6F894A8958091600083
:102B0000886180936000109260000FBE12E0A0E028
:102B1000B1E0EEE4FBED01E00BBF02C007900D92C7
:102B2000AA37B107D9F721E3AAE7B2E001C01D92A5
:102B3000AE33B207E1F715E1C0E7D5E104C0219754
:102B4000FE010E9402EBCF36D107C9F70E94E9D9F6
:102B50000C949BED0C940000FC01A081B1811C92AF
:102B6000A281B3818C918F5F8C930280F381E02DE1
:102B700090818CE0989F800D1124E4E4FDE213AE77
:102B800084AF0895FC0184910895FC01808108952B
:102B9000119800C087FD43C0419800C0119A00C041
:102BA00000C0119800C086FD46C0419800C0119A2F
:102BB00000C000C0119800C085FD3BC0419800C016
:102BC000119A00C000C0119800C084FD30C0419827
:102BD00000C0119A00C000C0119800C083FD25C03C
:102BE000419800C0119A00C000C0119800C082FD39
:102BF0001AC0419800C0119A00C000C0119800C0CE
:102C000081FD0FC0419800C0119A00C000C011980A
:102C100000C0419800C0119A00C000C00895419AB8
:102C2000BCCF419AF0CF419AE5CF419ADACF419A91
:102C3000CFCF419AC4CF419AB9CF90E080E00895B8
:102C4000CF93DF93DB01F9019C919130C1F0943077
:102C500080F094509C938830D1F4808191810097CA
:102C600071F0019791838083480F591FEA01188200
:102C700006C08C3539F49C5F9C93943041F4DF910D
:102C8000CF9108958B3339F781E08C93F8CF208171
:102C90003181B9016F5F7F4F71836083420F531F92
:102CA000EA018883808191818F3591056CF7E7CFA8
:102CB0000F931F9381E00091982E1091992E2091EF
:102CC0009A2E30919B2E4091942E5091952E60918A
:102CD000962E7091972E041715072607370708F4CC
:102CE00080E01F910F91089590E080E00895209179
:102CF000F903833021F425FD0CC024FD0CC030E025
:102D0000A90102C0559547958A95E2F7CA018170DD
:102D1000089581E0089580E008958091150484FD70
:102D20000BC08091170487FD07C090911804937021
:102D300081E019F480E0089581E008952FEB280FD9
:102D40002A3108F047C0E22FF0E0809115049091FD
:102D50001604A0911704B091180404C0B695A79565
:102D6000979587952A95D2F780FD02C081700895C6
:102D7000E550FC4FE081EE2341F180915D07909199
:102D80005E07E80FF92FF11D808190ED980F9A30C2
:102D900030F08E3251F4818180538A3098F4F09370
:102DA000EE03E093ED0381E008958D3211F08B3254
:102DB00049F4818190ED980F9A3088F38E3211F4A6
:102DC0008281EACFF0E0E0E0EACF1092EE031092C9
:102DD000ED03E9CF80E00895CF93DF9385E4AEDF84
:102DE000882309F188E04091150450911604609100
:102DF000170470911804972F9170C92F90E0D92F64
:102E0000CC0FDD1F71FB222720F930E0220F331F8A
:102E1000220F331FC22B67FB442740F9C42B8C2B96
:102E2000DF91CF91089580E0DECF88DF882341F0E5
:102E300081E02091ED033091EE03232B09F480E033
:102E40000895A0E1B0E0E7E2F7E10C940BEBF82E77
:102E5000E62EB42E122F282F30E03E872D87262E07
:102E6000312C05E0029FA001039F500D11245A83CD
:102E70004983FA01E20DF31DEE0FFF1FEE0FFF1F56
:102E8000E156FB4F60817181828193819B01AC018E
:102E90000E941DED882309F40DC14B2D4F0D612FAC
:102EA0006E0D049FF0011124DF01A20DB31DAA0FC6
:102EB000BB1FAA0FBB1FA156BB4FCD90DD90ED905D
:102EC000FC904B0D049FA0011124DA01A20DB31D4B
:102ED000AA0FBB1FAA0FBB1FA156BB4F8D909D9081
:102EE000AD90BC90862F90E0A981BA81A80FB91F40
:102EF000AA0FBB1FAA0FBB1FA156BB4F4D905D90E1
:102F00006D907C90610F70E009811A81060F171F88
:102F1000000F111F000F111F01561B4FD8010D91FB
:102F20001D912D913C9109831A832B833C83E80FDB
:102F3000F91FEE0FFF1FEE0FFF1FE156FB4F008141
:102F40001181228133810D831E832F833887FA01FB
:102F5000E60FF71FEE0FFF1FEE0FFF1FE156FB4FAF
:102F6000208131814281538129873A874B875C8751
:102F7000A5019401C501B4010E941DED882319F03B
:102F8000812C912C5401A7019601C701B6010E9422
:102F90001DED882311F07501640129813A814B816F
:102FA0005C81CA01B9010E941DED882321F01982BC
:102FB0001A821B821C82A3019201C301B2010E94EA
:102FC0001DED882321F049805A806B807C80298503
:102FD0003A854B855C85CA01B9010E941DED8823A5
:102FE00021F019861A861B861C862D813E814F8111
:102FF0005885CA01B9010E941DED882341F08985D9
:103000009A85AB85BC858D839E83AF83B88785E029
:103010000D851E85809FD001819FB00D1124A20DCA
:10302000B31DAA0FBB1FAA0FBB1FA156BB4FBE8764
:10303000AD87A7019601C701B6010E9443EBA50128
:1030400094010E9442EB6B017C01A3019201C30138
:10305000B2010E9443EB29813A814B815C810E943D
:1030600042EB9B01AC01C701B6010E9443EB6B012F
:103070007C012D813E814F815885CA01B9010E9492
:1030800043EB29853A854B855C850E9442EB9B0189
:10309000AC01C701B6010E9443EB20E030E040E400
:1030A00050E40E94BAEBAD85BE856D937D938D9300
:1030B0009C9313976096E2E10C9427EBCF93DF93F8
:1030C000C0911907D0911A07209729F1609115072F
:1030D0007091160780911707909118070E9422ECB3
:1030E0006E5F7F4F24976C177D07ACF470931605C5
:1030F000609315050E94DAC9605A75418F4F9F4F42
:1031000060931705709318058093190590931A051D
:10311000DF91CF9108951092170510921805109223
:10312000190510921A05F4CFB0E0A0E0EAE9F8E141
:103130000C9414EB6B01E9014A3009F4D5C0453118
:1031400009F081C0DB011296ED91FC91F28096812D
:103150008781139A00C00000E6E2F0E03197F0F7B3
:10316000092F182FEF2CE29420EFE22230E1B32E4A
:10317000BF0CE80188EF0CDD00C0000086E290E0A3
:103180000197F0F7BFE1BF1508F49BC08F2D807742
:103190008068FEDC8E2DFCDC00C0000086E290E042
:1031A0000197F0F780E8F4DC80E0F2DC00C000007A
:1031B00086E290E00197F0F78AEFEADC00C00000B9
:1031C00086E290E00197F0F7005F1F4F8881807FD3
:1031D000DFDC89918295807FDBDCC017D107B1F7F6
:1031E00000C0000086E290E00197F0F7F394E0E180
:1031F000EE0EFB10BECF1398D6011296ED91FC9106
:1032000080819281980F92832181921708F09FC14B
:1032100094819F5F94839381890F821710F08FEFC1
:10322000820F8383458150E0440F551F70E060E0BA
:10323000868197810E9447ED81E0CDB7DEB7E9E056
:103240000C9430EBDEC1FB0102811381423309F49F
:1032500085C108F48DC1463409F475C1473409F4B9
:1032600082C14B3349F789812B81D80112967C9119
:10327000129713963C91213009F4BFC1233009F015
:10328000A0C148EF480F582F91E0341708F490E0A0
:1032900031E0541708F030E0492F432B61E0571715
:1032A00008F460E0462311F4932331F2FA8030E011
:1032B000F901E256FE4FD08026563E4FF901E080DC
:1032C00099C180EE8F0D8068807F62DC8F2D8295A2
:1032D000807F5EDC00C0000086E290E00197F0F79E
:1032E00080E856DC80E861CF0B9A1398399A4198B0
:1032F000099A119A139A00C0000086E290E00197A3
:10330000F0F788E790E0CEE9DFE0FE013197F1F7D2
:103310000197D9F788EF3CDC00C0000086E290E01E
:103320000197F0F780E234DC80E032DC00C000007E
:1033300086E290E00197F0F780E02ADC80E828DC64
:1033400000C0000086E290E00197F0F780E020DC0A
:1033500080E11EDC00C0000086E290E00197F0F7FB
:10336000CE010197F1F7CE010197F1F7CE01019758
:10337000F1F7CE010197F1F7CE010197F1F7CE01F8
:103380000197F1F7CE010197F1F7CE010197F1F71F
:10339000CE010197F1F7CE010197F1F7CE01019728
:1033A000F1F7CE010197F1F7CE010197F1F7CE01C8
:1033B0000197F1F72197F1F780E2EADB80E4E8DB9F
:1033C00000C0000086E290E00197F0F780E2E0DBC9
:1033D00080E6DEDB00C0000086E290E00197F0F7B7
:1033E000D0E0C0E08C2F80778068D2DB8D2FD0DBDF
:1033F00000C0000086E290E00197F0F780E8C8DBAB
:1034000080E0C6DB00C0000086E290E00197F0F7A4
:103410008AEFBEDB00C0000086E290E00197F0F783
:1034200080E2119800C0419800C0119A00C000C00D
:10343000119800C0419800C0119A00C000C01198B6
:1034400000C0419800C0119A00C000C0119800C08F
:10345000419800C0119A00C000C0119800C0419866
:1034600000C0119A00C000C0119800C0419800C06F
:10347000119A00C000C0119800C0419800C0119A74
:1034800000C000C0119800C0419800C0119A00C04F
:1034900000C0119800C0419800C0119A00C000C03F
:1034A000119800C0419800C0119A00C000C0119846
:1034B00000C0419800C0119A00C000C0119800C01F
:1034C000419800C0119A00C000C0119800C04198F6
:1034D00000C0119A00C000C0119800C0419800C0FF
:1034E000119A00C000C0119800C0419800C0119A04
:1034F00000C000C0119800C0419800C0119A00C0DF
:1035000000C000C00000E6E2F0E03197F0F7815023
:1035100009F087CF88EF3CDB00C0000086E290E036
:103520000197F0F7CF5FD05FC03209F05BCF80E04A
:103530002FDB80EC2DDB00C0000086E290E00197DD
:10354000F0F7139879CEF8018581888375CE80E0F5
:10355000CDB7DEB7E9E00C9430EB53C0B901C80138
:103560000E9430CA69CED80111968C91888364CEAE
:10357000443191F0473109F05FCE1882D80112969C
:103580008C911297898315968C91159781508A8317
:1035900013968C918B8350CED80115964C9115972C
:1035A00050E0440F551F70E060E016968D919C919D
:1035B0000E9447EDF801128280818150838314823A
:1035C0003BCE381708F438CE871708F435CEFA808A
:1035D000E12CD12C243070F46ACEBE01C8010E94C7
:1035E00030CA898198819D0D98838E0D8983FF0C47
:1035F00009F422CEF7FEF6CFF0CF58E0580F482F4F
:1036000043CE20911E04022E000C330B82171306AA
:1036100041F080931E046CE072E188E49DE20C941A
:1036200086CC08954F925F926F927F928F929F9275
:10363000AF92BF92CF92DF92EF92FF92CF93DF9340
:1036400000D000D0CDB7DEB70E94DAC96B017C0193
:10365000809127018F3FC1F10E94DAC980905C04FC
:1036600090905D04A0905E04B0905F0468197909A1
:103670008A099B0997FD28C08091202D9091212DCA
:103680008F5F8F71891701F1E0912701E43008F015
:10369000DEC024E0E29FF0011124EE55FE4F808150
:1036A0009181A281B38189839A83AB83BC8320E01B
:1036B00030E0A901BE016F5F7F4F89EA92E10E946D
:1036C000F3C18FEF809327010E949EA080916D042B
:1036D00082FFC6C080916B0481111DC091E0909360
:1036E0006B048091720489278093220710927204E0
:1036F00083E08093740110926D040E94DAC96C50CB
:103700007E4F8F4F9F4F60936E0470936F04809332
:103710007004909371048091670490916804A09163
:103720006904B0916A04A7019601281B390B4A0B62
:103730005B0BDA01C901B7FF05C0809175048823CE
:1037400009F402C2D701C6018C599F4FAF4FBF4F3A
:103750008093670490936804A0936904B0936A040B
:1037600060916C04062E000C770B77FF03C07195F7
:103770006195710990916C0480916604981373C0EF
:10378000633008F070C010926C0480916C048093D8
:103790006604643008F077C0809122078111F5C07B
:1037A0008091422D9091432D3BE28B31930709F09C
:1037B00010C180917501882309F4F9C0815080936C
:1037C00075010E94566E8090890790908A07A0909C
:1037D0008B07B0908C0781110E94636ED501C401E4
:1037E0003AE0B695A795979587953A95D1F70097C2
:1037F00051E0A507B10520F08FEF9FEFA0E0B0E00A
:103800009695879520917401211112C1309175040C
:103810003111C6C18091422D9091432D8B519B4215
:1038200009F4A5C1809176048111A1C1809162043F
:1038300090916304A0916404B0916504C81AD90AF8
:10384000EA0AFB0AF7FCA1C10E9431809EC1809167
:10385000760190917701A0917801B091790123CF01
:1038600010926B0458CF633009F08FCF80916C04B5
:1038700087FD07C081E0880F880F80936C0464E0A7
:1038800084CF8FEFF8CF8091450721E030E040E012
:1038900050E0882309F456C0809041079090420779
:1038A000A0904307B090440781149104A104B1048F
:1038B000E9F170E090E080E00E943BE420E030E03D
:1038C00040E85EE30E949CE42B013C01C701B60185
:1038D000681979098A099B090E943BE49B01AC01A4
:1038E000C301B2010E94BAEB20E030E04AE754E4A1
:1038F0000E949CE44B015C0120E030E040EA52E48D
:103900000E94A6EC24E630E040E050E087FF12C0C1
:1039100020E030E040EF51E4C501B4010E94A6EC84
:103920002AE030E040E050E087FF04C021E030E0D2
:1039300040E050E0C0924107D0924207E092430736
:10394000F0924407A0916C040A2E000CBB0B0E945D
:10395000ADEA24E030E040E050E00E9487EA809148
:103960003D0790913E07A0913F07B0914007820F1D
:10397000931FA41FB51F80933D0790933E07A0930C
:103980003F07B093400710926C04D701C6018856D8
:10399000954CAF4FBF4F8093620490936304A09304
:1039A0006404B093650481E080937401F9CE8CE0E7
:1039B000809375018091600490916104009729F0D3
:1039C0000197909361048093600481E08093740177
:1039D000F8CE89539A4A09F0F4CE809175019FEF91
:1039E000980F909375018111ECCE809146078F5FFF
:1039F000809346079091470724E0891708F02CE050
:103A000020937501981710F41092460781E0809377
:103A10007401D701C6018856954CAF4FBF4F8093B4
:103A2000620490936304A0936404B0936504C9CEC8
:103A3000009741F040916004509161044817590784
:103A400008F0E8CE8091750481111DC0223038F055
:103A5000243008F44BC0243011F41092740180918A
:103A6000812D811105C081E08093812D0E9495CA2E
:103A700080914A2D90914B2D0E946FCA81E08093D6
:103A80003C078093750483E0BCDD81E08093682D62
:103A9000E091422DF091432D099510923C078091C1
:103AA0007504811127C0109222078091422D9091B8
:103AB000432D8B519B4209F0B5CE0E94DAC9DC013F
:103AC000CB018C199D09AE09BF09809060049090CC
:103AD0006104B12CA12C88169906AA06BB0608F031
:103AE00099CE909361048093600494CE81E080939A
:103AF0007401B5CF88E49DE20E9456CC91E081111B
:103B000001C090E090937504882369F28091422D62
:103B10009091432D8B519B42B9F40E94DAC9DC018C
:103B2000CB018C199D09AE09BF09C0906004D090EB
:103B30006104F12CE12CC816D906EA06FB0620F434
:103B400090936104809360040F900F900F900F90FA
:103B5000DF91CF91FF90EF90DF90CF90BF90AF902B
:103B60009F908F907F906F905F904F90089558E94D
:103B7000C50E5AE3D51EE11CF11CC0926204D0921E
:103B80006304E0926404F0926504809175048111ED
:103B9000DBCF809174018130B9F610927401D4CFDB
:103BA000009709F470CF46CFEF92FF920F931F93C7
:103BB000CF93DF93EC018B017A018A859B85861771
:103BC000970731F0888199810E9486CC1B870A87EC
:103BD000B701888199810E940DC72E813F81820F94
:103BE000932F911D9F838E8390E080E0CDB7DEB749
:103BF000E6E00C9433EBB0E0A0E0E1E0FEE10C94F1
:103C000013EBEC017B018A018A859B858617970758
:103C100031F0888199810E9486CCFB86EA8688856E
:103C20009985019609F5CC80DA808E81D80EA8801E
:103C3000B980D5015596ED91FC91C5010995C80E45
:103C4000780110E0F70121917F0121111FC08E81C1
:103C50009F81810F911D9F838E8390E080E0CDB77F
:103C6000DEB7EAE00C942FEBEE80FF80B80188818C
:103C700099810E940DC78E0D9F2D911D2885398534
:103C80002817390780F681E090E0E9CF4C2D6D2DA3
:103C9000C5010E94DECCD80E180FD4CFB0E0A0E052
:103CA000E4E5FEE10C9416EBEC01D62E1CAD0BAD59
:103CB0007C0184E0E80EF11CE98DFA8DC7010995BD
:103CC000412F480F2D2D602FC7010E94DECC9BADE8
:103CD000890F8BAF81E090E0CDB7DEB7E7E00C94C1
:103CE00032EBA6E0B0E0E7E7FEE10C940CEB7E835C
:103CF0006D83342EFC014080518062807380C3014B
:103D0000B20120E13EE040E050E00E9465EA490156
:103D10005A0189018CE3C82ED12CE12CF12CC3016E
:103D2000B201A70196010E9465EA69837A838B83B9
:103D30009C83CA01B901A70196010E9465EA6B0143
:103D40007C01332061F1C301B20120E831E541E09B
:103D500050E00E9465EA29013A015901DF92CF92B1
:103D6000C40168E170E00E94DBEA9F938F935F9249
:103D70004F9286E191E19F938F93FE81FF938D8116
:103D80008F930E94D0E30FB6F894DEBF0FBECDBF75
:103D900088E0FAE04F165104D8F089E019C0811488
:103DA0009104D1F48A818F9399819F93DF92CF926E
:103DB0008AE091E19F938F93EE81EF93FD81FF93D2
:103DC0000E94D0E30FB6F894DEBF0FBECDBF85E0F2
:103DD0002696E1E10C9428EB0436110568F4DF9295
:103DE0006F939F928F928EEF90E19F938F939E811E
:103DF0009F93ED81EF93E4CFDF926F939F928F9229
:103E000084EF90E19F938F939E819F93ED81EF9339
:103E10000E94D0E30FB6F894DEBF0FBECDBF86E0A0
:103E2000D7CF8091ED039091EE03009731F04AE0F7
:103E300050E070E060E00C9458E260E070E0CB018C
:103E400008958091ED039091EE03009731F04AE0E0
:103E500050E070E060E00C942BE160E070E0CB019A
:103E60000895EFDF97FD0AC0ECDF6F3F7105810514
:103E7000910509F02CF4E5DF862F089580E0089580
:103E80008FEF0895CF93C62F0E941517882311F046
:103E9000E8DFC82F8C2FCF9108958091ED0390918A
:103EA000EE03892B39F0DDDF91E0811101C090E054
:103EB000892F089591E0FCCFCF93DF93C82FD62FA1
:103EC0000E941517882321F0E8DFDF91CF91089534
:103ED0008C2F0E949E168111F8CF8D2FF6CFB1DF67
:103EE000CB010895CF93DF93EB010E941517882330
:103EF00011F0F5DFEC01CE01DF91CF9108950F9322
:103F00001F93CF938091ED039091EE030097D9F02A
:103F1000FC018F01C1912C2F2F7D81F0C53411F050
:103F2000C536B9F7F801108270E060E00E94D5DF75
:103F3000F801C083CF911F910F91089570E060E068
:103F40000E94D5DFF7CF60E070E0CB01F3CFCF92D6
:103F5000DF92EF92FF926A017B010E94151788237E
:103F600019F0CDDF6B017C01C701B601FF90EF9026
:103F7000DF90CF900895CF92DF92EF92FF92CF9390
:103F8000C82F0E94DAC96B017C0124EA30E74DE7B3
:103F90005FE360913201709133018091340190911F
:103FA00035010E9437E487FD18C08AEF90E0A0E059
:103FB000B0E08C0D9D1DAE1DBF1D80935C049093E1
:103FC0005D04A0935E04B0935F04C0932701CF917A
:103FD000FF90EF90DF90CF90089580E090E0DC01BB
:103FE000E8CFCF9380912104811154C010927F2D8E
:103FF0001092802D1092812D10924D2D10924C2DEB
:1040000010924F2D10924E2D1092512D81E08093E1
:10401000502D82E28093522D1092572D1092562DE2
:10402000EBE6FDE229E73DE28FEF81932E173F0794
:10403000E1F7C1E0C093682D26E53CEA30935E2DA0
:1040400020935D2DC0935F2D1092602D1092612DF5
:1040500090E49093622D1092632D25E53CEA309315
:104060007A2D2093792D2FE131E030934B2D209341
:104070004A2D9EE190936F2D91E19093702D9CE1DC
:1040800090936D2D80936C2D80936B2D0E9495CA1B
:10409000C093210481E08093200485E391E1909313
:1040A0007F2C80937E2C1092812C1092802C539820
:1040B0005B9A52985A9A3898409A0E949EA0109201
:1040C0006C04CF910895FC0180E0309749F0949101
:1040D000992331F0907C903809F08F5F3196F7CFBB
:1040E0000895009751F0FC0180E09191992331F0FF
:1040F000907C9038D1F38F5FF8CF80E00895B0E0E6
:10410000A0E0E5E8F0E20C9413EBEC015B018A011E
:10411000FB01099587FD10C0C82ED12CF12CE12C94
:104120002196F801C082D182E282F382CE01CDB71E
:10413000DEB7EAE00C942FEB982F907E903CA9F428
:104140008F7190E0B0E0A0E06C017D0156E0CC0CF6
:10415000DD1CEE1CFF1C5A95D1F7CE010196F5012E
:1041600009958F73C82A2296DCCF982F907F903EB6
:1041700011F58F7090E0B0E0A0E06C017D0136E0B9
:10418000CC0CDD1CEE1CFF1C3A95D1F7CE0101963C
:10419000F50109958F73C82A46E0CC0CDD1CEE1C96
:1041A000FF1C4A95D1F7CE010296F50109958F7350
:1041B000C82A2396B6CF982F987F903F79F58770BD
:1041C00090E0B0E0A0E06C017D0186E0CC0CDD1C4D
:1041D000EE1CFF1C8A95D1F7CE010196F5010995D9
:1041E0008F73C82A96E0CC0CDD1CEE1CFF1C9A9540
:1041F000D1F7CE010296F50109958F73C82A26E002
:10420000CC0CDD1CEE1CFF1C2A95D1F7CE010396C9
:10421000F50109958F73C82A249683CF982F907C37
:10422000903841F4807C803869F42196CE01F50104
:104230000995F8CF8E7F8D3F28F02196CE01F501AC
:104240000995F8CFC12CD12C76016BCF9CE0899FCA
:10425000802D112491E0980F90931F042CE0280FDB
:104260002093480730E02E5F3F4F40917C2D42174E
:10427000130619F014F080E0089520917E2D921716
:10428000D0F7662341F08E5F0E94BDCB8091480736
:104290008E5F0E94BDCB8091480790917C2D89173D
:1042A00050F320917E2D90911F04291720F3109236
:1042B0007F2D8093802D81E00895ACE0B0E0E3E6AF
:1042C000F1E20C9415EB6F3F71058105910509F042
:1042D00070F484E49DE2E2DCE0914C2DF0914D2DF0
:1042E0003196849190E02C96E8E00C9431EBF090BC
:1042F0007F2DE090802D2091200421110FC044EDEE
:1043000050E16E2D8F2D0E9437CD90E080E0F80EA9
:10431000F0927F2DE092802D9927E5CFC0904C2D13
:10432000D0904D2D28E43DE23A8329832F2D30E0B3
:104330003C832B832E2D30E03E832D8318861F82F5
:104340002FEF3FEF3A8729871C861B860BEF1DE175
:104350009E012F5F3F4FAB01BC01C6010E9422B0FE
:10436000B60188E49DE20E9486CC8F819885CFCFEC
:104370004F925F926F927F928F929F92BF92CF9255
:10438000DF92EF92FF920F931F93CF93DF93CDB7FE
:10439000DEB728970FB6F894DEBF0FBECDBF7C0105
:1043A0006A014901FB0190818CE0989F800D1124E6
:1043B000982FF7012081822F880F820F880F80931A
:1043C0007F2D9093802D4115510561F1FA82E9828C
:1043D0007C836B8301111FC0AE014B5F5F4FB40143
:1043E000C6018DDE6C016D817E818F81988561159E
:1043F000710581059105B1F060DFF70180818F5F64
:104400008083853148F3CE0101960E94AC15E4CF3C
:10441000B12C860129C08A01B12C26C04528462826
:104420004728B1F728960FB6F894DEBF0FBECDBF70
:10443000DF91CF911F910F91FF90EF90DF90CF9080
:10444000BF909F908F907F906F905F904F90089556
:10445000B39407C0B1102DC001151105C9F20F5F4B
:104460001F4F01151105A9F2AE014B5F5F4FB4015B
:10447000C60145DE6C014D805E806F8078844114FA
:10448000510461047104A9F0F0E24F165104610473
:10449000710401F3D301C2018D97A109B1090297FB
:1044A000A105B10530F04BE24416510461047104DA
:1044B00079F6F7018081482F4B0D5527551F46315E
:1044C000510534F0853020F0CE0101960E94AC15E4
:1044D00081E0411451046104710409F480E0B80ED4
:1044E000F70180818B0D8083BB2009F497CFBA94AC
:1044F000AE014B5F5F4FB401C80101DE8C016D81DD
:104500007E818F819885D9DEEFCFACE0B0E0EBE81B
:10451000F2E20C9415EBF0907F2DE090802D20912D
:104520002004211112C044EB50E16E2D8F2D0E940A
:1045300037CD90E080E0F80EF0927F2DE092802D54
:1045400099272C96E8E00C9431EBC0904C2DD0903C
:104550004D2D28E43DE23A8329832F2D30E03C8322
:104560002B832E2D30E03E832D8318861F827A8781
:1045700069871C861B860BEF1DE19E012F5F3F4F55
:1045800042EC55E1BC01C6010E94B7B0B60188E417
:104590009DE20E9486CC8F819885CDCFA4E0B0E0CB
:1045A000E4EDF2E20C9411EB7C01062F5A01122F7C
:1045B000862F660F990B9C012A563E4F690186E0B3
:1045C000882E912C11160CF03DC0AE014F5F5F4F4D
:1045D00062EC75E1C70193DD7C0169817A818B8191
:1045E0009C81611571058105910561F16D3371053E
:1045F0008105910509F450C06E377105810591055B
:1046000009F44AC06A3271058105910501F507FF79
:1046100011C08BE291E10E3F11F087E291E136E0AB
:104620001302B001112471DF66E070E00E94EFEA2E
:10463000161B60C065E470E080E090E03EDE115043
:1046400069F510E0812F2496ECE00C942DEB643298
:1046500071058105910571F4A114B104D1F0E6E072
:104660001E02B0011124C50150DFB4010E94EFEA1F
:10467000161BA8CF603471058105910551F41150C6
:10468000F6016081062E000C770B880B990B15DE66
:1046900099CF13DE115096CF07FDBBCF61E0898122
:1046A0009A81AB81BC81CD97A105B10509F460E089
:1046B000600F6A30A4F01150862F6AE00E94CEEAA3
:1046C000092F682F880F770B605D7F4F072E000C36
:1046D000880B990BF2DD112309F4B3CF602F062E5E
:1046E000000C770B605D7F4F072E000C880B990B39
:1046F000E4DD1150112309F4A4CF86E01802B001C3
:104700001124C70102DF66E070E00E94EFEA161B89
:1047100099CFACE0B0E0EFE8F3E20C9415EBF09049
:104720007F2DE090802D20912004211112C044E9BA
:1047300050E16E2D8F2D0E9437CD90E080E0F80E75
:10474000F0927F2DE092802D99272C96E8E00C9432
:1047500031EBC0904C2DD0904D2D28E43DE23A83B2
:1047600029832F2D30E03C832B832E2D30E03E8398
:104770002D8318861F827A8769871C861B860BEF1C
:104780001DE19E012F5F3F4F45EC55E1BC01C60185
:104790000E94B7B0B60188E49DE20E9486CC8F816A
:1047A0009885CDCF6FEF7FEFB4CFB0E0A0E0EBED19
:1047B000F3E20C9413EB5C016B0185DCE82EC6017F
:1047C00090DCF12C03E110E0081B1109C5E20E1585
:1047D0001F050CF4CFE18C2F90E09C012E5F3F4F22
:1047E00040917C2D4217130609F08CF50997209112
:1047F0007E2D281719065CF140914A0750914B070E
:104800006091490710927F2DC093802D25E1C5014D
:10481000C5DED1E0C114D104A9F06AE370E080E004
:1048200090E04BDD0E151F05A4F4C45F80917C2D34
:10483000C81740F020917E2D4C2F4950550B24175E
:1048400015064CF4CDB7DEB7EAE00C942FEBD0E0C0
:10485000E1CFDD23B9F3802F880F080F000F0093FD
:104860007F2DC093802D60E270E080E090E025DD38
:10487000C60198DFE7CFACE0B0E0E1E4F4E20C94ED
:1048800011EB982F862F6A017901B02E692FDEDC9B
:10489000882309F486C010912004C701002371F118
:1048A00012DCA82E80904C2D90904D2D111141C0FE
:1048B0002FEF3FEF122F23E12A1940914A07509121
:1048C0004B0760914907C60169DEAA2009F469C057
:1048D000B6E08B9F600111246AE370E080E090E015
:1048E000ECDC57E0C516D10408F441C060E270E08A
:1048F00080E090E0E2DCC81AD90AF3CFF2DBA82E00
:1049000080904C2D90904D2D112391F2FE01339605
:104910008AE0DF011D928A95E9F788E49DE29A8397
:10492000898304ED1DE19E012F5F3F4F45EC55E16A
:1049300012C0FE0133968AE0DF011D928A95E9F7E5
:1049400088E49DE29A83898304ED1DE19E012F5F37
:104950003F4F42EC55E1B701C4010E94B7B0B4012A
:1049600088E49DE20E9486CC2F813885A3CF4091B8
:104970004807212F30E0A6E0AA9EC00111242E5F37
:104980003F4F281739070CF49C0180E8821B809365
:104990007F2D4093802DBB2041F06FEF7FEFC7014B
:1049A000B4DD2C96ECE00C942DEBC701FBDEF9CFC7
:1049B000CF936091190770911A07072E000C880B8E
:1049C000990B0E943DE4C1E0209115073091160734
:1049D00040911707509118070E94A6EC18160CF08A
:1049E000C0E08C2FCF910895CF93DF939091601208
:1049F00093FD29C0C82F89E40E941517882349F127
:104A000030DA80911E0790911F07D0E0833791051F
:104A100014F083E790E090931A07809319070E949F
:104A20005E18C6DF811112C083ED9EE060E00E9437
:104A30009D9461E06C278C2F0E94777DCC2319F028
:104A40008D2F0E94BB66DF91CF91089582EE9EE08C
:104A5000EDCF83E50E941517D82F811107C0CC2315
:104A600091F382E50E941517882369F338DACECFD7
:104A70000C943DB14F925F926F927F928F929F9272
:104A8000BF92CF92DF92EF92FF920F931F93CF933B
:104A9000DF9310921A04109219042FE320931D043F
:104AA00010921C0410921B0410921504109216040C
:104AB00010921704109218049C01F90190812F5F45
:104AC0003F4F9032D1F39E34C9F4818190ED980F1D
:104AD0009A3020F08D3211F08B3281F432969F01A2
:104AE0002F5F3F4F808180538A3008F46DC09F0153
:104AF0002F5F3F4F8081803209F468C0F0935E07DA
:104B0000E0935D078F010F5F1F4FC0816AE270E085
:104B1000C8010E9461ED009731F0FC01319780815E
:104B20008032E1F31182CD3421F0C43511F0C73465
:104B3000D9F5F80180810F5F1F4F8032D1F3805388
:104B40008A3090F5C0931D0490E080E06AE0AF01E8
:104B50004F5F5F4F689F9001699F300D1124C9011D
:104B6000C0972081820F911D27FD9A95FA0120811F
:104B700020532A3060F390931C0480931B04DF01C0
:104B800031962C912032D9F3CD3461F58E319105D7
:104B900039F0F0F48731910519F08C31910511F558
:104BA000B0931A04A0931904DF91CF911F910F9134
:104BB000FF90EF90DF90CF90BF909F908F907F906D
:104BC0006F905F904F900895F90189CFF9018FCFD1
:104BD0008537910538F08737910510F3803A13E057
:104BE0009107F1F280905D0790905E0740E050E001
:104BF000BA0130E020E0C12CD12C7601C394FD0134
:104C00003196DC91DD2309F484C0D132F1F4CD3446
:104C1000E1F480329105C9F44093150450931604D1
:104C20006093170470931804F0931A04E093190426
:104C300063E270E0CF010E9461ED009709F4B4CF08
:104C4000FC011082B1CFDF01DACFD154DA3108F0A4
:104C50005BC0DF011D91103291F0A0EDA10FAA30D1
:104C6000E8F01E3271F4A181A053AA30B8F02115EA
:104C7000310519F49F0121503109B12C13C0FD01F8
:104C8000E8CF1D3211F01B3291F7A181B0EDBA0FC0
:104C9000BA3020F0AE3259F7A281E6CFBE2EB81856
:104CA000309759F3AD2FB0E02601370104C0440C12
:104CB000551C661C771CDA95D2F7442955296629BC
:104CC0007729A550BC4FBC92A081A154AA3108F409
:104CD000BACFDF01D191DD2309F491CF00EDB02EE1
:104CE000BD0E19E01B15A8F713EDB12EBD0E11E096
:104CF0001B1578F7DB3269F3FD013196DC91D03278
:104D000009F07DCFDF01F8CF21153105E9F69D01CE
:104D1000DBCF30931A042093190440931504509369
:104D2000160460931704709318043ECFFC0165913C
:104D3000759185919491089580914D07882319F07C
:104D400080E00E94029C80E008958F929F92AF9233
:104D5000BF92CF92DF92EF92FF92CF93DF93EC015D
:104D60008090970490909804A0909904B0909A0431
:104D700020E030E0A901C501B4010E9437E4882396
:104D800009F452C0C880D980EA80FB80A70196014F
:104D9000C501B4010E9437E418160CF04AC02091F6
:104DA000E9033091EA034091EB035091EC03C70112
:104DB000B6010E9437E4882321F1C092E903D09222
:104DC000EA03E092EB03F092EC032091E5033091CB
:104DD000E6034091E7035091E803C701B6010E9442
:104DE0009CE49B01AC0160E070E080E89FE30E94DE
:104DF00042EB609314017093150180931601909318
:104E00001701609114017091150180911601909124
:104E10001701DF91CF91FF90EF90DF90CF90BF907F
:104E2000AF909F908F90089560E070E080E89FE3DE
:104E3000F0CF60E070E0CB01ECCFB0E0A0E0E3E2C7
:104E4000F7E20C940DEBEC01209103053091040581
:104E50004091050550910605688179818A819B8181
:104E60000E9442EB4B015C0120910705309108053F
:104E70004091090550910A056C817D818E819F8149
:104E80000E9442EB6B017C01A501940160910C0131
:104E900070910D0180910E0190910F010E9437E4F5
:104EA000882309F45AC080920C0190920D01A092BF
:104EB0000E01B0920F012091DD033091DE0340918D
:104EC000DF035091E003C501B4010E949CE42B0173
:104ED0003C010E9453EC4B015C0120E030E0A90151
:104EE0000E9437E487FD6EC020E030E040E850E4E7
:104EF000C501B4010E94A6EC181634F4812C912C43
:104F0000C0E8AC2EC0E4BC2EA5019401C301B201DF
:104F10000E9442EB2B013C0120E030E0A9010E94FD
:104F200037E487FD53C04092D5035092D603609278
:104F3000D7037092D803C501B4010E9422EC60939C
:104F4000D303062E000C770B6F5F7F4F6430710523
:104F500014F064E070E06093D103D0910A011091E5
:104F6000D303A70196016091100170911101809106
:104F70001201909113010E9437E4811130C0D113C6
:104F800088C02091B9033091BA034091BB0350917E
:104F9000BC036091D5037091D6038091D7039091A3
:104FA000D8030E949CE42091BD033091BE03409140
:104FB000BF035091C0030E9443EBCDB7DEB7E0E1E1
:104FC0000C9429EB812C912C54019ECF1092D50387
:104FD0001092D6031092D7031092D803ACCFC09290
:104FE0001001D0921101E0921201F0921301209170
:104FF000E1033091E2034091E3035091E403C701E0
:10500000B6010E949CE44B015C010E9453EC6B01D1
:105010007C0120E030E0A9010E9437E487FDFDC05B
:1050200020E030E040E850E4C701B6010E94A6EC61
:10503000181634F4C12CD12CB0E8EB2EB0E4FB2EC2
:10504000A7019601C501B4010E9442EB4B015C012E
:1050500020E030E0A9010E9437E487FDE2C08092A1
:10506000D9039092DA03A092DB03B092DC03C7016C
:10507000B6010E9422EC6093D403062E000C770B3D
:105080006F5F7F4F6430710514F064E070E06093EF
:10509000D203C091D403D11305C080910B018C17AA
:1050A00009F470C08091D3039091D40390930B01C5
:1050B00080930A010C2E000CDD0B25E01203C001C9
:1050C0001124FC01EC0FFD1FEE0FFF1FEE0FFF1F61
:1050D000E156FB4F20813181428153812093CD03E2
:1050E0003093CE034093CF035093D0030091D2036B
:1050F000002E000C110BFC01E00FF11FEE0FFF1F43
:10510000EE0FFF1FE156FB4F608171818281938119
:105110000E9442EB6093C9037093CA038093CB0350
:105120009093CC032091D10335E02303F0011124A7
:10513000CE0FDF1FCC0FDD1FCC0FDD1FC156DB4FA5
:10514000288139814A815B812093C5033093C6034E
:105150004093C7035093C803E00FF11FEE0FFF1FEA
:10516000EE0FFF1FE156FB4F6081718182819381B9
:105170000E9442EB6093C1037093C2038093C30308
:105180009093C4038090D9039090DA03A090DB033E
:10519000B090DC032091C9033091CA034091CB0346
:1051A0005091CC03C501B4010E949CE42091CD0331
:1051B0003091CE034091CF035091D0030E9443EB36
:1051C0006B017C01C092BD03D092BE03E092BF038D
:1051D000F092C0032091C1033091C2034091C303F8
:1051E0005091C403C501B4010E949CE42091C50301
:1051F0003091C6034091C7035091C8030E9443EB0E
:10520000A70196010E9442EB6093B9037093BA0321
:105210008093BB039093BC03B4CEC12CD12C7601F8
:105220000FCF1092D9031092DA031092DB03109281
:10523000DC031DCFACE0B0E0E0E2F9E20C941AEB45
:10524000182F882379F020E030E0A90160910B0548
:1052500070910C0580910D0590910E050E9437E428
:105260008823F1F0809195048117D1F00E944D6C54
:105270008CE0EEE7F1E0DE01119601900D928A9547
:10528000E1F7CE010196D9DD80919504882361F084
:1052900089EA92E10E946F6C109295040E948F7AC5
:1052A0002C96E3E00C9436EB81E08093950489EA38
:1052B00092E10E948B6BF2CF80E0BCDF1092070579
:1052C000109208051092090510920A051092030524
:1052D00010920405109205051092060510920F0514
:1052E00010921005109211051092120510920B05E4
:1052F00010920C0510920D0510920E05EFE9F4E0E6
:1053000023E035E080E090E0A0ECBFE7808391836C
:10531000A283B38384839583A683B7838087918791
:10532000A287B38784879587A687B787808B918B61
:10533000A28BB38B74962E173F0741F708954F92B7
:105340005F926F927F928F929F92AF92BF92CF9215
:10535000DF92EF92FF921F93CF93DF93EC01162F12
:1053600020919704309198044091990450919A04A7
:10537000688179818A819B810E9437E4882309F4BE
:1053800097C0B090950480E055DFC880D980EA804E
:10539000FB8020E030E0A901C701B6010E94A6EC25
:1053A00018161CF0C12CD12C7601C0929704D09213
:1053B0009804E0929904F0929A042DEB37E346E8C2
:1053C00055EBC701B6010E94A6EC87FD0BC02DEB83
:1053D00037E346E855E3C701B6010E9437E41816E3
:1053E0000CF076C0A701960160E070E080E89FE3D2
:1053F0000E94BAEB6093E5037093E6038093E703A2
:105400009093E80380EF9FEFA9E7B4EC8093E90362
:105410009093EA03A093EB03B093EC03BB2009F451
:1054200047C04090A9125090AA126090AB127090A1
:10543000AC128090AD129090AE12A090AF12B090CE
:10544000B012C090B112D090B212E090B312F090AE
:10545000B41281E0EFDE112359F12091A9123091AD
:10546000AA124091AB125091AC12C301B2010E943A
:1054700037E481111BC02091AD123091AE124091E2
:10548000AF125091B012C501B4010E9437E48111EE
:105490000DC02091B1123091B2124091B3125091CF
:1054A000B412C701B6010E9437E481110E94BD7A8F
:1054B000DF91CF911F91FF90EF90DF90CF90BF9041
:1054C000AF909F908F907F906F905F904F900895D6
:1054D00060E070E0CB018ECF8F929F92AF92BF922F
:1054E000CF92DF92EF92FF92C0900B05D0900C0507
:1054F000E0900D05F0900E0520E030E0A901C70115
:10550000B6010E9437E48823E1F1A701960160E02B
:1055100070E080E89FE30E94BAEB6B017C01809011
:105520000F0590901005A0901105B090120520E095
:1055300030E0A901C501B4010E9437E4882329F1B4
:10554000A501940160E070E080E89FE30E94BAEB5F
:10555000C092DD03D092DE03E092DF03F092E0031D
:105560006093E1037093E2038093E3039093E40379
:10557000FF90EF90DF90CF90BF90AF909F908F9073
:105580000895C12CD12C7601CACF60E070E0CB0128
:10559000DFCF2091B7033091B803280F391F309324
:1055A000B8032093B7032091280530912905280FCF
:1055B000391F3093290520932805209183043091C9
:1055C0008404820F931F909384048093830408952E
:1055D000CF92DF92EF92FF926B017C0183E3C816BA
:1055E000D104E104F10470F082E3C81AD108E108A3
:1055F000F10862E370E080E090E00E9451C90E94EF
:10560000F5A3ECCFC701B6010E9451C90E94F5A3D2
:10561000FF90EF90DF90CF90089590919C2E94FB97
:10562000882780F994FF06C081E09091872C911122
:1056300001C080E00895ACE0B0E0E1E2FBE20C9450
:105640000DEB1092450780912207109222078823C4
:1056500061F020E040E070E060E085E39EE90E94B8
:10566000187F2C96E0E10C9429EB209136013091C3
:10567000370140913D0750913E07CA01820F931FA9
:105680002436310509F01BC44730510544F0069714
:105690008A3091050CF022C48AE090E029C4069675
:1056A0004A3F5F4FACF380913C07882309F4BAC1AD
:1056B0006091380570913905072E000C880B990B05
:1056C0000E943DE411E02091340530913505409170
:1056D0003605509137050E94A6EC18160CF010E024
:1056E00067D98111126010935B04C090A912D09009
:1056F000AA12E090AB12F090AC128091AD12909192
:10570000AE12A091AF12B091B01289879A87AB8781
:10571000BC878090B1129090B212A090B312B0905A
:10572000B41220E030E040E251E4C501B4010E942F
:105730009CE420E030E048EC52E40E949CE42B0121
:105740003C0120E030E0A901C501B4010E9437E42A
:1057500020E030E040EA50EC87FD04C020E030E07B
:1057600040EA50E4C301B2010E9443EB20E030E084
:1057700040E251E40E94BAEB0E9422EC4B015C0132
:1057800080E2B7FE09C0B094A09490948094811CEC
:10579000911CA11CB11C8DE28093770460E290E122
:1057A000891697E29906A104B1048CF0C501B401F1
:1057B00020E137E240E050E00E9487EACA01B901E7
:1057C0002AE030E040E050E00E9487EA605D6093AC
:1057D000780460E2A8EE8A16A3E09A06A104B10458
:1057E0008CF0C501B40128EE33E040E050E00E94A7
:1057F00087EACA01B9012AE030E040E050E00E94A7
:1058000087EA605D60937904C501B40124E630E065
:1058100040E050E00E9487EA8AE0482E512C612C3B
:10582000712CCA01B901A30192010E9487EA605D4F
:1058300060937A04C501B401A30192010E9487EA32
:105840004B01CA01B901A30192010E9487EA882095
:1058500009F45EC32EE220937B04605D60937C04B8
:10586000B0E38B0E80927D0467E774E083E594E0FB
:105870000E946CED20E030E0A901C701B6010E9452
:1058800037E420E030E040E05FEB87FD04C020E03B
:1058900030E040E05FE3C701B6010E9443EB0E94A5
:1058A00022ECCB010E948F7DBC018EE494E00E942B
:1058B0006CED20E030E0A90169857A858B859C85B7
:1058C0000E9437E420E030E040E05FEB87FD04C059
:1058D00020E030E040E05FE369857A858B859C8538
:1058E0000E9443EB0E9422ECCB010E948F7DBC0101
:1058F00089E494E00E946CED0E9445947C010E9432
:10590000E27C4B015C018D829E82AF82B886162FAD
:10591000809126018E15E1F0E0922601C70164E630
:1059200070E00E94DBEA28E4269FC001279F900DCB
:105930001124BC0190E080E00E943BE42AE037EDB6
:1059400043E25CE30E949CE40E9427EC60934804DD
:1059500080912501181709F465C08092250141E066
:10596000E0E88E16E1E59E06E1E0AE06B10408F43B
:1059700040E068E374E0CE0105960E94711E982F06
:10598000990F990F891B855A80933704F82DF3706E
:105990008F2E09F047C02091330430913404409198
:1059A000350450913604211531054105510509F0A2
:1059B000C1C20E94E27C4B015C010E944594FC0143
:1059C000009799F0A0E1B7E2A81BB90BA5019401DB
:1059D0000E94A3EA9F0150E040E00E9465EA211581
:1059E00031054105510509F0A5C2E114F104A9F002
:1059F000A0E1B7E2AE19BF092D813E814F815885E4
:105A00000E94A3EA970150E040E00E9465EA211558
:105A100031054105510509F08DC2109229048BE52D
:105A2000809328040E94DAC9009123041091240471
:105A300020912504309126046B017C01C01AD10A03
:105A4000E20AF30A9701860137FD11C02091220472
:105A50002095209322046A547C4F8F4F9F4F609370
:105A60002304709324048093250490932604F090DB
:105A7000220481E00E94011B80915B04982F9270A8
:105A800062E122E081FF02C068E02CE080917C2D81
:105A9000843170F480917E2D861750F008EE11E16C
:105AA000911102C002EE11E143E080E50E943BCB80
:105AB00080917C2D8431A0F480917E2D823080F005
:105AC000FF2031F080918D070CEA11E1811102C0B5
:105AD00006E711E122E143E062E088E60E943BCB69
:105AE00080917C2D8C3108F0C3C08090340590905B
:105AF0003505A0903605B0903705C0903805D09098
:105B00003905843190F480917E2D883070F0809139
:105B10005B040EE511E180FD02C006E411E12CE01A
:105B200042E068E088E00E943BCB80917C2D883089
:105B3000A0F4F11004C08091210581110EC0D7FEA0
:105B400012C286E080937F2D87E08093802D6FEFD7
:105B50007FEF82E491E10E94852280917C2D8C313F
:105B6000E0F480917E2D8431C0F020E030E040E010
:105B70005FE3C501B4010E9443EB0E9422EC77FF72
:105B80001BC286E080937F2D8CE18093802D6FEF88
:105B90007FEF82E491E10E9485228090150790902A
:105BA0001607A0901707B090180780917C2D8830B9
:105BB000C0F4F11004C080912605811112C08091BB
:105BC000190790911A0797FF20C281E580937F2DD6
:105BD00087E08093802D6FEF7FEF82E491E10E9458
:105BE000852280917C2D8C31E0F480917E2D843152
:105BF000C0F020E030E040E05FE3C501B4010E9466
:105C000043EB0E9422EC77FF28C281E580937F2D31
:105C10008CE18093802D6FEF7FEF82E491E10E9411
:105C2000852280917C2D8C3118F580917E2D8431D8
:105C3000F8F080918D078823D9F064E6869FC00133
:105C4000112481589F4F6FEF70E00E94EFEACB0163
:105C50000E940E7E27E620937F2D2CE12093802D3D
:105C60000E94D22365E270E080E090E00E945D2116
:105C7000D4DC882379F180917C2D843358F5809190
:105C80007E2D8A3238F107E028E04AE26AE288E4B1
:105C90009DE20E9403CC05E022E04CE262E388E44E
:105CA0009DE20E9403CC24E04AE061E38AE20E9484
:105CB000D3CB60914A2D70914B2D82E38093642D5C
:105CC0008BE28093652D24E63DE242E388E49DE289
:105CD0000E946ACA80917C2D853350F480917E2D7C
:105CE000813330F024E04AE461E386E30E94D3CBC1
:105CF00080917C2D843368F480917E2D823348F02E
:105D000002E02091480442E367E388E49DE20E94B8
:105D100003CC80917C2D8033E8F480917E2D8832F5
:105D2000C8F0FF2009F4C2C180912904882309F436
:105D3000BDC18091280480937F2D80E38093802DC6
:105D400062E570E080E090E00E945D2189E294E0ED
:105D50000E94D22380917C2D883208F05DC0809112
:105D60007E2D8D3108F458C02BE040E86DE180E0D5
:105D70000E94D3CB80917C2D873208F04DC080915A
:105D80007E2D8F3108F448C083E080937F2D16E28A
:105D90001093802D68E570E080E090E00E945D2126
:105DA0008BE080937F2D1093802DFF2009F488C114
:105DB0008EE494E00E94D22388E280937F2D16E245
:105DC0001093802D69E570E080E090E00E945D21F5
:105DD00080E380937F2D1093802DFF2009F493C1E1
:105DE00089E494E00E94D2238DE480937F2D16E213
:105DF0001093802D6AE570E080E090E00E945D21C4
:105E000085E580937F2D1093802DFF2009F49EC19E
:105E100083E594E00E94D22380917C2D833348F562
:105E200080917E2D8B3228F183E00E94011B83E05C
:105E300080937F2D13E31093802D66E070E080E067
:105E400090E00E945D2181E00E94011B809136015B
:105E5000909137010E940E7E2CE020937F2D1093AD
:105E6000802D0E94D22365E270E080E090E00E94E5
:105E70005D2180917C2D813408F0F3CB80917E2DC3
:105E8000863308F4EECB10927F2D8EE38093802D25
:105E900088E29CE20E947120182F863108F079C1B7
:105EA00088E29CE20E94D223153109F4DACB60E249
:105EB00070E080E090E00E945D211F5FF5CF243606
:105EC00031054CF48536910504F58A30910534F49A
:105ED0008AE090E009C084369105BCF0883EA3E0DA
:105EE0009A0714F087EE93E02817390709F4DBCB03
:105EF000909337018093360110923D0710923E0730
:105F000010923F0710924007CECB84E690E0F0CF8E
:105F1000662351F02EE220937B04605D60937C0445
:105F200080E280937D04A0CC80E280937C04809307
:105F30007B04F6CF29833A834B835C8381E020384E
:105F400031454140510508F480E0482F69E274E092
:105F5000CE0101960E94711E8F5F982F990F990FA5
:105F6000891B855A5DCDC6010E940E7EFC01808191
:105F700093E0803229F4818192E0803209F491E04B
:105F8000892F880F880FD92ED81A8D2D815F809385
:105F90007F2D87E08093802D23E030E0291B31099D
:105FA000CF01820F931F0E94D22369E070E080E04E
:105FB00090E00E945D21D1CDCB010E940E7EFC01BC
:105FC000808193E0803229F4818192E0803209F46B
:105FD00091E0892F880F880FE92EE81A8E2D815FB6
:105FE00080937F2D8CE18093802D23E030E0291B6E
:105FF0003109CF01820F931F0E94D22369E070E024
:1060000080E090E00E945D21C8CD0E940E7EFC01E0
:10601000808193E0803229F4818192E0803209F41A
:1060200091E0892F880F880F292F281B822F865AED
:1060300080937F2D87E08093802D23E030E0291B23
:106040003109CF01820F931F0E94D22369E070E0D3
:1060500080E090E00E945D21C4CDCB010E940E7EC5
:10606000FC01808193E0803229F4818192E08032CA
:1060700009F491E0892F880F880F492F481B842F3E
:10608000865A80937F2D8CE18093802D23E030E031
:10609000291B3109CF01820F931F0E94D22369E08F
:1060A00070E080E090E00E945D21BBCD80913704DC
:1060B00080937F2D80E38093802D88E394E048CE09
:1060C00087E00E94E57880FF13C00EE414E0D80159
:1060D0006D918D01662309F46FCE6F320CF06FE382
:1060E000062E000C770B880B990B0E945D21EFCFD9
:1060F00080914C0780FD5CCE6FEF7FEF8DE391E1E7
:106100000E94852259CE87E00E94E57881FF13C066
:1061100009E414E0F80161918F01662309F464CE6B
:106120006F320CF06FE3062E000C770B880B990B87
:106130000E945D21EFCF80914C0781FD51CE6FEF22
:106140007FEF8DE391E10E9485224ECE87E00E9491
:10615000E57882FF13C003E514E0D8016D918D014D
:10616000662309F459CE6F320CF06FE3062E000C53
:10617000770B880B990B0E945D21EFCF80914C0724
:1061800082FD46CE6FEF7FEF85E391E10E9485228D
:1061900043CE81E0F11001C080E09091270489177F
:1061A000B1F01091272C8093270488E29CE20E9492
:1061B0007120181708F050C01F5FE12FF0E0E85D74
:1061C000F34D8081807C8038B9F31093272CE090C8
:1061D000272CF12CF701E85DF34D7F01CF010E94E0
:1061E0007120182F60E870E0C7010E9489231531E3
:1061F00008F037CA60E270E080E090E00E945D2124
:10620000143109F42ECA60E270E080E090E00E9450
:106210005D21133109F425CA60E270E080E090E06E
:106220000E945D21123109F41CCA212F30E02E5F3B
:106230003F4F4AEF4203B001439F700D1124605855
:106240007F4F88E29CE20E94892360E270E080E058
:1062500090E00E945D2105CA1092272CB8CF809152
:106260005B07823059F0D9D9882349F080919C2E60
:1062700082FB882780F991E08927089581E00895BD
:10628000EEDF811108C01092330410923404109292
:106290003504109236040C942F7D81E00895DC01C2
:1062A000EC918E2F90E0FC01EE0FFF1FE80FF91F1D
:1062B000E951F34D80818F7780830895109290008B
:1062C00082E0809391001092950010929400C19A00
:1062D000E1E7F0E08081826080830895B0E0A0E093
:1062E000E4E7F1E30C9410EBEC017B0188818C3046
:1062F00008F0A5C090E0FC01EE0FFF1FE80FF91FAA
:10630000E951F34D80818F770E944BC219821A8226
:1063100088812CE0622F0E94C2EA829FB001112482
:1063200030E020E0AB01420F531FFA01EE0FFF1FD8
:10633000E40FF51FE951F34D908197FD08C02F5FE1
:106340003F4F2C30310571F7811101C0B7DF7880E4
:10635000072D10E06801CC0CDD1CF601E00FF11FE9
:10636000E951F34D80818068808377FC68C080E2CA
:10637000E81682E0F8060CF03FC08A8128E532E09A
:10638000281B310987FD3395220F331F220F331F3E
:10639000032E000C440B550B898178E8872E912C35
:1063A000881A910887FD9394880C991C880C991C75
:1063B000092C000CAA08BB0860E070E0CB01F7FCD8
:1063C0000AC0B701653B710514F064EB70E0072E5D
:1063D000000C880B990B281939094A095B090E949E
:1063E00056EA24EB30E040E050E00E9487EA820E5B
:1063F000931EA41EB51E74018BE08715D8F0298169
:1064000088E890E0821B910927FD9395880F991FDA
:10641000880F991FE816F906BCF402972FB7F89475
:10642000E601C00FD11FC951D34D880F991F9A8320
:1064300089832FBF62E370E080E090E0C9D8CDB7D8
:10644000DEB7EDE00C942CEB2A8188E592E0821B0C
:10645000910927FD9395880F991F880F991FE816BA
:10646000F906DCF6C701D9CFCF93DF93EB01682F94
:1064700070E08CE09DE232DF688179818A819B81C6
:10648000643F21E072078105910520F464EF71E01B
:1064900080E090E09DD886B182958170DF91CF91A8
:1064A0000895A4E0B0E0E7E5F2E30C941BEB8EEE78
:1064B00092E0A0E0B0E089839A83AB83BC83BE0105
:1064C0006F5F7F4F8AE5D0DF2496E2E00C9437EBD4
:1064D000A4E0B0E0EEE6F2E30C941BEB8EEE92E06B
:1064E000A0E0B0E089839A83AB83BC83BE016F5F79
:1064F0007F4F8AE0B9DF2496E2E00C9437EBA4E00A
:10650000B0E0E5E8F2E30C941BEB84EF91E0A0E04F
:10651000B0E089839A83AB83BC83BE016F5F7F4FFA
:106520008CE3A2DF2496E2E00C9437EBA4E0B0E029
:10653000ECE9F2E30C941BEB84EF91E0A0E0B0E017
:1065400089839A83AB83BC83BE016F5F7F4F80EAF0
:106550008BDF2496E2E00C9437EB1F920F920FB67C
:106560000F9211240BB60F922F933F934F935F938B
:106570006F937F938F939F93AF93BF93EF93FF930B
:106580008091A00387FF27C010929500109294007D
:106590008091A0038F5F8093A0038091A003082EB9
:1065A000000C990B20910B2D2817190629F024F0C7
:1065B0008091A0038C30DCF1809194009091950043
:1065C000049680349C4908F47DC080919400909199
:1065D0009500049679C08091A003082E000C990BB9
:1065E00020910B2D2817190699F294F2E091A0033F
:1065F0008E2FEE0F990BFC01EE0FFF1FE80FF91F16
:10660000E951F34D808187FFC3CFE091A0038E2F26
:10661000EE0F990BFC01EE0FFF1FE80FF91FE95178
:10662000F34D808160E08F770E94F5C8B1CF209153
:10663000940030919500E091A0038E2FEE0F990BFE
:10664000FC01EE0FFF1FE80FF91FE951F34D8181A7
:106650009281820F931F9093990080939800E0910C
:10666000A0038E2FEE0F990BFC01EE0FFF1FE80F1A
:10667000F91FE951F34D808187FF11C0E091A0031C
:106680008E2FEE0F990BFC01EE0FFF1FE80FF91F85
:10669000E951F34D808161E08F770E94F5C8FF9149
:1066A000EF91BF91AF919F918F917F916F915F918A
:1066B0004F913F912F910F900BBE0F900FBE0F90F7
:1066C0001F90189580E49CE990939900809398001E
:1066D0008FEF8093A003E3CF9091C10095FD0CC094
:1066E0009091C00095FF08C08093C6008091C000C3
:1066F00080648093C000089520917E032F5F2F71E6
:106700000FB607FC27C090917F03921328C0909189
:10671000C00095FF1EC090917F0340917E039413AB
:1067200006C09091C1009F7D9093C10012C0E92FD7
:10673000F0E0E258FC4F32819F5F9F713093C600BA
:1067400090937F033091C00030643093C0004917AC
:1067500041F3D9CF90917F03921301C0FBCFE09119
:106760007E03F0E0E258FC4F828320937E03809109
:10677000C10080628093C1000895CF93DF93EC0144
:10678000FE0184912196882311F0A6DFF9CFDF91D5
:10679000CF9108950F931F93CF938C01C62F89E05B
:1067A0009CE0EBDFC801E9DF8AE396DF80E38C0F32
:1067B00093DF8AE091DFCF911F910F9108958BECC9
:1067C0009DE0DBDF60E08BEB9DE0E4DF60E086EAEC
:1067D0009DE0E0DF61E08FE99DE0DCDF60E084E9DF
:1067E0009DE0D8DF60E085E89DE0D4DF61E085E7EB
:1067F0009DE0D0DF60E08CE69DE0CCDF61E082E6EA
:106800009DE0C8DF61E088E59DE0C4DF60E081E5F0
:106810009DE0C0DF61E089E49DE0BCDF61E08BE3E7
:106820009DE0B8DF61E08DE29DE0B4DF60E08EE1E5
:106830009DE0B0DF60E080E19DE0ACDF60E08AEFEA
:106840009CE0A8DF61E089EE9CE0A4DF60E084EDDD
:106850009CE0A0DF60E085EC9CE09CDF61E08EEBDB
:106860009CE098DF60E087EB9CE094DF60E08EEADC
:106870009CE090DF60E089E99CE08CDF60E08BE8E1
:106880009CE088DF60E08EE79CE084DF61E08BE6DF
:106890009CE080DF60E08EE59CE07CDF60E089E5E5
:1068A0009CE078DF61E08CE49CE074DF60E088E3EA
:1068B0009CE070DF60E085E29CE06CDF60E08EE9E8
:1068C0009EE20E947416682F61708CE19CE062DF8A
:1068D00060E08EE09CE05ECFE091A31381E6E89F4C
:1068E000F0011124EB5FFB4E8081811105C08CE823
:1068F00098E243DF8AE0F0CE0895CF92DF92EF92E4
:10690000FF926A017B0139DF42E0C701B6010E94B4
:10691000B465FF90EF90DF90CF900895CF93DF9311
:1069200068EA7EE00E9497C2C0911B2DD0911C2D79
:10693000488159816A817B818FE99EE0DEDF4C814D
:106940005D816E817F8186ED99E2D7DF4091172DC1
:106950005091182D6091192D70911A2D83ED99E2A7
:10696000CCDF8CE99EE009DF86E99EE006DF8AE065
:10697000B3DEDF91CF910895C0DF8AE0ADCEABE406
:10698000B0E0E5ECF4E30C940BEB70E060E085E440
:106990000E94721F9AA789A7811133C083E40E94C5
:1069A000151705E010E0882319F00E946F1F8C0175
:1069B00083E50E941517882361F10E946F1F9A8357
:1069C000898360E085E50E945C1F8AAF60E083E612
:1069D00090E10E949D940E94DAC96D877E878F871F
:1069E000988B80917101909172010E9749815A8123
:1069F000481759079CF088E390E1BFDE0E941AC354
:106A000003C080E790E1B9DEC55BDF4FE2E10C94A3
:106A100027EB29EB30E03A832983D3CF8D859E8500
:106A2000AF85B889805E914BAF4FBF4F8CAB9DABAC
:106A3000AEABBFAB84E290E1A0DE0E94CC698FE7F1
:106A400080933A0581E08093730160E080E190E1FA
:106A50000E949D948D849E84AF84B8888BA69CA64A
:106A6000ADA6BEA61D8E1E8E1F8E18A219A21AA23A
:106A70001BA21CA21D821E821F8218862FE730E0F7
:106A800040E050E0298B3A8B4B8B5C8B80E090E4AC
:106A9000ACE1B6E489879A87AB87BC871D8A1E8ADA
:106AA0001F8A188EFFE7CF2ED12CE12CF12C1FA6C8
:106AB00018AA19AA1AAA1BAA1DA21EA21FA218A6CA
:106AC00011E0312C212C412C512C320129813A81A9
:106AD000032E000C440B550B2BAF3CAF4DAF5EAFFC
:106AE000402F002E000C550B59AF48AF89819A8179
:106AF0004E969C01990F440B550B23962CAF3DAF3E
:106B00004EAF5FAF239789819A814E979C01990F71
:106B1000440B550B27962CAF3DAF4EAF5FAF279779
:106B200049815A8146505109CA01092E000CAA0B0D
:106B3000BB0B2B968CAF9DAFAEAFBFAF2B978091A9
:106B40007301882309F48FC00E94DAC969837A83AC
:106B50008B839C83909127052C969FAF2C9799232C
:106B600009F470C00E9485A3109227054090340557
:106B70005090350560903605709037052D893E8917
:106B80004F89588DC301B2010E94A6EC181624F457
:106B90004D8A5E8A6F8A788E29853A854B855C8519
:106BA000C301B2010E9437E487FF04C049865A86B8
:106BB0006B867C866BAD7CAD8DAD9EAD0E943DE459
:106BC000698F7A8F8B8F9C8F112309F46BC19B0186
:106BD000AC01C301B2010E94A6EC18169CF5898194
:106BE0009A81AB81BC8188199909AA09BB09AC01BA
:106BF000BD01485853416109710977FD23C0498996
:106C00005A896B897C894C195D096E097F097595D4
:106C100067955795479540933A058DA39EA3AFA3DB
:106C2000B8A7298D3A8D4B8D5C8D2D8B3E8B4F8B6C
:106C3000588F89819A81AB81BC818D879E87AF8770
:106C4000B88B10E023966CAD7DAD8EAD9FAD2397D4
:106C50000E943DE4A30192010E9437E487FF21C016
:106C600089E89FE08ADD109273010E94CC69C6CE4C
:106C70004BEEC42ED12CE12CF12C6BC124E130E081
:106C800040E050E0298B3A8B4B8B5C8B34E1C32E78
:106C9000D12CE12CF12C6BC1C98ADA8AEB8AFC8AEF
:106CA00066C189819A81AB81BC812BA53CA54DA58C
:106CB0005EA5821B930BA40BB50BB7FD47C089A53E
:106CC0000E9455668AE008DD89819A81AB81BC818A
:106CD0008053984FAF4FBF4F8BA79CA7ADA7BEA7C0
:106CE0009FA5911166C028A939A94AA95BA9C3012A
:106CF000B2010E94A6EC18160CF045C020E030E06E
:106D000040E050E4C301B2010E9443EB68AB79ABB1
:106D10008AAB9BAB29813A814B815C81205E314BF0
:106D20004F4F5F4F2CAB3DAB4EAB5FAB2B966CAD7B
:106D30007DAD8EAD9FAD2B970E943DE4A3019201E6
:106D40000E9437E4881F8827881F8FA78D859E851E
:106D5000AF85B88988169906AA06BB0610F4D50136
:106D6000C40129813A814B815C81281B390B4A0B74
:106D70005B0BDA01C90181389F44A241B10570F172
:106D80008BE69FE06FCF89819A81AB81BC812CA972
:106D90003DA94EA95FA9821B930BA40BB50B44EB35
:106DA00054E263EC74E2B7FDD1CF80E00E945BA2B5
:106DB000CDCF27966CAD7DAD8EAD9FAD27970E9450
:106DC0003DE49B01AC01C301B2010E9437E487FF9F
:106DD000BDCF4EE155E26EE275E2E7CF48AD59AD69
:106DE000421553050CF05BC053E0251631040CF43A
:106DF00056C08EE09FE0C1DC81EF9EE0BEDC4D819D
:106E00005E816F8178858AE09FE0B6DD81EF9EE04C
:106E1000B4DC49A15AA16BA17CA186E09FE0ACDD66
:106E200081EF9EE0AADC4D8D5E8D6F8D78A182E0B2
:106E30009FE0A2DD8AAD882309F4E0CD2D813E815B
:106E40004F81588520933B0530933C0540933D0589
:106E500050933E052CEA35EC47E25EE369A17AA146
:106E60008BA19CA10E949CE460933F057093400518
:106E700080934105909342052CEA35EC47E25EE3AE
:106E80006D8D7E8D8F8D98A10E94BAEB6093430526
:106E9000709344058093450590934605AFCD0E94BD
:106EA000121B4DCE298D3A8D4B8D5C8DC301B201E5
:106EB0000E9437E487FFC6CE89819A81AB81BC816D
:106EC0002D853E854F855889821B930BA40BB50BEE
:106ED000AC01BD01485853416109710977FDB2CE3B
:106EE0002114310409F4F2C08DA09EA0AFA0B8A473
:106EF000880E991EAA1EBB1E2DA13EA14FA158A50A
:106F0000281B390B4A0B5B0BC701B6010E9456EADE
:106F1000A50194010E9487EAC988DA88EB88FC8879
:106F2000C20ED31EE41EF51E34E1C316D104E104E3
:106F3000F1040CF4A3CE4CEEC416D104E104F10428
:106F40000CF096CE50E8C516D104E104F1040CF41F
:106F5000A3CEC98ADA8AEB8AFC8A8EEF90E0A0E0A1
:106F6000B0E08C199D09AE09BF096C017D0188E074
:106F700090E103DC69897A898B899C890E94382594
:106F800083E090E1FADBC701B6010E94382549850C
:106F90005A856B857C858CEF9FE0AFDC4D895E89DF
:106FA0006F89788D85EF9FE0A8DC33E023163104EC
:106FB0000CF48CC0C701B6010E943DE420E030E033
:106FC00040E850E40E949CE46D837E838F83988721
:106FD00029853A854B855C856D897E898F89988D59
:106FE0000E9442EB2BED3FE049E450E40E949CE418
:106FF00020E030E040E05FE30E949CE49B01AC01B4
:107000006D817E818F8198850E94BAEB69877A872E
:107010008B879C87C501B4010E943DE42FE632E1D5
:1070200043E85AE30E949CE44B015C012AE939E9F8
:1070300049E15FE369857A858B859C850E949CE4A4
:107040006D837E838F8398879B01AC010E9443EB05
:10705000A50194010E94BAEB69A37AA38BA39CA318
:107060002D813E814F815885C501B4010E949CE469
:1070700020E030E040E05EE30E949CE46D8F7E8F74
:107080008F8F98A349855A856B857C858FEE9FE00D
:1070900034DCB501A40189EE9FE06EDC8AED9FE04F
:1070A0006CDB4D815E816F81788584ED9FE025DC0E
:1070B00049A15AA16BA17CA18EEC9FE01EDC4D8DF5
:1070C0005E8D6F8D78A188EC9FE056DC89899A8966
:1070D000AB89BC898C0D9D1DAE1DBF1DB595A795B7
:1070E0009795879580933A0549AD4F930F933F92BB
:1070F0002F9284EB9FE09F938F932FEB3FE03F9382
:107100002F931F920E9480945FEF251A350A0FB6C5
:10711000F894DEBF0FBECDBF298D3A8D4B8D5C8DAF
:1071200029873A874B875C8789809A80AB80BC80AF
:107130002C961FAD2C9786CDCF93DF936DE077E033
:107140000E9497C2609171127091721280917312B5
:10715000909174120E943BE4AB01BC0184E097E083
:10716000CCDB4091A1125091A2126091A3127091B8
:10717000A41281E097E0C1DB4091A5125091A612C4
:107180006091A7127091A8128EEF96E0B6DBC5E76A
:10719000D7E0488159816A817B8188E79AE0ADDB3D
:1071A0004C815D816E817F8186ED99E2A6DB488509
:1071B00059856A857B8583ED99E29FDB4C855D85EA
:1071C0006E857F8580ED99E2D7DBDF91CF910895C1
:1071D000CF93DF9364EB76E00E9497C2C1E6D2E1E1
:1071E0004CA95DA96EA97FA98BEA96E086DB48AD24
:1071F00059AD6AAD7BAD88EA96E07FDB4CAD5DAD05
:107200006EAD7FAD8EEF96E0B7DBDF91CF91089545
:10721000CF93DF9360E976E00E9497C2C1E6D2E1A6
:107220004CA15DA16EA17FA187E896E066DB48A531
:1072300059A56AA57BA586ED99E25FDB4CA55DA506
:107240006EA57FA583ED99E258DB48A959A96AA9E3
:107250007BA980ED99E290DBDF91CF910895CF93E8
:10726000DF936BE676E00E9497C2C1E6D2E16881C7
:1072700079818A819B810E943BE4AB01BC0182E65B
:1072800096E03BDB6C817D818E819F810E943BE497
:10729000AB01BC0186ED99E230DB688579858A8592
:1072A0009B850E943BE4AB01BC0183ED99E225DBA9
:1072B0006C857D858E859F850E943BE4AB01BC017A
:1072C00080ED99E259DBDF91CF910895B0E0A0E025
:1072D000ECE6F9E30C9413EB81ED94E04EDAC0E0B8
:1072E000D7E0D15019F080E2F7D9FBCF8C2F0E9464
:1072F000AE65CF5FC530A1F78AE0EED90FE914E0A3
:10730000C0E080E2E9D98C2F0E94AE655801D5E03B
:1073100080E2E2D9F501C080D180E280F380A7014C
:107320009601C701B6010E941DED882301F180E29C
:10733000D3D98DE3D1D98DE3CFD98DE3CDD98DE3E9
:10734000CBD98DE3C9D9D150F4E1AF0EB11CD11125
:10735000DFCF8AE0C1D9CF5F0C5F1F4FC53089F600
:107360008AE0BAD9CDB7DEB7EAE00C942FEB20E083
:1073700030E0A901C701B6010E94A6EC87FD02C05A
:107380008BE2AAD943E0C701B6010E94B465DBCF06
:10739000811105C08AEC94E0F0D98AE09DC98EEC99
:1073A00094E0FACF83EC94E0E8C98DEB94E0E5C972
:1073B000811101C0FACF0895CF93DF93C82F6DE9F3
:1073C00077E00E9480C28C2FF3DFC0E3D5E04B85CD
:1073D0005C856D857E8584E997E08FDA2CEA35EC53
:1073E00047E25EE36F85788989899A890E94BAEBC2
:1073F000AB01BC0181E997E080DA2CEA35EC47E289
:107400005EE36B897C898D899E890E949CE4AB0137
:10741000BC018EE897E071DA8AE05ED9DF91CF9106
:107420000895B0E0A0E0E7E1FAE30C9415EB61E029
:1074300083E50E945C1FC1E0C82767E778E08C2FD6
:107440000E9480C28C2FB4DF8FE698E096D986E93F
:107450009EE093D98AE040D96DE578E08C2F0E94B8
:1074600080C28C2FA5DF80E498E087D98C2F0E9402
:107470009FC28C2FCDDE8C2FF2DE8C2FA9DE8C2FBD
:107480005BDE6CED77E08C2F0E9497C2D091950463
:1074900083ED97E072D96D2F70E090E080E00E945C
:1074A0003DB1409197045091980460919904709176
:1074B0009A0483ED99E221DA86EC97E05ED9809117
:1074C000950466DF20E030E0A90160910B05709122
:1074D0000C0580910D0590910E050E9437E48823DC
:1074E00071F18FE9E82E84E0F82ED0E0670110E01A
:1074F0008C2F5EDF86E398E040D9812F0E94AE6535
:1075000083E398E03AD98D2F0E94AE6583ED99E22E
:1075100034D9F601608171818281938145E00E94B6
:10752000B4658AE0D9D81F5FF4E1CF0ED11C1530C5
:10753000F9F6DF5F84E0E80EF11CD530B9F660E0C3
:1075400078E08C2F0E9480C28C2F32DF87EF97E08B
:1075500014D980E00E94AE6560911C0770911D07F0
:10756000072E000C880B990B0E943DE4AB01BC0177
:1075700084EF97E0C2D960911E0770911F07072E14
:10758000000C880B990B0E943DE4AB01BC0181EF1C
:1075900097E0B3D900912007109121078EEE97E074
:1075A000ECD8B80190E080E00E94E0B08AE094D886
:1075B0008C2F02DF8C2FB2D964E278E08C2F0E94EE
:1075C00080C28C2FF5DE409185075091860760912F
:1075D0008707709188078BE198E0CED9CDB7DEB7E9
:1075E000E8E00C9431EBCF9384E50E941517C0E0DE
:1075F0008823E9F00E94311FC82F1816C4F4D5DE85
:107600008DE46AD860911B0470911C0490E080E0C6
:107610000E94E0B084E898E0B0D86C2FCC0F770BD4
:10762000880B990B0E943DB18AE056D8CFEF8C2F82
:10763000CF910895FF920F931F93CF93DF93909173
:10764000601293FD94C0D82FCEDF082F87FD8FC026
:1076500089E40E941517882309F447C00E94311F4E
:1076600080911C0790911D07C0E00E947A6B61E039
:107670008D2F0E94777D6091380570913905072E16
:10768000000C880B990B0E943DE420913405309149
:10769000350540913605509137050E94A6EC181625
:1076A000D4F482EC9EE09F938F938DEC9EE09F93A9
:1076B0008F931F920E9480940F900F900F900F90C5
:1076C0000F9011E01BC082E50E9415178823A9F0D6
:1076D0000E946F1FCACF87EB9EE0CC2321F31C2FA3
:1076E0000DC060E070E0CB0126C083E50E94151755
:1076F000C82F8111EDCFD111E6CF10E083E50E94B4
:107700001517882331F00E946F1F909331018093E9
:10771000300182E40E941517882331F00E946F1F08
:1077200090932F0180932E0186E40E949E16882359
:10773000C1F20E947F1F60932A0170932B018093F6
:107740002C0190932D01FF24F39420E030E0A90157
:107750000E9437E4811101C0F12CF0922B05DD234A
:1077600031F0112321F06C2F802F0E943668CDB7A5
:10777000DEB7E5E00C9434EBCF93DF93EB010E948E
:10778000BD33BE01DD0F880B990B0E943DB1DF9127
:10779000CF9108950E94CC690E94627D80910C0770
:1077A000813099F0FFDD86E494E00E94BD3360E013
:1077B0008CE394E00E949D946EE571E080E090E09F
:1077C0000E94E82A81E080930C070895CF92DF920F
:1077D000EF92FF921F93CF93DF9300D000D0CDB7ED
:1077E000DEB78EEEC82E82E0D82EE12CF12CC982B5
:1077F000DA82EB82FC82BE016F5F7F4F8AE50E94D6
:10780000343281110EC010E0812F0F900F900F9035
:107810000F90DF91CF911F91FF90EF90DF90CF906D
:1078200008950E949632C982DA82EB82FC82BE0100
:107830006F5F7F4F8AE50E943432182F882319F337
:10784000B1DD87E295E00E94BD33A4DFDDCFCF92AA
:10785000DF92EF92FF921F93CF93DF9300D000D07F
:10786000CDB7DEB78EEEC82E82E0D82EE12CF12CFB
:10787000C982DA82EB82FC82BE016F5F7F4F8AE0B1
:107880000E94343281110EC010E0812F0F900F90B2
:107890000F900F90DF91CF911F91FF90EF90DF90AD
:1078A000CF9008950E9496320E9451320E94683211
:1078B0000E945132C982DA82EB82FC82BE016F5F84
:1078C0007F4F8AE00E943432182F8823E9F26ADD64
:1078D0008AEE94E00E94BD335DDFD7CFEC018B01CF
:1078E000F42E0E94CC69209709F486C05EDDCE019B
:1078F0000E94BD338AE00E946C330115110511F41A
:1079000000E119E20E94F11F1F930F93DF93CF93C1
:107910008CE094E09F938F93D1E0DF930E9480945A
:107920000E943180C091492DC695C6958DB79EB7EE
:1079300007960FB6F8949EBF0FBE8DBF8091812D24
:10794000811104C0D093812D0E9495CA80914A2D47
:1079500090914B2D0E946FCADC2FDD0F1D2F1C0F45
:1079600083E00E94011B10927F2DC093802D88E23E
:107970009CE20E94D22310927F2DD093802D6FEF36
:107980007FEF8DEF93E00E94852210927F2D109360
:10799000802D6FEF7FEF80EF93E00E94852288E4D7
:1079A0009DE20E9456CC8111DBCFFCDC8CE194E09F
:1079B0000E94BD3389EE93E0019739F000C00000CA
:1079C000EEE5F9E03197F0F7F7CFF89489EE93E020
:1079D000019739F000C00000E6EEF3E03197F0F7D0
:1079E000F7CF0E94CC69FF2021F00E945E6BA89522
:1079F000FECF0E94196BFBCF0115110511F400E1B8
:107A000019E2C3E1D4E07ECF8091B9129091BA120D
:107A10002FEF3FEF981751F0E92FF0E0E754FD4EBC
:107A2000228130E09F5F9F779093BA12C901089539
:107A3000A8E0B0E0EEE1FDE30C940BEBB82E8091F2
:107A4000A213803408F0CDC131E6D32E8091A21369
:107A5000803408F0F6C08091B9129091BA12891B57
:107A60008F7709F4EEC0D0DF97FF0AC09BDC83E17B
:107A700093E00E94BD338091B9128093BA12E6CF91
:107A80008A3019F08D3009F0D3C01092A113809183
:107A90003F1390914013FC01E55CFC4E1682892B4C
:107AA00019F40E94F5A3D2CF1092401310923F1305
:107AB00001E413E1F8018191803209F446C08E346B
:107AC00009F0A1C06EE073E0C8010E94B6E37C013A
:107AD000892B41F06EE470E0C80104960E9461EDCC
:107AE000009709F4C8014AE050E070E060E00196B8
:107AF0000E942BE12B013C0180913B1390913C13A0
:107B0000A0913D13B0913E130196A11DB11D4816E1
:107B100059066A067B0629F060E08BED92E0EF28BB
:107B200051F16AE270E0C8010E9490ED9C0100975B
:107B300029F1982F901BF12C992349F09150F801CD
:107B4000E90FF11D8081F826F7CF8F01B3CF4AE00E
:107B500050E070E060E0C90101960E942BE12F2DFA
:107B600030E050E040E0621773078407950751F05A
:107B700060E08CEB92E00E94BDB168CF60E082E9EA
:107B800092E0F9CF40923B1350923C1360923D1328
:107B900070923E1380910C078130E1F467E470E04D
:107BA000C8010E9461ED0097A9F04AE050E070E042
:107BB00060E001960E942BE162307105810591051C
:107BC00048F481EF91E00E94BD3360E087EE91E0E0
:107BD0000E949D94809141138B3309F437CF80919B
:107BE000A213803408F032CF8091A4138D9DC00180
:107BF000112461E473E18B559C4E0E946CED80E092
:107C00000E947DB123CF80919C2E80FFC3CF69EB72
:107C100078E2C8010E94B6E3009731F0FC0183814D
:107C200080538A3008F0B6CF60E088E692E0A3CFB8
:107C30002FE333E141E453E161EA73E10E9420164E
:107C400005CF80919C2E83FDCCC082FFCAC087FDEA
:107C5000C8C01A82198281E6F82EEE24E39494E0DB
:107C6000D92E29E6C22E8091A213803408F0B9C023
:107C70000E9458168111B5C041E050E0BE016D5F11
:107C80007F4F84E89CE20E9439CF0B8110E001977E
:107C900011F00FEF1FEF80918C2C90918D2CA09103
:107CA0008E2CB0918F2C8093982E9093992EA09328
:107CB0009A2EB0939B2E0E9458160F3F100741F446
:107CC000811106C06FDB8BE293E00E94BD33CBCF06
:107CD0004091A413242F30E00A3061F00D3051F0B0
:107CE000882309F470C089819A81009719F0019660
:107CF0009A8389831092A10389819A81F29EF0016F
:107D0000F39EF00D1124EE55FC4EDF01A80FB91FB4
:107D100013961C92892BA9F50E94F5A30E94581670
:107D2000882309F4A0CFE092842C1092872C8091B4
:107D3000932E8823F1F181508093932E8C9DC00166
:107D4000112462E0885A994F0E948ED4E091932EBC
:107D500024E0E29FF0011124EC5AF94F4081518157
:107D6000628173814093982E5093992E60939A2E3E
:107D700070939B2E84E89CE20E94B3CE0E94CACDF1
:107D800072CF1A82198283818D3479F4848182338F
:107D900061F48581853349F4868180538A3028F0E7
:107DA00080919C2E8B7F80939C2E81E00E947DB1E0
:107DB000B5CF0E94BBCD80919C2E886080939C2E75
:107DC000D0920C0750CF4F9DA00111244B555C4E13
:107DD0009E012F5F3F4F61EA73E0802F0E942016C3
:107DE00042CF0E94DAC96B017C01BB2041F0C092F6
:107DF0002C05D0922D05E0922E05F0922F05809152
:107E0000F4039091F503A091F603B091F703009766
:107E1000A105B10529F140912C0550912D056091E6
:107E20002E0570912F05840F951FA61FB71FA70160
:107E30009601281B390B4A0B5B0BDA01C901B7FD10
:107E40000FC0B0DA60915D0770915E078AE393E03E
:107E50000E9483CD40E070E060E090E080E03EDD95
:107E60008091190190911A01A0911B01B0911C0100
:107E7000892B8A2B8B2B79F09091202D8091212DAD
:107E8000981709F470C1C0922C05D0922D05E0928C
:107E90002E05F0922F050E94DAC94B015C0110916A
:107EA0007204111108C09091202D8091212D11E0B4
:107EB000981301C010E020E030E044E353E4609107
:107EC00034057091350580913605909137050E94F3
:107ED000A6EC87FD7CC181E0182781E04091A603D4
:107EE0005091A7036091A8037091A903452B462BDD
:107EF000472B09F480E0811799F080E090E0DC01E5
:107F0000112331F0D501C40180529C46AB4FBF4FC5
:107F10008093A6039093A703A093A803B093A9030B
:107F20004090B5125090B6126090B7127090B8128F
:107F30002091A2033091A3034091A4035091A50383
:107F4000C301B2010E9437E4882319F18091A6038E
:107F50009091A703A091A803B091A9034092A20316
:107F60005092A3036092A4037092A503892B8A2BDD
:107F70008B2B09F449C0D501C40180529C46AB4FFC
:107F8000BF4F8093A6039093A703A093A803B09339
:107F9000A9038091A6039091A703A091A803B09193
:107FA000A9030097A105B10579F1881A990AAA0ACF
:107FB000BB0AB7FC29C01092A6031092A703109227
:107FC000A8031092A9038BE893E00E94BD3360E000
:107FD00087E793E00E949D94809138059091390540
:107FE0001816190624F490E080E00E947A6B8091C4
:107FF000190790911A071816190634F410921A07E7
:10800000109219070E945E188091AE039091AF0301
:10801000A091B003B091B10346015701881A990AA3
:10802000AA0ABB0AD501C401B7FD55C19091202D04
:108030008091212D20910801981709F4CAC0E09180
:10804000212D36E5E39FF0011124EF50F84F808198
:10805000281741F0809308010E94DAC98091080135
:1080600080932A0580912B05882309F427C100916C
:10807000300110913101C8010297209138053091EB
:108080003905281739070CF419C18090212D8C82ED
:10809000812C912C54018091202D2C81821709F480
:1080A0009BC0822F90E036E5389FF001399FF00D9C
:1080B0001124E056F84F458956896789708D452B04
:1080C000462B472B81F4418D528D638D748D452B4A
:1080D000462B472B41F4458D568D678D70A1452B5E
:1080E000462B472BD9F146E5489F9001499F300D1B
:1080F0001124C9018056984F1C01FC0161817281D5
:10810000838194810E94DFEC6D837E838F839887C7
:10811000F10161A172A183A194A10E943BE42B0112
:108120003C01F10165A176A187A190A50E943BE4E5
:108130009B01AC01C301B2010E94BAEB2D813E81CB
:108140004F8158850E949CE42B013C01A5019401BC
:108150000E94A6EC181614F4530142018C818F5F23
:108160008F718C8398CFBB2019F01092B20393CEFD
:108170000E94DAC900912C0510912D0520912E0541
:1081800030912F058090190190901A01A0901B0149
:10819000B0901C01080D191D2A1D3B1D601B710BA1
:1081A000820B930B97FDE1CF8091B203811173CEC7
:1081B00081E08093B20380E00E942E6B81E00E94F8
:1081C0002E6B82E00E942E6B0E94196B64CE10E031
:1081D00084CE80918D073CCFB801110F880B990B8D
:1081E0000E943DE42B013C0120912A0130912B019A
:1081F00040912C0150912D01C501B4010E949CE4D5
:10820000A30192010E9443EB4B015C0100912E01FE
:1082100010912F01AC019B01C301B2010E94A6EC99
:1082200018169CF0B801012E000C880B990B0E94C7
:108230003DE42B013C01AC019B01C501B4010E944E
:10824000A6EC181614F0240135018090AA03909032
:10825000AB03A090AC03B090AD03A3019201C501A4
:10826000B4010E94A6EC1816D4F420E037ED43EADE
:108270005CE3C301B2010E949CE42B013C0128E4B1
:1082800031EE4AE75FE3C501B4010E949CE49B0123
:10829000AC01C301B2010E9443EB2B013C014092AF
:1082A000AA035092AB036092AC037092AD03C3017A
:1082B000B2010E9422ECCB010E947A6BF4E6CF0E51
:1082C000D11CE11CF11CC092AE03D092AF03E0922E
:1082D000B003F092B1030E94F5A380910C078823AC
:1082E00009F4A7C0109109011130B1F180919C2EC1
:1082F000806480939C2E81E08093090164EF71E09B
:1083000080E090E00E94E82A0E9423CE80919C2E7B
:1083100084FFA7C0123028F460E081EE93E00E9451
:108320009D9401E083E0809374010E94DAC96C5946
:108330007F4F8F4F9F4F60936704709368048093C3
:10834000690490936A04002339F0123029F481E023
:108350008093922E0E94A6D30E94DAC96B017C0101
:10836000109118011123F1F08091FA038823D1F0C4
:108370004091B3035091B4036091B5037091B6037B
:1083800046015701841A950AA60AB70AB501A40145
:1083900077FD1AC0833009F45FC00CF04EC0813005
:1083A0000CF053C0212F30E0A8EEB3E00E94B3EAF6
:1083B000C60ED71EE81EF91EC092B303D092B403B6
:1083C000E092B503F092B6030E94121B8091F30372
:1083D000882379F10E94DAC96B017C018091EF0357
:1083E0009091F003A091F103B091F203A7019601DF
:1083F000281B390B4A0B5B0BDA01C901B7FD19C009
:108400002091F30330E0A8EEB3E00E94B3EAC60E79
:10841000D71EE81EF91EC092EF03D092F003E0923F
:10842000F103F092F20380E00E9455668AE00E9418
:108430006C332896E2E10C9427EB843009F0B2CF3C
:108440000E94D53980EA93E004C00E94D5398FECB0
:1084500093E00E94BD33A6CF0E94D53988EB93E00C
:10846000F8CF112309F478CF00E05CCFAEE3B0E0A1
:10847000ECE3F2E40C940BEB80919504888B8091F3
:10848000150490911604A0911704B0911804AC0142
:10849000BD01E6E17695679557954795EA95D1F741
:1084A00040FF04C120E030E0A90160910B0570910C
:1084B0000C0580910D0590910E050E9437E4811105
:1084C00007C00E94D23980E596E00E94BD33E2C029
:1084D0008AE50E9415178823E9F00E947F1F6B012F
:1084E0007C0120E030E040E251ECC701B6010E947F
:1084F000A6EC87FD0AC020E030E040E251E4C7016D
:10850000B6010E9437E4181674F40E94D23983E44D
:1085100096E0DBCFC090B112D090B212E090B312CF
:10852000F090B412DECF40E050E060EC7FE788E5E9
:108530000E94A71F2B013C0140E050E060EC7FE768
:1085400089E50E94A71F4B015C016FEF89E40E943F
:10855000421F182F6FEF8AE40E94421F082FA301C9
:108560009201C301B2010E941DED811173C0A501EA
:108570009401C501B4010E941DED81116BC08BA156
:108580009CA1ADA1BEA18BAB9CABADABBEAB209112
:108590000305309104054091050550910605C3017E
:1085A000B2010E9442EB2B013C0120E030E040E0B0
:1085B0005FE36BA97CA98DA99EA90E949CE49B0105
:1085C000AC01C301B2010E9443EB2BA93CA94DA908
:1085D0005EA90E94BAEB0E9422EC6BAB7CAB8DAB28
:1085E0009EAB1BA94FA058A469A47AA420910705AB
:1085F000309108054091090550910A05C501B40163
:108600000E9442EB4B015C0120E030E040E05FE380
:10861000C301B2010E949CE49B01AC01C501B401FD
:108620000E9443EBA30192010E94BAEB0E9422EC4C
:10863000062F212F012E000C330B37FD2FC02530C4
:10864000310574F5062E000C770B77FD2BC06530D5
:10865000710554F51530F0F40530E0F480E00E9427
:108660001A29B5E01B02F0011124E00FF11D07FDEE
:10867000FA95EE0FFF1FEE0FFF1FE156FB4FC08272
:10868000D182E282F38288890E941A298889811125
:108690000E94BD7AEE96E2E10C9427EB10E0D2CF77
:1086A00014E0D0CF00E0D6CF04E0D4CF29E0B695D7
:1086B000A795979587952A95D1F780FD0CC070E016
:1086C00060E086E50E94721F9A838983059730F0E7
:1086D0008EE196E0FACE0E945C29DCCF60E084E473
:1086E0000E945C1F8F8740E050E0BA018AE50E943B
:1086F000A71F6BA77CA78DA79EA740E050EA6CE060
:1087000076E483E50E94A71F20E030E040E752E4D2
:108710000E94BAEB609376017093770180937801A1
:108720009093790100911B2D10911C2DF801C080B0
:10873000D180E280F38020E030E0A901C701B601DA
:108740000E9443EB2B013C0120E030E040E251E489
:108750000E9437E487FF06C0412C512CA0E26A2E0C
:10876000A1E47A2E20E030E04BE653E4C701B601E5
:108770000E9443EB6BAB7CAB8DAB9EAB20E030E05B
:1087800041E653E40E94A6EC181644F480E090E021
:10879000A1E6B3E48BAB9CABADABBEABD8011496FA
:1087A0008D909D90AD90BC90179720E030E0A9018E
:1087B000C501B4010E9443EB6B017C0120E030E075
:1087C00040E251E40E9437E487FF06C0C12CD12C5F
:1087D000F0E2EF2EF1E4FF2E20E030E04BE653E430
:1087E000C501B4010E9443EB6FAB78AF89AF9AAF7C
:1087F00020E030E041E653E40E94A6EC181644F471
:1088000080E090E0A1E6B3E48FAB98AFA9AFBAAF38
:1088100088E40E949E16882309F402C20E947F1FEA
:108820000E9422EC6BAF7CAF8DAF9EAF6BAD7CAD89
:1088300077FF02C06F5F7F4F759567957195619562
:1088400071096B587F4F072E000C880B990B0E9403
:108850003DE44B015C01A70196010E94A6EC1816AD
:1088600014F475016401A3019201C501B4010E94D1
:10887000A6EC181614F0530142018B8A9C8AAD8A2B
:10888000BE8ACF8AD88EE98EFA8EABADBCADBD0163
:10889000BB0F880B990B0E943DE42B013C01AC01FE
:1088A0009B01C701B6010E9443EB6B017C012FA91C
:1088B00038AD49AD5AAD0E9437E487FF04C0CFAA56
:1088C000D8AEE9AEFAAEA3019201C501B4010E948F
:1088D00043EB6B017C012BA93CA94DA95EA90E9429
:1088E00037E487FF04C0CBAADCAAEDAAFEAA8BA9B5
:1088F0009CA9ADA9BEA98B8F9C8FAD8FBE8F8FA970
:1089000098ADA9ADBAAD8F8F98A3A9A3BAA3BE01A4
:10891000695E7F4FCE0143960E943EC3882309F4CF
:10892000ACC1BE01615E7F4FCE014B960E943EC33B
:10893000E82E882309F4A1C12F89388D498D5A8DDD
:108940006F8D78A189A19AA10E9442EB20E030E0CE
:1089500040E85EE30E949CE44B015C012B893C896A
:108960004D895E896B8D7C8D8D8D9E8D0E9442EB35
:1089700020E030E040E85EE30E949CE46BA37CA32F
:108980008DA39EA38FA298A6A9A6BAA689819A8133
:108990001816190674F48CEE95E00E94BD338F858D
:1089A000882321F082EE95E00E94BD338AE00E9488
:1089B0006C330E944D6C0E94197980E00E941A2944
:1089C00080E090E0A0E2B1E48FA798ABA9ABBAAB8E
:1089D000CE018F960E94CCC220910B0530910C05E0
:1089E00040910D0550910E056BA17CA18DA19EA11A
:1089F0000E9437E4811130C020910F05309110059D
:108A000040911105509112056FA178A589A59AA5ED
:108A10000E9437E4811120C02091030530910405A4
:108A200040910505509106056B897C898D899E8949
:108A30000E9437E4811110C020910705309108058C
:108A40004091090550910A056F89788D898D9A8D1D
:108A50000E9437E48823A9F00E945C2988E0FE0187
:108A6000B396ABE0B5E001900D928A95E1F788E00E
:108A7000FE017396A3E0B5E001900D928A95E1F7AF
:108A8000188A60E085E40E945C1F88248394811129
:108A900002C063E0862E1B861C861D861E861A8AEF
:108AA0009E2C42EBC42E45E0D42E50ECA52E55E072
:108AB000B52E1A8915300CF0EAC06B857C858D8542
:108AC0009E859B01AC010E941DED8111E0C0332405
:108AD000339435E0232E911005C033243A94222498
:108AE0002A9484E091E09926F12EFF0CFF0CF10E00
:108AF000F394898B19896A89121509F4C4C0062E6A
:108B0000000C770B880B990B0E943DE42FA138A530
:108B100049A55AA50E949CE42F89388D498D5A8D0C
:108B20000E9443EB2B013C01612F110F770B880B47
:108B3000990B0E943DE42BA13CA14DA15EA10E9496
:108B40009CE42B893C894D895E890E9443EB6B83B1
:108B50007C838D839E834F82588669867A8689813D
:108B60009A81892B89F08EEC95E00E94BD338F2D80
:108B70000E94AE6569E170E08CEC95E00E94BC3B20
:108B800089EC95E00E94BD331F9299E19F931F925B
:108B9000FF92DF92CF92BF92AF921F920E94809479
:108BA0002981482DBE01695F7F4FCE0103960E9447
:108BB00072C42B013C014B865C866D867E860FB6A7
:108BC000F894DEBF0FBECDBFAC019B010E941DED2E
:108BD000811156C009898A8925E002038001112488
:108BE000080F111D87FD1A95000F111F000F111F8F
:108BF00001561B4FA30192016BA57CA58DA59EA5D7
:108C00000E9443EBD8016D937D938D939C931397B2
:108C1000188A81E00E94183DF3948989830D69CFF9
:108C2000B701A60186E40E94A71F6B017C01B30176
:108C3000A2018CE40E94A71F6B8B7C8B8D8B9E8B7B
:108C4000CF8AD88EE98EFA8E4FA958AD69AD7AAD2C
:108C500082E40E94A71F6B017C014BA95CA96DA94E
:108C60007EA982E50E94A71F6B8F7C8F8D8F9E8FC0
:108C7000CF8ED8A2E9A2FAA24ACE82E096E025CC15
:108C800088890E941A298A898F5F8A8B12CF0E9455
:108C90001AC30E949C26882359F088890E941A29A9
:108CA00080E090E0A0ECBFE78B879C87AD87BE8714
:108CB0006B857C858D859E859B01AC010E941DED99
:108CC000811159C08F85811126C082E0F82E02E003
:108CD00094E0C92E12E0DC2CD11A21E041E0612F92
:108CE000802F0E94211721E04FEF612F8F2D0E94CE
:108CF00021172FEF41E06D2D802F0E9421172FEFBC
:108D00004FEF6D2D8F2D0E942117115020F701502C
:108D1000F3940F3FF9F60E9466390E946C2A8F8502
:108D2000811124C081EB92E10E94A5264B015C01D8
:108D300089EA92E10E941D279B01AC01C501B401A3
:108D40000E949CE49B01AC016091B1127091B2123F
:108D50008091B3129091B4120E9442EB6093B112D1
:108D60007093B2128093B3129093B4128F858111D5
:108D7000E888E09295040E94007980919504882308
:108D800009F486CC0E948F7A83CC1F920F920FB683
:108D90000F9211240BB60F922F938F939F93EF9303
:108DA000FF9380917F0320917E03821306C0809100
:108DB000C1008F7D8093C10012C0E82FF0E0E2581F
:108DC000FC4F92818F5F8F719093C60080937F03D9
:108DD0009091C00090649093C000281741F3FF91D8
:108DE000EF919F918F912F910F900BBE0F900FBE1F
:108DF0000F901F9018951F920F920FB60F9211248B
:108E00000BB60F922F933F934F935F938F939F9344
:108E1000EF93FF938091C6004091BA129091B912DE
:108E200031E0390F3F7720917D032C3008F072C07C
:108E3000E22FF0E0E25EF84B0C9402EB2A47514738
:108E400060476B4772478A4776478A477A477E472B
:108E50008A478247803229F0E8F48A3011F08D3059
:108E6000F1F4431731F0E92FF0E0E754FD4E82832F
:108E7000932F9093B912FF91EF919F918F915F91F2
:108E80004F913F912F910F900BBE0F900FBE0F90FF
:108E90001F9018958D3481F021E08E3471F02BE015
:108EA0000CC08A3338F48033E0F68032D1F28D3250
:108EB000B1F7D7CF8D3499F722E020937D03D1CF3E
:108EC000813329F0843329F0803249F7CACF23E077
:108ED000F4CF28E0F2CF24E0803379F326E0813329
:108EE00061F3DDCF25E08833D1F6E7CF27E0823389
:108EF000B1F6E3CF29E0813391F6DFCF2AE080336A
:108F000071F6DBCF8A3019F08D3009F0AACF1092BC
:108F10007D03A7CF8A3019F08D3009F0A2CF509190
:108F2000822D5523A1F3273049F02A3059F02530FE
:108F300071F71092730110927204E9CF21E020932F
:108F40001C05E5CF21E020931B05E1CF8EBD0DB4BC
:108F500007FEFDCF08958FEF8EBD0DB407FEFDCF48
:108F60008EB50895909164009B7F90936400982F34
:108F7000906A96959CBD80FD03C091E0863009F40F
:108F800090E09DBD0895ADE1B0E0E9ECF7E40C940C
:108F90000BEB83E50E949E16182F882309F416C157
:108FA0000E944D1F8D838091A9129091AA12A091C9
:108FB000AB12B091AC128A8F9B8FAC8FBD8F20917A
:108FC000AD123091AE124091AF125091B0122E8B73
:108FD0003F8B488F598F8091B1129091B212A0911E
:108FE000B312B091B4128E879F87A88BB98B1123CF
:108FF00031F09D81911103C080E00E941A29809177
:10900000150490911604A0911704B091180435E14D
:10901000B695A795979587953A95D1F79C01AD019F
:109020002170332744275527288739874A875B874C
:1090300020E030E0A90160910B0570910C05809152
:109040000D0590910E050E9437E4882309F4C2C0F3
:1090500083E40E949E16882309F48CC00E947F1F1F
:109060006A8B7B8B8C8B9D8B8FE9282E84E0382E2E
:10907000810135E03E83412C512C98EC692E92EC15
:10908000792EC12CD12C28ECE22E22E4F22E1D8761
:109090000C8745E04F83AC85BD858D909D90AD904C
:1090A000BD90BD87AC87A7019601C501B4010E94A0
:1090B00037E487FF02C075016401A3019201C50175
:1090C000B4010E94A6EC181614F424013501BF81E6
:1090D000B150BF83B111DFCFEE81E150EE830C5E62
:1090E0001F4FE111D4CFA3019201C701B6010E9425
:1090F00043EB20E030E040E05FE30E949CE42A89FB
:109100003B894C895D890E9443EB6B017C012DEB0F
:1091100037E346E855EB0E94A6EC87FD0AC02DEB2D
:1091200037E346E855E3C701B6010E9437E4181655
:109130000CF580E00E941A2915E0510105E0D501E7
:109140006D917D918D919D915D014D01B4E08B1AE2
:109150009108A70196010E9442EBF401608371839C
:1091600082839383015059F71150F4E12F0E311C83
:109170001111E3CF288539854A855B85232B242B64
:10918000252B81F020E030E0A90160910B05709162
:109190000C0580910D0590910E050E9437E4811118
:1091A0000E9466398AE50E949E16882359F00E9423
:1091B0007F1F69837A838B839C8360E0CE01019655
:1091C0000E949F298D810E941A2915C02091950423
:1091D0002D83E9CE2D81211108C088859985AA8526
:1091E000BB85892B8A2B8B2BE9F20E94D53983EA28
:1091F00095E00E94BD333D81332351F08091950469
:10920000811106C00E94D23984E895E00E94BD33E6
:109210000E94D53986E795E00E94BD338091950480
:109220000E94C8390E94D53989E695E00E94BD3375
:10923000C0909704D0909804E0909904F0909A041C
:1092400020E030E0A901C701B6010E94A6EC181683
:10925000E4F542E0C701B6010E94B4650E945CCD0E
:109260002A8D3B8D4C8D5D8D6091A9127091AA1253
:109270008091AB129091AC120E9437E481111FC013
:109280002E893F89488D598D6091AD127091AE1233
:109290008091AF129091B0120E9437E481110FC0FB
:1092A0002091B1123091B2124091B3125091B41288
:1092B0006E857F85888999890E9437E481110E9493
:1092C000BD7A6D96E2E10C9427EB84E695E00E946E
:1092D000BD33C6CFA5E3B0E0E0E7F9E40C940BEBB7
:1092E0008DAB2091FA0328AB21E02093FA03809103
:1092F0001D048D3409F4DEC3843511F40C947A5CBA
:10930000873489F480911B0490911C048C31910561
:1093100009F49AC170F58430910509F459C130F40B
:10932000029708F4B4C00E946ECD2CC1853191051E
:1093300009F428C14B97B9F787E00E9415A2811163
:1093400021C18CE0EAE8F1E0DE01119601900D9276
:109350008A95E1F780E50E941517882309F472C108
:109360000E94211FCB01BE016F5F7F4F0E94827E52
:1093700009C18A32910509F421C208F079C08D3102
:10938000910509F4E9C14E9771F600911B2D1091DA
:109390001C2DD8012D913D914D915C916091A912A8
:1093A0007091AA128091AB129091AC120E9443EB83
:1093B000AB01BC0188E50E94A71F69837A838B8378
:1093C0009C83F80124813581468157816091AD12DB
:1093D0007091AE128091AF129091B0120E9443EB47
:1093E000AB01BC0189E50E94A71F6D837E838F833B
:1093F0009887BE016B5F7F4FCE0101960E943EC3EE
:10940000882309F4BFC080E00E941A290E941979BC
:1094100061E085E40E945C1F21E0482FBE016B5F84
:109420007F4FCE0101960E9472C46B017C01AC019A
:109430009B010E941DED811116C049815A816B81EB
:109440007C8183ED98E00E947D344D815E816F8147
:1094500078858EEC98E00E947D34B701A60189ECF6
:1094600098E00E94BC340E9400790E94BD7A8AC0B4
:109470008B35910509F4C9C28C35910509F4C9C22F
:109480008A35910509F04FCF1092F9037BC0809186
:109490000C07833008F476C0F5E8CF2EF4E0DF2E19
:1094A000A9EAEA2EA2E1FA2E10E088E5810F0E94D7
:1094B0001517882309F470C00E947F1F4B015C01BF
:1094C000812F0E947716882359F0D7012D913D9165
:1094D0004D915C91C501B4010E9443EB4B015C01CD
:1094E000F60180829182A282B3821F5FF4E0CF0EE8
:1094F000D11C24E0E20EF11C1330B9F685E40E9481
:109500001517882309F453C00E947F1F6B017C014B
:1095100083E00E947716882371F02091B512309174
:10952000B6124091B7125091B812C701B6010E940D
:1095300043EB6B017C01C0929104D0929204E092C3
:109540009304F092940440E050E0BA0186E40E9453
:10955000A71F20E030E0A9010E94A6EC181684F4B1
:109560000E947F1F20E030E040E752E40E94BAEB07
:10957000609338017093390180933A0190933B01D5
:109580000E9453A79DA9911102C00E946C34A8A902
:10959000A093FA030C944554F70180819181A28134
:1095A000B381F60180839183A283B3839ECF8091A0
:1095B000B5129091B612A091B712B091B8128093E3
:1095C000910490939204A0939304B0939404BBCF1E
:1095D00080E50E941517C12CD12C7601882321F03B
:1095E0000E94111F6B017C0183E50E9415178823DF
:1095F00061F00E947F1F20E030E04AE754E40E94BF
:109600009CE40E9427EC6B017C010E944D6C8091D0
:10961000282C811105C060E087E998E00E949D94A4
:109620000E94DAC9C60ED71EE81EF91E0E94DAC9CA
:109630006C197D098E099F0997FFA4CF80E00E94D5
:10964000183DF4CF80E08FCE87E00E94E57881114D
:1096500011C08091150490911604A0911704B09147
:109660001804EEE0B695A79597958795EA95D1F7FA
:1096700080FD88CF0E944D6C10923F0161E08CE428
:109680000E945C1FA82E80E00E941A290E94DAC95D
:1096900060932C0570932D0580932E0590932F05D4
:1096A0000E94197981E08093C6060E94A67BC09033
:1096B0001504D0901604E0901704F090180479E196
:1096C000F694E794D794C7947A95D1F7C0FE0DC06D
:1096D00081E00E94E578182F82E00E94E578111160
:1096E0000C941B5E11E0811101C010E08091150403
:1096F00090911604A0911704B091180467E1B695F3
:10970000A795979587956A95D1F780FF02C00C942D
:109710009D5C112311F40C94A05CB12E10E00C2D73
:1097200001700C94B85C60E070E080EA90E40C9406
:10973000C15CA3019201C701B6010C940D5D60E00C
:1097400082EB98E00E949D940E94D53980EA98E0CF
:109750000E94BD330C94F35D0E94DAC960932C051E
:1097600070932D0580932E0590932F05809195047D
:1097700081111DC08091150490911604A0911704C9
:10978000B09118045DE0B695A795979587955A9581
:10979000D1F780FF04C083EC98E00E941F5E87E051
:1097A0000E9415A28111EECE0E943642EBCE60E0FF
:1097B0008FE40E945C1F8823E9F2E4CE80910C07BD
:1097C000833008F4DFCE89E40E941517082FF12CAE
:1097D000882319F00E946F1FF82E8AE40E94151743
:1097E000E82E882341F00E946F1F182F011106C038
:1097F000153070F006C010E0002351F0F4E0FF15C2
:1098000028F48BED98E00E94BD33BCCEE110F0CF80
:1098100080E1E9EAF2E1A5E8B4E001900D928A95D1
:10982000E1F7002319F16F2DFF0C770B880B990BD3
:109830000E943DE420910B0530910C0540910D05EF
:1098400050910E050E949CE420910305309104057F
:1098500040910505509106050E9443EB60938504F5
:10986000709386048093870490938804EE2019F106
:10987000612F110F770B880B990B0E943DE420910B
:109880000F053091100540911105509112050E946D
:109890009CE42091070530910805409109055091FD
:1098A0000A050E9443EB6093890470938A048093B5
:1098B0008B0490938C0460E080E50E945C1F8823F9
:1098C000C1F10023D1F0E0911B2DF0911C2D2081DE
:1098D0003181428153816091850470918604809129
:1098E0008704909188040E9442EB609385047093F2
:1098F00086048093870490938804EE20D1F0E09151
:109900001B2DF0911C2D248135814681578160915A
:10991000890470918A0480918B0490918C040E9438
:1099200042EB6093890470938A0480938B04909334
:109930008C0440E050E0BA0186E40E94A71F6B014E
:109940007C0120E030E0A9010E94A6EC18160CF082
:1099500058C020E030E040E752E4C701B6010E9461
:10996000BAEB6B017C018090380190903901A09096
:109970003A01B0903B0120E030E0A901C701B601F7
:109980000E9437E4882341F0C0923801D092390117
:10999000E0923A01F0923B010091360110913701BB
:1099A00084E690E09093370180933601C0907A016D
:1099B000D0907B01E0907C01F0907D0180E090E010
:1099C000A0E8BFE380937A0190937B01A0937C0190
:1099D000B0937D010E9453A7809238019092390183
:1099E000A0923A01B0923B011093370100933601E7
:1099F000C0927A01D0927B01E0927C01F0927D01CD
:109A0000C1CDC12CD12C7601AECF8FE08093F9036C
:109A1000B9CD36E9C32E31E0D32E49EAE42E42E136
:109A2000F42E212C312C10E0D6018D916D010E9475
:109A30001517082F882351F10E947F1F4B015C01ED
:109A4000F70120813181428153810E9442EB2B0139
:109A50003C012DEB37E346E855EB0E94A6EC87FD71
:109A60000AC02DEB37E346E855E3C301B2010E947B
:109A700037E418165CF4133011F0202E032DD701B3
:109A80008D929D92AD92BC921397302E1F5FB4E0E1
:109A9000EB0EF11C143041F6222029F00E948F7A3F
:109AA0000E94BD7A6FCD3320D9F385EB92E10E94FD
:109AB0008577F6CF80911B0490911C048337910524
:109AC00011F40C94765608F096C18B34910509F484
:109AD000ADC608F033C18831910509F4F8C408F027
:109AE000BAC08231910509F4A5C708F06EC0823072
:109AF000910508F45EC4419709F015CC0E948D16BB
:109B0000882309F4B2C40E94EC1600911405102FAA
:109B10001095182309F436CDF12CE12CD12CA12E6F
:109B2000B12CC5010E2C02C0959587950A94E2F7D9
:109B300080FF08C08E2D0E94656BF701E15EFD4F2E
:109B40008081D82A8FEFE81AF80A93E0E916F10429
:109B500041F713FF05C00E94276BAD2DA360DA2EDD
:109B6000102B10951D2109F40DCD88E20E946C3355
:109B7000F12CE12CC12ED12CC6010E2C02C09595E2
:109B800087950A94E2F780FF09C0F701EA56FE4F75
:109B900080810E946C3380E20E946C33BFEFEB1A2D
:109BA000FB0AE3E0EE16F10439F713FF09C085E480
:109BB0000E946C3380E30E946C3380E20E946C331D
:109BC00087E099E00E94BD33DDCC8531910509F431
:109BD00064C458F5449709F0A6CB80919C2E84FF6D
:109BE00055C48EE299E00E94BD3380919C2E84FF83
:109BF00017C08AEB9CE20E943FD18BE1EAEBFCE2CA
:109C0000DE01119601900D928A95E1F770E060E017
:109C1000CE0101960E94F8D3CE0101960E94B2CEE9
:109C20008FE199E00E94BD33ADCC8631910509F4F6
:109C300037C4479709F077CB8091190490911A04A3
:109C4000FC012191222309F43AC42032D1F7DF012B
:109C500011971C92F6CF8D31910509F4D2C480F58D
:109C60008A31910509F459C408F43CC48B3191053B
:109C700009F46EC44C9709F056CB80919C2E84FF5A
:109C800081CC0091190410911A04B80182E00E945D
:109C900090CD1092932E80919C2E877F8B7F809306
:109CA0009C2E0E94BBCDA801BE016F5F7F4F80E05C
:109CB0000E94C6D2009709F465CC0E94ABCD62CC5D
:109CC0008F31910509F40CC508F4A2C480329105C6
:109CD00009F4C8C48934910509F025CB80E50E94B8
:109CE00015178823A1F00E947F1F20E030E048EC88
:109CF00052E40E949CE40E9427EC6031F7E27F0767
:109D000010F060E177E2709374046093730482E56D
:109D10000E941517882309F435CC0E94111F9B015E
:109D2000AC01ACE3B0E00E94A3EA6093330470930B
:109D30003404809335049093360424CC89369105FD
:109D400009F491C560F58335910509F46BC6A8F453
:109D50008D34910509F483C508F46CC581359105EE
:109D600009F44BC68235910509F0DDCA8091F903EB
:109D70008F7D80618093F90305CC8535910509F4C9
:109D8000F2C608F457C68C35910509F411C7883618
:109D9000910509F0C8CA80E00E941A3BF3CB8E36C9
:109DA000910509F4AFC590F48B36910509F49FC570
:109DB00008F46FC58C36910509F4E4CB8D36910516
:109DC00009F0B1CA81E00E941A3BDCCB80379105D3
:109DD00009F4D8CB08F4A9C58137910509F4E1C588
:109DE0008237910509F09FCA0E94ECB182E39DE29F
:109DF0000E946B6AC7CB8D32E1E09E0711F40C9490
:109E0000245A08F065C18E3B910509F4F1C508F0AC
:109E10005BC08837910509F4ACC7C8F48637910553
:109E200009F468C708F0A1C78537910509F07BCA16
:109E30008091190490911A04009709F450C3DC0131
:109E40002C91222309F44BC30E9458B19BCB8C3830
:109E5000910509F4C8C558F48937910509F063CA1A
:109E60001092C6061092C5060E94A67B8BCB813944
:109E7000910509F486C78B39910509F054CA83E529
:109E80000E941517882309F47DCB0E94311F182FDB
:109E90008C3308F08CE38093F3030E94DAC96B01E2
:109EA0007C01212F30E0A8EEB3E00E94B3EAC60E99
:109EB000D71EE81EF91EC092EF03D092F003E09285
:109EC000F103F092F2035ECB833D910511F40C9403
:109ED000735808F03AC08B3C910509F4F5C7B0F40B
:109EE000893C910509F01FCA8091150484FDC2C701
:109EF00080911704887809F0BDC780911804837099
:109F000009F0B8C781E00E942F393CCB8C3C910509
:109F100011F40C9498578D3C910509F004CA809176
:109F20001504827111F00C94ED57809117048C7810
:109F300011F00C94ED5780911804837011F00C947B
:109F4000ED5781E00E949C381DCB8D3D910511F4A9
:109F50000C940C5908F045C08C3D910509F0E3C9FB
:109F600082E40E949E16882341F0809136019091F0
:109F7000370190931E0180931D0182E50E949E1679
:109F8000882341F080911D0190911E01909337012B
:109F90008093360183E50E941517882331F00E94D3
:109FA0006F1F909337018093360180911504909133
:109FB0001604A0911704B0911804892B8A2B8B2BBF
:109FC00009F0E0CA609136017091370188EA9AE0A1
:109FD0000E94BC3B85E20E946C338AE00E946C3395
:109FE000D1CA883121E0920711F40C945959823278
:109FF000914009F098C98AE50E941517882311F449
:10A000000C94F4590E947F1F20E030E040E050ECB7
:10A010000E9437E4C12CD12CE12C60ECF62E87FD98
:10A0200013C00E947F1F20E030E040E050E40E9417
:10A03000A6ECC12CD12CE12C50E4F52E181624F0FE
:10A040000E947F1F6B017C0180907D1290907E1298
:10A05000A0907F12B090801284E00E94E578811178
:10A060000BC0A5019401C701B6010E949CE40E94A7
:10A0700022ECCB010E94C92A61E080E50E945C1FAE
:10A08000882311F40C94FA59A70196016091172DB9
:10A090007091182D8091192D90911A2D0E9443EBEB
:10A0A0006093172D7093182D8093192D90931A2D6E
:10A0B0000E94D5394091172D5091182D6091192D7E
:10A0C00070911A2D8FEE9AE00E94BC340C94FA59CC
:10A0D000853FA1E09A0711F40C943B5B08F040C067
:10A0E0008239E1E09E0711F40C94BC5A00F58F32DE
:10A0F00021E0920711F40C94B45A10F40C946E5AA7
:10A100008039A1E09A0711F40C94B85A8139914032
:10A1100009F009C983E50E949E16811133CA809116
:10A120004D078111BDCC81E00E94029CB9CC843ADC
:10A13000E1E09E0711F40C94C25A28F48A39914048
:10A1400009F420CAF0C8853A31E0930711F40C9461
:10A15000C65A843F914009F0E6C80E948E9512CA03
:10A160008335B3E09B0711F40C94625B20F5873FC5
:10A17000F1E09F0711F40C94435B10F40C943F5BE7
:10A18000883F31E0930711F40C94475B8C30924088
:10A1900009F0C9C810919C2E12FD02C00C945A5BA4
:10A1A00017FF02C00C945A5B0E940D2B80FB17F91D
:10A1B00010939C2EE7C9803AB3E09B0709F489C24B
:10A1C00008F0C1C08438934009F0ADC8809085077D
:10A1D00090908607A0908707B09088070091F803B9
:10A1E0000170602F83E50E945C1F182F75016401C8
:10A1F0000817C9F08091F803112311F40C94405C06
:10A2000081608093F803C0909B04D0909C04E09000
:10A210009D04F0909E0480929B0490929C04A092D6
:10A220009D04B0929E048BE40E9415178823D1F000
:10A230000E947F1F2B013C0120E030E0A9010E9419
:10A24000A6EC87FD0CC020E030E040E251E4C30101
:10A25000B2010E9437E4181614F00C94435C8BE4AE
:10A260000E9487DF8CE40E9415178823D1F00E949A
:10A270007F1F2B013C0120E030E0A9010E94A6ECE9
:10A2800087FD0CC020E030E040E251E4C301B201A0
:10A290000E9437E4181614F00C94535C8CE40E946E
:10A2A00087DFA7019601C501B4010E9437E4882326
:10A2B00051F00E944D6CC0928507D0928607E092C3
:10A2C0008707F09288078091150490911604A09159
:10A2D0001704B0911804892B8A2B8B2B09F052C9D3
:10A2E0008DEC9BE00E94BD33612F70E090E080E038
:10A2F0000E943DB140918507509186076091870784
:10A30000709188078AEC9BE00E947D3487EC9BE08B
:10A310000E94BD3361E01627612F70E090E080E07D
:10A320000E943DB140919B0450919C0460919D041A
:10A3300070919E0484EC9BE00E947D3481EC9BE054
:10A340000E94BD331FC9873E23E0920711F40C948D
:10A35000635C893E934011F00C9493490E944D6CCC
:10A3600080919C2E877F8B7F80939C2E8091922E54
:10A3700081110C94735C0E94E27C6D337105810540
:10A38000910520F083EF9BE00E941F5E8FEE9BE023
:10A390000E941F5E80E197EA909374048093730497
:10A3A0008BED9BE00E94BD3387ED9BE00E941F5E1A
:10A3B000E9C880E50E941517C12CD12C76018823AD
:10A3C00021F00E94111F6B017C0183E50E9415178B
:10A3D000882361F00E947F1F20E030E04AE754E4C8
:10A3E0000E949CE40E9427EC6B017C010E944D6C52
:10A3F0008091190490911A04009711F10E9458B1AC
:10A400001091FA0383E08093FA0381E08093720451
:10A41000C114D104E104F10431F00E94DAC9C60E7E
:10A42000D71EE81EF91E809172048823B9F0C1146A
:10A43000D104E104F10451F480E00E94183DF3CF0F
:10A4400060E084EF98E00E949D94DACF0E94DAC920
:10A450006C197D098E099F0997FDEECF1092720449
:10A460001093FA030E941AC38DC860E086E199E058
:10A470000E949D9480E00E94656B81E00E94656B64
:10A4800082E00E94656B0E94276B7CC80E94D539D0
:10A490008FE399E00E94BD3375C80E9423CE72C835
:10A4A00080919C2E82FF02C087FF6CC80E94BBCDAA
:10A4B00080919C2E8F7E806480939C2E63C860E088
:10A4C0000E948ED410927404109273045BC80E9490
:10A4D0000D2B882321F00E94CACD0E9440310E949A
:10A4E0001AC350C880919C2E82FF05C087FD03C00F
:10A4F0008B7F80939C2E80915B07813081F782E077
:10A5000080935B070E94DAC960937F047093800494
:10A510008093810490938204E2CF80919C2E84FFEB
:10A5200031C883E50E941517882309F42BC80E94BF
:10A53000211FAB01BC014093982E5093992E60933C
:10A540009A2E70939B2E84E89CE20E94B3CE1AC888
:10A550008091150490911604A0911704B0911804ED
:10A5600022E0B695A795979587952A95D1F780FF14
:10A570001DC083E599E00E94BD338091872C88231C
:10A5800081F0BE016F5F7F4F84E89CE20E94C0D0E3
:10A59000CE0101960E9462CD8AE00E946C330C9439
:10A5A000C24A89E499E00E94BD33F6CF80919C2E87
:10A5B00082FF21C0C090982ED090992EE0909A2EC4
:10A5C000F0909B2E82E699E00E94BD33C701B60150
:10A5D0000E94E0B08FE20E946C336091942E7091E3
:10A5E000952E8091962E9091972E0E94E0B00E9419
:10A5F0005CCD0C94C24A84E799E00E94BD330C9470
:10A60000C24A80919C2E8E7F80939C2E0C94C24ACD
:10A6100080919C2E84FD02C00C94C24A0E946AC2A2
:10A6200080919C2E84FD02C00C94C24A4091190472
:10A6300050911A04BE016F5F7F4F80E00E94C6D226
:10A640008C01892B11F40C94C24A88E899E00E948D
:10A65000BD33C8010E9462CD85E899E00E94BD33F8
:10A660000C94C24A80919C2E82FF03C087FF0E94F7
:10A670004D6C80919C2E84FD02C00C94C24A60E017
:10A6800080E50E945C1F182F682F8091190490911B
:10A690001A040E948ED483E50E941517882381F046
:10A6A0000E94211FAB01BC014093982E5093992E1C
:10A6B00060939A2E70939B2E84E89CE20E94B3CE06
:10A6C0000E94CACD11110C94C24A0E9440310C94D0
:10A6D000C24A80919C2E8D7F80939C2E0C94C24AFE
:10A6E0000E94E27C6B017C0120E831E541E050E012
:10A6F0000E9465EAC9016DE671E00E94DBEA4B0148
:10A700005C01C701B60120E13EE040E050E00E945C
:10A7100065EACA01B90128E130E040E050E00E945A
:10A7200065EA2B013C011B01C701B6012CE330E0B7
:10A7300040E050E00E9465EA6B017C01CA01B9016A
:10A740002CE330E040E050E00E9465EA8E010F5FAC
:10A750001F4F8114910419F1DF92CF927F936F9371
:10A760005F924F92BF92AF929F928F9284ED99E049
:10A770009F938F931F930F930E94D0E30FB6F8948B
:10A78000DEBF0FBECDBFC8010E9458B10E94D539AF
:10A79000B80188EE99E00E9483CD0C94C24AA114BE
:10A7A000B10489F0DF92CF927F936F935F924F92C3
:10A7B000BF92AF9284EC99E09F938F931F930F9376
:10A7C0000E94D0E3DBCF4114510479F0DF92CF92A5
:10A7D0007F936F935F924F9288EB99E09F938F9353
:10A7E0001F930F930E94D0E3C9CF6115710569F0E3
:10A7F000DF92CF927F936F9380EB99E09F938F933B
:10A800001F930F930E94D0E3B9CFDF92CF928CEACF
:10A8100099E09F938F931F930F930E94D0E30F9023
:10A820000F900F900F900F900F90ADCF0E9440317E
:10A830000C94C24A80915B07813011F00C94C24A9B
:10A8400082E080935B070E94DAC960937F04709373
:10A85000800480938104909382040C94C24A0E94E5
:10A86000627D0C94C24A0E94F33A182F87FD0AC0F9
:10A8700085EF99E00E94BD33812F0E9455668AE0E2
:10A880000E946C3328A92093FA03E596E2E10C9428
:10A8900027EB60E080E50E94421F81110C94C24AC0
:10A8A0008091150490911604A0911704B09118049A
:10A8B00060918D07062F10E080FD02C00FEF10E0C1
:10A8C00089E40E941517882311F40C94075E0E94F6
:10A8D000311F00912007109121070F3F110519F03A
:10A8E00010F00FEF10E000938D070C94C24A60E067
:10A8F00080E50E94421F81110C94C24A10928D077C
:10A900000C94C24A8EE40E941517882311F40C940B
:10A91000C24A0E94211F60933B1370933C138093A3
:10A920003D1390933E130C94C24A83E50E94151781
:10A93000882321F00E94311F809360120E94D53934
:10A9400086E09AE00E94BD3380916012882331F145
:10A9500010E000E020E08091601290E0002E02C044
:10A96000959587950A94E2F780FF12C0FF24F3942F
:10A97000F20E222319F08CE20E946C33F801EE0FE4
:10A98000FF1FE450F64F859194910E94BD332F2D07
:10A990000F5F1F4F05301105F1F6FECD88EF99E0EE
:10A9A00002CE83E50E941517882369F00E94311FAB
:10A9B0008D3320F4809318010C94C24A8CE3809369
:10A9C00018010C94C24A0E94D539109118018DE0EB
:10A9D0009AE00E94BD33812F0E94AE658AE00E94FA
:10A9E0006C330C94C24A80E00E94F4240C94C24A56
:10A9F00081E00E94F4240C94C24A0E945E6C109282
:10AA00008D070E94CC690E94627D68EE73E080E051
:10AA100090E00E94E82A60E084E19AE00E949D9420
:10AA20000C94C24A8091F9038F7E80628093F9036F
:10AA30000C94C24A83E50E9415178823F1F00E9406
:10AA4000DAC960932C0570932D0580932E059093A1
:10AA50002F050E947F1F20E030E04AE754E40E9467
:10AA60009CE40E9427EC6093190170931A01809373
:10AA70001B0190931C010C94C24A0E948D168823DE
:10AA800009F46DC00E944D6C0E94EC16E82EF09007
:10AA90001405F82211F40C94C24A10E000E0C82E0C
:10AAA000D12CAA24A394B12CC601002E02C09595E6
:10AAB00087950A94E2F780FF12C0802F0E942E6BC8
:10AAC000882369F0F801E15EFD4F80819501002E39
:10AAD00001C0220F0A94EAF7822B8095F8220F5FBB
:10AAE0001F4F0330110501F7E3FE07C00E94196BE9
:10AAF000882319F03F2D347FF32E10E000E0CF2C97
:10AB0000D12CC601002E02C0959587950A94E2F7D4
:10AB100080FF0FC0F801EA56FE4F80810E946C331F
:10AB2000F801E15EFD4F90818091140589230E9418
:10AB3000A0D80F5F1F4F0330110519F7F3FC02C0B7
:10AB40000C94C24A85E40E946C3380E30E946C330B
:10AB50008091140583700E94A0D80C94C24A0E9470
:10AB60005E6C0C94C24A83E50E949E16882311F401
:10AB70000C94C24A0E94DAC960932C0570932D058B
:10AB800080932E0590932F050E947F1F20E030E0D8
:10AB90004AE754E40E949CE40E9427EC6093F4038B
:10ABA0007093F5038093F6039093F7030C94C24AD5
:10ABB0000E94F33A87FF02C00C94C24A80911504A8
:10ABC00084FD09C08091170487FD05C08091180499
:10ABD000837009F486C0E6E9CE2EE1E0DE2EF1E6D0
:10ABE000EF2EF2E1FF2E10E0D6018D916D010E9453
:10ABF0001517882349F0133089F00E947F1FF70151
:10AC0000648B758B868B978B1F5FF4E0EF0EF11CC6
:10AC1000143051F70E94256C0C94C24A0E947F1F89
:10AC20004B015C0120E030E040EA51E40E9437E44F
:10AC300087FF4EC0A501940160918112709182122C
:10AC400080918312909184120E94BAEB2B013C01F7
:10AC5000AC019B016091810770918207809183070D
:10AC6000909184070E949CE460938107709382070F
:10AC70008093830790938407A301920160919112BE
:10AC80007091921280919312909194120E949CE480
:10AC900060939112709392128093931290939412F6
:10ACA00060916D0770916E0780916F0790917007AA
:10ACB0000E943BE4A30192010E949CE40E9427ECC5
:10ACC00060936D0770936E0780936F079093700782
:10ACD0008092811290928212A0928312B09284127A
:10ACE00093CF81E00E949FC20C94C24A0E94DF333E
:10ACF0000C94C24A0091190410911A0494E0F12CAA
:10AD000040E09150F9F0F8018081282F2B7F213409
:10AD100099F421812133B1F4813421F1853409F48E
:10AD200041E098012E5F3F4F89012F5F3F4FF801AF
:10AD300080818032C9F3E5CF803521F48181805351
:10AD40008A3078F341110E94D539FF2021F081E249
:10AD50009AE00E94BD33C8010E9462CD0E945CCD82
:10AD60000C94C24AFF24F394DCCF0E94687B0C94BD
:10AD7000C24A2093C6062093C5060E94A67B0C9467
:10AD8000C24A70E060E083E50E94721F882341F0B0
:10AD90000E94D23984E29AE00E94BD330C94C24AE8
:10ADA0008C01112788E40E9415178823C1F00E94A6
:10ADB0006F1F8A3A91050CF44BC00E946F1F8530BB
:10ADC00091400CF048C00E946F1F26E0209FF001C8
:10ADD000219FF00D1124E45EF84F9183808382E47B
:10ADE0000E9415178823A9F00E946F1F0597B4F1E0
:10ADF0000E946F1F84379105A4F50E946F1F26E003
:10AE0000209FF001219FF00D1124E45EF84F938301
:10AE1000828386E40E941517882311F40C94C24A99
:10AE20000E946F1F97FD20C00E946F1F8F3F9105EA
:10AE300009F0ECF40E946F1F26E0209FF001219F93
:10AE4000F00D1124E45EF84F958384830C94C24A7C
:10AE50008AEA90E0BACF84E091E0B7CF85E090E055
:10AE6000CECF83E790E0CBCF90E080E0E5CF8FEFCF
:10AE700090E0E2CF0E94F33A87FF02C00C94C24AEE
:10AE800006E911E061E6E62E62E1F62E7AE9C72EC8
:10AE900071E0D72ED8018D918D010E94151788235E
:10AEA00059F00E947F1F0E9427ECF7016083718395
:10AEB000828393830E94E16BF4E0EF0EF11CC016D5
:10AEC000D10641F70C94C24A8091150484FD0DC04F
:10AED00080911704887849F480911804837029F4CC
:10AEE00081E00E9408390C94C24A0E94F33A87FF1D
:10AEF00002C00C94C24A56E9E52E51E0F52E10E04E
:10AF000000E0D7018D917D010E941517882349F03B
:10AF10000E947F1FF801EF59FD4E64A375A386A31D
:10AF200097A30C5F1F4F0031110559F70C94C24ACB
:10AF30008091160487FD09C0809117048E7029F452
:10AF400081E00E94E8380C94C24A83E50E941517FC
:10AF5000882391F00E947F1F609395127093961240
:10AF6000809397129093981260939D1270939E1203
:10AF700080939F129093A01280E50E94151788235A
:10AF800051F00E947F1F60939512709396128093E8
:10AF900097129093981282E50E941517882351F01A
:10AFA0000E947F1F6093991270939A1280939B1254
:10AFB00090939C1284E50E941517882311F40C9439
:10AFC000C24A0E947F1F60939D1270939E128093CD
:10AFD0009F129093A0120C94C24A82E40E9415170B
:10AFE000882351F00E94111F6093711270937212A6
:10AFF000809373129093741283E50E94151788232F
:10B0000051F00E947F1F6093A1127093A21280934F
:10B01000A3129093A41284E50E941517882351F07F
:10B020000E947F1F6093A5127093A6128093A712AF
:10B030009093A81288E50E941517882351F00E946A
:10B040007F1F6093750770937607809377079093BF
:10B05000780789E50E941517882351F00E947F1F09
:10B060006093790770937A0780937B0790937C07AE
:10B070008AE50E941517182F882351F00E947F1F20
:10B0800060937D0770937E0780937F07909380077E
:10B0900085E40E941517882351F00E947F1F60935A
:10B0A000810770938207809383079093840711230D
:10B0B00011F40C94C24A2DEC3CEC4CEC5DE3609135
:10B0C0007D0770917E0780917F07909180070E9495
:10B0D00037E4181614F40C94C24A86E49AE00E94ED
:10B0E000BD330C94C24A83E50E949E16882331F03A
:10B0F0000E944D1F80933E010C94C24A6AE97AE097
:10B1000081E00E9497C210913E01105D81E99AE0B2
:10B110000E94BD33812F0E946C338DE89AE00E941B
:10B12000BD3380913E010E94C839809140019091C9
:10B130004101A0914201B091430188A799A7AAA714
:10B14000BBA740904401509045016090460170902B
:10B1500047018090480190904901A0904A01B09029
:10B160004B01C0904C01D0904D01E0904E01F09009
:10B170004F018091500190915101A0915201B091E5
:10B1800053018CA79DA7AEA7BFA7809154019091B2
:10B190005501A0915601B091570189AB9AABABAB69
:10B1A000BCAB85E89AE00E94BD3348A559A56AA5C5
:10B1B0007BA588E79AE00E947D34B301A20186ED69
:10B1C00099E20E947D34B501A40183ED99E20E94C9
:10B1D0007D3483E89AE00E94BD338BE79AE00E94B9
:10B1E000BD33B701A60188E79AE00E947D344CA5E3
:10B1F0005DA56EA57FA586ED99E20E947D3449A9E3
:10B200005AA96BA97CA983ED99E20E947D348AE05A
:10B210000E946C330C94C24A0E94F33A082F87FFB5
:10B2200002C00C94C24A83E50E941517002E000C40
:10B23000110B7801EE0CFF1C882309F10E946F1F8F
:10B24000F701E85AFE4F91838083000F111F000F12
:10B25000111F06581E4FBC01990F880B990B0E94B5
:10B260003DE42AE037ED43E25CE30E949CE4D80130
:10B270006D937D938D939C9313970C94C24A0E9477
:10B28000D53985E40E946C3380E3800F0E946C33D3
:10B29000F701E85AFE4F608171818CEA9AE00E94C2
:10B2A000BC3B85E20E946C338AE00E946C330C94B4
:10B2B000C24A80E50E941517882311F40C94C24AF3
:10B2C0000E946F1F8C01892B09F081C083E50E94C9
:10B2D0001517882389F00E946F1F97FD07C0BC01D6
:10B2E0008CE09DE20E946E310C94C24A8CE09DE29B
:10B2F0000E944F310C94C24A0E94D53970E060E040
:10B3000087EB9AE00E94BC3B80910E2DA8E5CA2EE7
:10B31000A2E0DA2EC81AD10887FDD394CC0CDD1C2C
:10B32000CC0CDD1C0D2C000CEE08FF0880910D2DBF
:10B3300098E8892E912C881A910887FD9394880C9F
:10B34000991C880C991C092C000CAA08BB08809138
:10B350000C2D90E08F3FC9F1FC01EE0FFF1FE80FAD
:10B36000F91FE951F34D81819281E3E0880F991F24
:10B37000EA95E1F7B0E0A0E0F4E0B595A7959795E0
:10B380008795FA95D1F702969C012F5F3F4F032EC8
:10B39000000C440B550B281939094A095B09A4EB29
:10B3A000B0E00E94A3EAA7019601281939094A09C9
:10B3B0005B090E9487EAB90184EB9AE00E94BC3BDA
:10B3C0008AE00E946C330C94C24A80E0DDCF0E9478
:10B3D000D239B8018EEC9AE00E94BC3B8FEB9AE028
:10B3E0000E94BD330C94C24A83E50E941517811157
:10B3F0000C9402508091170487FD1FC0809118049F
:10B400008370D9F40E94D5394091172D5091182D91
:10B410006091192D70911A2D80EE9AE00E94BC3433
:10B42000609183047091840485ED9AE00E94BC3B96
:10B430008AE00E946C330C94C24A82E50E949E16F8
:10B440008111E0CF0C94C24A8091150483FD09C09C
:10B4500080911604817829F481E00E94DC390C94F3
:10B46000C24A80E50E941517882351F00E947F1F71
:10B4700060933B0570933C0580933D0590933E059A
:10B4800089E40E941517882381F00E947F1F2CEA0F
:10B4900035EC47E25EE30E949CE460933F057093C5
:10B4A0004005809341059093420584E40E9415175E
:10B4B000882311F40C94C24A0E947F1F2CEA35ECB9
:10B4C00047E25EE30E94BAEB609343057093440544
:10B4D00080934505909346050C94C24A83E50E94EB
:10B4E0009E16182F882369F00E946F1F9C0190936D
:10B4F0003D0180933C0191E0232B09F090E0909373
:10B50000960480E50E949E16882361F020913C01FC
:10B5100030913D01232B11F00E944D1F8093960422
:10B520000C94C24A11110C94C24A0E94D5398AE186
:10B530009BE00E94BD3380919604882391F082E0C5
:10B540009BE00E94BD3360913C0170913D0189E018
:10B550009BE00E94BC3B85E09BE00E94BD330C94C5
:10B56000C24A8EEF9AE0EDCF0E94BF340C94C24ADB
:10B570000E944D6C0C94C24A0E949C260E94BD7A87
:10B580000C94C24A0E94C3470C94C24A6FEF7FEFEB
:10B5900089E40E94721F8C016FEF7FEF8AE40E94A2
:10B5A000721F7C018AE50E941517D12C811107C0FA
:10B5B00081E50E941517D82E882309F434C3C02EC4
:10B5C00081E0800F863008F04EC0BE2C81E08E0DE9
:10B5D000863008F048C0102F0E947F1F2B013C01CD
:10B5E000A02E07FDA12C17FF02C044E0C42E8E2D13
:10B5F000E7FCE12C87FF02C034E0B32E25E0322EB9
:10B60000CA1410F40C94C24AFE2C3A9C4001112436
:10B61000BF1438F10F2D10E020E030E0A901DD204B
:10B6200069F0F401E00FF11FEE0FFF1FEE0FFF1F97
:10B63000E156FB4F2081318142815381080D191D54
:10B64000000F111F000F111F01561B4FC301B20144
:10B650000E9443EBF8016083718382839383F394A8
:10B66000D7CFA394CDCF0E94D2398DE49BE00E9426
:10B67000BD330C94C24A0E9483830C94C24A0E9438
:10B68000B57B0C94C24A0E94113A0C94C24A81E0E4
:10B69000809313050E94788310921305882311F478
:10B6A0000C94C24A0E94D53986E69BE00E94BD33C5
:10B6B0000C94C24A14FD02C00C94C24A0E946AC291
:10B6C0000C94C24A8091170487FD09C08091180428
:10B6D000837029F481E00E948E340C94C24A409019
:10B6E0000F2D5090102D6090112D7090122D809183
:10B6F000132D9091142DA091152DB091162D88A782
:10B7000099A7AAA7BBA7C090172DD090182DE0909D
:10B71000192DF0901A2D88E50E941517182F8823EF
:10B7200009F482C00E947F1F4B015C0120E030E0E1
:10B730004BE653EC0E94A6EC87FD0BC020E030E006
:10B740004BE653E4C501B4010E9437E418160CF02F
:10B750006DC06BEE70E08EEA9BE00E94BC3B6BEE2E
:10B7600070E089EA9BE00E94BC3B86EA9BE00E9475
:10B77000BD3310E089E50E941517882341F10E942E
:10B780007F1F4B015C0120E030E04BE653EC0E9450
:10B79000A6EC87FD0BC020E030E04BE653E4C5018A
:10B7A000B4010E9437E418160CF043C06BEE70E051
:10B7B00083E99BE00E94BC3B6BEE70E08EE89BE06F
:10B7C0000E94BC3B8BE89BE00E94BD3310E08AE501
:10B7D0000E941517882391F10E947F1F6B017C0145
:10B7E00020E030E040EA51EC0E94A6EC87FD0AC060
:10B7F00020E030E040EA51E4C701B6010E9437E49E
:10B800001816E4F46CEE7FEF89E79BE00E94BC3BE6
:10B8100064E170E084E79BE00E94BC3B81E79BE031
:10B820000E94BD330C94C24A11E0A4CF240135011B
:10B83000A1CF88A699A6AAA6BBA6C9CF112311F4A9
:10B840000C94C24A40920F2D5092102D6092112DEF
:10B850007092122D88A599A5AAA5BBA58093132D3A
:10B860009093142DA093152DB093162DC092172DE3
:10B87000D092182DE092192DF0921A2D0C94C24AF4
:10B880008E7F0C940151112351F040929B045092F1
:10B890009C0460929D0470929E040C94325173013A
:10B8A00062010C94325111110AC040929B045092D3
:10B8B0009C0460929D0470929E040C9451517301FB
:10B8C00062010C94515183E080930C0710927D2CFF
:10B8D00060E083E50E945C1F81110C94C24A0E94C3
:10B8E00094B10C94C24A0E94A6D381110C94C24A0E
:10B8F0000C94BB5100911B0410911C040E94DAC9E6
:10B9000060932C0570932D0580932E0590932F0541
:10B91000002311F40C94C24A0E94D53984E50E9498
:10B920006C33802F0E94AE6580E20E946C3387EFFB
:10B930009BE00E94BD330C94C24A11110FC011E06C
:10B940008091150490911604A0911704B0911804E9
:10B950003B2F3170B32E31130C948F4B8C2D817093
:10B96000B12E81130C948F4B11E0BB24B39401E0F2
:10B9700082E50E941517882311F40C94934B0E94C2
:10B980007F1F6CA37DA38EA39FA320E030E0A901BD
:10B990000E9437E4882379F0111105C0B11003C06B
:10B9A000002309F420C1CE0184960E94CCC20E94DB
:10B9B00096320E945132112309F480C0BB2009F451
:10B9C0007AC01092A9121092AA121092AB12109281
:10B9D000AC121092AD121092AE121092AF121092E1
:10B9E000B0120E948F7A8EED9BE10E9496266B0129
:10B9F0007C0182EE9BE10E9496262B013C01AC016A
:10BA00009B01C701B6010E94A6EC181614F00C9415
:10BA1000994BA7019601C301B2010E94BAEB9B01A9
:10BA2000AC010E949CE420E030E040E85FE30E942B
:10BA300043EB0E94DFEC20E030E046E153E40E945B
:10BA40009CE468A379A38AA39BA320E030E040ECA8
:10BA50005FE3C301B2010E949CE4905869837A833A
:10BA60008B839C8320E030E040EC5FE3C701B601AC
:10BA70000E949CE490586C8F7D8F8E8F9F8FAE01BB
:10BA8000405E5F4FBE016F5F7F4FCE014C960E94BC
:10BA9000C8790E94D47C1092A9121092AA12109216
:10BAA000AB121092AC121092AD121092AE12109214
:10BAB000AF121092B01280E00E94B19CBB2019F02E
:10BAC00081E00E94B19C002309F48DC083E00E94B4
:10BAD00015A2811188C00E948F7A8091B112909135
:10BAE000B212A091B312B091B412809391049093CA
:10BAF0009204A0939304B093940400911B2D109191
:10BB00001C2DD8012D913D914D915C9160E070E02C
:10BB10008AEE92E40E9442EB6B017C01C0928504A4
:10BB2000D0928604E0928704F0928804F801248180
:10BB300035814681578160E070E08AEE92E40E9490
:10BB400042EB2B013C014092890450928A0460929E
:10BB50008B0470928C0427E137EB41ED58EB0E9487
:10BB6000A6EC87FF02C00C949F4B27E030E04BE629
:10BB700053E4C301B2010E9437E4181614F40C9484
:10BB80009F4B27E137EB41ED58EBC701B6010E940F
:10BB9000A6EC87FF02C00C949F4B27E030E04BE6F9
:10BBA00053E4C701B6010E9437E4181614F40C944C
:10BBB0009F4B1C8E1D8E1E8E1F8E88E0E5E8F4E0E4
:10BBC000DE01119601900D928A95E1F7AE01445E77
:10BBD0005F4FBE016B5F7F4FCE0101960E94C87917
:10BBE00082E00E94B19C0E948F7A8091C50680936A
:10BBF000C606AA2019F081E00E941A290E94007945
:10BC000083E0809374010E94BD7A0C94C24A83E55C
:10BC10000E941517882311F40C946D540E94211F63
:10BC20008B010C946D540E94D2398DE29BE00E94EE
:10BC3000BD330C94C24A882309F481CE95CEB0E07E
:10BC4000A0E0E5E2FEE50C940DEB7C014DB65EB69E
:10BC500060905D0770905E078DB69EB66AE070E0FA
:10BC6000C7010E9474E36C018C010E191F09892B16
:10BC700021F4C7010E9486E38C01C80101962DB70B
:10BC80003EB7281B390B0FB6F8943EBF0FBE2DBF31
:10BC90008DB79EB701965C01A801B7010E94A7E38A
:10BCA000F501E00FF11F1082C5010E943A2581E0E5
:10BCB0000E946A49C114D10451F076019FEFE91A3C
:10BCC000F90A0FB6F8949EBE0FBE8DBEC5CF0FB653
:10BCD000F8949EBE0FBE8DBEC3010E943A250FB6DA
:10BCE000F8945EBE0FBE4DBEE0E10C9429EBCF93FD
:10BCF000DF93C091A31381E6C89FE0011124CB55C7
:10BD0000DC4E8091601280FF07C00E94D539CE01C1
:10BD10000E9462CD0E945CCDCE010E943A2580E057
:10BD20000E946A49DF91CF910895A0E1B0E0EBE96C
:10BD3000FEE50C9419EB8C01DC01ED91FC91028085
:10BD4000F381E02DBE016F5F7F4F0995882309F4D1
:10BD50005DC08981807C91F56F81637070E0762F82
:10BD60006627770F770F8885B4E08B9FC001112479
:10BD7000682B792B89858295869586958370682BAB
:10BD80006F5F7F4F90E080E02A852370220F3B8514
:10BD900037FB332730F9232B3E813F70230F3327A6
:10BDA000331F2750310904C0660F771F881F991F62
:10BDB0002A95D2F76096E4E00C9435EB803419F5BF
:10BDC00068856695669570E090E080E0CB01772706
:10BDD00066272A85622B098510E0102F0027012E87
:10BDE000000C220B330B602B712B822B932B6F5F7C
:10BDF0007F4F8F4F9F4F4AE0660F771F881F991F15
:10BE00004A95D1F7D7CF8BE0F801848360E070E0EA
:10BE1000CB01D0CF0895FC0182810895FC0190E10F
:10BE2000AEE1B6E001900D929A95E1F70895FC011C
:10BE30007081472F50E0062E02C0559547950A9411
:10BE4000E2F740FF14C04091AB0550E0062E02C05F
:10BE5000559547950A94E2F740FF09C021E030E08C
:10BE600001C0220F6A95EAF72095272320830895C1
:10BE70008F929F92AF92BF92CF92DF92EF92FF92FA
:10BE8000FC01C080D180E280F38020E030E040E21D
:10BE900051E4C701B6010E949CE420E030E040E29A
:10BEA00051E40E949CE44B015C0120E030E0A901D8
:10BEB000C701B6010E9437E420E030E040EA50E4D8
:10BEC00087FF04C020E030E040EA50ECC501B40137
:10BED0000E9443EB20E030E040E251E40E94BAEBE4
:10BEE0000E9422EC9B018BE237FF05C022273327FB
:10BEF000261B370B8DE280937804C90168EE73E04E
:10BF00000E94EFEACB01EAE0F0E0BF010E94EFEA15
:10BF1000805D80937904C90164E670E00E94EFEAD5
:10BF2000CB01BF010E94EFEA805D80937A04C901D2
:10BF3000BF010E94EFEA9C01CB01BF010E94EFEA22
:10BF4000805D80937B048EE280937C04205D20934F
:10BF50007D0488E794E0FF90EF90DF90CF90BF9052
:10BF6000AF909F908F900895282F81E3243609F099
:10BF700080E280937A0490E22A3040F03AE0822F07
:10BF8000632F0E94C2EA0E94C2EA905D90937B04F4
:10BF9000822F6AE00E94C2EA905D90937C0485E261
:10BFA00080937D048AE794E0089560915801709130
:10BFB0005901072E000C880B990B0E943DE42AE0E2
:10BFC00037ED43E25CE30E949CE460937A01709356
:10BFD0007B0180937C0190937D010895CF93DF9343
:10BFE000EC01CB01BA010E943DE429EC38EC48ECAD
:10BFF0005EE30E94BAEB20E030E040E05FE30E94A5
:10C0000043EB0E9427EC6883DF91CF9108950E9453
:10C010003DE429EC38EC48EC5EE30E94BAEB20E00A
:10C0200030E040E05FE30E9443EB0E9427EC24E60F
:10C03000629FC001112481589F4F6FEF70E00E94F2
:10C04000EFEA862F91CF80914907811104C080913A
:10C050000D0780938D0708958091912E8823C1F05C
:10C0600081508093912EEAEBFCE2882351F08150BD
:10C07000990B2BE1289FF001299FF00D1124ED571A
:10C08000F24D8BE1AFE9BCE201900D928A95E1F7A8
:10C090002091912E211105C080919C2E8064809367
:10C0A0009C2E81E090E0A0E0B0E0211103C080E090
:10C0B00090E0DC0180933D0790933E07A0933F07FB
:10C0C000B09340071092380781E080933A0783E0ED
:10C0D000809374010895CF93DF93EC01CB01BA01F3
:10C0E0000E943DE4688379838A839B83DF91CF91AB
:10C0F00008958F929F92AF92BF92CF92DF92EF926C
:10C10000FF926B017C0120E030E0A9010E9437E43E
:10C1100087FDAAC06DEB77E386E095E3A701960162
:10C120000E9443EB6B017C0120E030E0A9010E94FA
:10C1300037E487FF9EC0C701B601905820E030E089
:10C1400040E251E40E949CE420E030E040E251E40F
:10C150000E949CE420E030E040EA50E40E9443EB7F
:10C1600020E030E040E251E40E94BAEB0E9422EC71
:10C170006B017C0180E28093770460E280E1C81665
:10C1800087E2D806E104F1048CF0C701B60120E192
:10C1900037E240E050E00E9487EACA01B9012AE094
:10C1A00030E040E050E00E9487EA605D60937804F0
:10C1B00060E288EEC81683E0D806E104F1048CF052
:10C1C000C701B60128EE33E040E050E00E9487EA64
:10C1D000CA01B9012AE030E040E050E00E9487EA5D
:10C1E000605D6093790460E284E6C816D104E104DE
:10C1F000F1048CF0C701B60124E630E040E050E0E5
:10C200000E9487EACA01B9012AE030E040E050E02C
:10C210000E9487EA605D60937A048AE0882E912C00
:10C22000A12CB12CC701B601A50194010E9487EA97
:10C230006B01CA01B901A50194010E9487EA605D02
:10C2400060937B048EE280937C0480E3C80EC092EE
:10C250007D0487E794E0FF90EF90DF90CF90BF9050
:10C26000AF909F908F9008956DEB77E386E095EB0C
:10C2700055CF20E030E040E251E4C701B60162CF83
:10C280004F925F926F927F928F929F92AF92BF92E6
:10C29000CF92DF92EF92FF926B017C0120E030E0C1
:10C2A000A9010E9437E487FFA7C06DEB77E386E022
:10C2B00095EBA70196010E9443EB6B017C0120E006
:10C2C00030E040E251E40E949CE420E030E048ECA1
:10C2D00052E40E949CE44B015C0120E030E040E22B
:10C2E00051ECC701B6010E9437E4181654F420E05F
:10C2F00030E048EC52E4C701B6010E94A6EC87FD8D
:10C300008FC020E030E0A901C701B6010E9437E4E8
:10C3100087FF77C060E070E080EA90ECA5019401AF
:10C320000E9443EB20E030E040E251E40E94BAEB8F
:10C330000E9422EC6B017C01F7FC68C020E137E22F
:10C3400040E050E00E9487EACA01B9012AE030E0EB
:10C3500040E050E00E9487EA605D60937804C70186
:10C36000B60128EE33E040E050E00E9487EA9AE010
:10C37000892E912CA12CB12CCA01B901A5019401DF
:10C380000E9487EA605D60937904C701B60124E6E4
:10C3900030E040E050E00E9487EACA01B901A501FF
:10C3A00094010E9487EA605D60937A048EE2809334
:10C3B0007B04C701B601A50194010E9487EA6B01C5
:10C3C000CA01B901A50194010E9487EA605D6093EA
:10C3D0007C0480E3C80EC0927D0488E794E0FF905F
:10C3E000EF90DF90CF90BF90AF909F908F907F9015
:10C3F0006F905F904F9008956DEB77E386E095E343
:10C4000058CF60E070E080EA90E488CFF094E09448
:10C41000D094C094C11CD11CE11CF11C6DE29DCFD5
:10C4200020E030E0A901C701B6010E9437E487FF90
:10C430006BC060E070E080EA90ECA50194010E947E
:10C4400043EB20E030E040E251E40E94BAEB0E946E
:10C4500022EC4B015C0120E030E0A901C701B601EC
:10C460000E94A6EC87FD0BC020E030E040E251E4E2
:10C47000C701B6010E9437E460E287FD13C0B7FC34
:10C4800048C0C501B40128EE33E040E050E00E940E
:10C4900087EACA01B9012AE030E040E050E00E949A
:10C4A00087EA605D60937904C501B40124E630E059
:10C4B00040E050E00E9487EA8AE0482E512C612C2F
:10C4C000712CCA01B901A30192010E9487EA605D43
:10C4D00060937A048EE280937B04C501B401A301CA
:10C4E00092010E9487EA6B01CA01B901A30192017E
:10C4F0000E9487EA605D60937C0480E3C80EC0926E
:10C500007D0489E794E06BCF60E070E080EA90E41E
:10C5100094CFB094A09490948094811C911CA11C01
:10C52000B11C6DE2BFCFCF93DF93EC01CB01BA0119
:10C530000E943DE420E030E040E251E40E94BAEB8A
:10C54000688379838A839B83DF91CF9108950E94CA
:10C550003DE420E030E040E251E40E94BAEBC9CD76
:10C56000CF93DF93EC01CB01BA010E943DE420E0C0
:10C5700030E048EC52E40E94BAEB688379838A8306
:10C580009B83DF91CF9108950E943DE420E030E04D
:10C5900048EC52E40E94BAEB73CECF93DF93EC01E8
:10C5A000CB01BA010E943DE40E9422EC79836883AA
:10C5B000DF91CF9108958091202D9091212D891B9D
:10C5C0008F7189F480915B07813069F090919C2E86
:10C5D00092FB882780F992FF07C097FB882780F994
:10C5E00091E08927089581E00895CF93DF93C0916A
:10C5F0003805D0913905209729F160913405709163
:10C60000350580913605909137050E9422EC6E5FCA
:10C610007F4F24976C177D07ACF470934F0660939F
:10C620004E060E94DAC9605E714B8F4F9F4F609338
:10C630005006709351068093520690935306DF91F3
:10C64000CF91089510925006109251061092520602
:10C6500010925306F4CF9091C4069817A1F18093DD
:10C66000C4068823C9F00E94DAC960931D0570933F
:10C670001E0580931F0590932005109221050E94AE
:10C68000DAC9609322057093230580932405909363
:10C69000250510922605089510921D0510921E057D
:10C6A00010921F0510922005109221059EDF109216
:10C6B0002205109223051092240510922505109250
:10C6C00026050C945E180895CF93DF93C09138052A
:10C6D000D0913905209729F1609134057091350585
:10C6E00080913605909137050E9422EC6E5F7F4F56
:10C6F00024976C177D07ACF470934F0660934E0639
:10C700000E94DAC9605E714B8F4F9F4F6093500655
:10C71000709351068093520690935306DF91CF9108
:10C7200008951092500610925106109252061092DF
:10C730005306F4CFC9CFCF93C82FCB010E94BD338E
:10C7400081E59BE10E94BD3382E49BE1CC2311F0A3
:10C7500087E49BE10E94BD338AE00E946C33CF9155
:10C7600008959091950481E089270C941A294091AD
:10C77000130521E042276CE070E00C941EC240914A
:10C78000130521E0422764E070E00C941EC2409142
:10C79000130521E0422761E070E00C941EC2409135
:10C7A000130521E0422761E070E00C941EC2409125
:10C7B000130521E0422768E070E00C941EC240910E
:10C7C000130521E042276CE070E00C941EC241E0AA
:10C7D00061E070E00C941EC24091130521E04227F5
:10C7E0000C941EC26CE070E00C9484C964E070E0AC
:10C7F0000C9484C961E070E00C9484C961E070E03D
:10C800000C9484C96CE070E00C9484C961E08DE004
:10C8100097E00C949F2920E030E0A901BC0189EA4F
:10C8200092E10C94F3C1A4E0B0E0E9E1F4E60C94E9
:10C830001BEB84EF91E0A0E0B0E089839A83AB83A7
:10C84000BC83BE016F5F7F4F88E70E94343224961D
:10C85000E2E00C9437EBB0E0A0E0E1E3F4E60C9406
:10C860001BEB20E24F8158856E818D810E9469C645
:10C87000E2E00C9437EB60910D078FEF0C9455D8E4
:10C8800080910D07682F0C9455D86FEF80910D079C
:10C890000C9455D86FE476E882E00C9463D663E597
:10C8A00076E881E00C9463D667E576E880E00C9446
:10C8B00063D66BE576E883E00C9463D61092380774
:10C8C0000C9423CE80917401882341F060918B05F4
:10C8D00070918C0541E081E00C9409C60895CF93D6
:10C8E000DF93EC018D810E94B24760E08B810E9452
:10C8F000F5C8DF91CF91089561E0FC0183810E942A
:10C90000F5C88FEF0C94A6478F929F92AF92BF927B
:10C91000CF92DF92EF92FF920F931F93CF938C01F0
:10C92000C62F69017A01DBDF0E94DAC94B015C0185
:10C9300028E5820E22E0921EA11CB11C0E94AB478A
:10C940008F3F41F00E94DAC9681979098A099B0969
:10C9500097FDF4CF8C2F80640E94A6478F2D0E94F4
:10C96000A6478E2D0E94A6478D2D0E94A6478C2D8E
:10C970000E94A64787E8C11101C085E90E94A64729
:10C98000CC3011F40E94AB47C0E00E94AB47F801E5
:10C99000868387FF04C0CF3F11F0CF5FF6CFCF91E2
:10C9A0001F910F91FF90EF90DF90CF90BF90AF90CD
:10C9B0009F908F900895B0E0A0E0E1EEF4E60C9433
:10C9C00011EBEC01162F1F821C824B830E94DAC9E7
:10C9D0006B017C0120EDC20E27E0D21EE11CF11C90
:10C9E000A89561E08B810E94F5C88B810E944BC2A3
:10C9F000249A2C9A279A2698259A81E00E94B24779
:10CA000085E08D830E94B2470AE08FEF0E94A6471F
:10CA10000150D9F7A89520E030E0A90160E0CE01EF
:10CA200073DF8E83813079F00E94DAC96C197D0939
:10CA30008E099F0997FDEFCF81E08C83CE015CDFEB
:10CA40001A8280E065C0A8952AEA31E040E050E013
:10CA500068E0CE0159DF853031F581E08F83A895FC
:10CA60008F81812C912C5401823029F4812C912CBE
:10CA7000A12C80E4B82E20E030E0A90167E3CE01CC
:10CA800043DFA501940169E2CE013EDF8E83882356
:10CA9000F1F00E94DAC96C197D098E099F0997FD92
:10CAA000EACF8AE0CACF04E00E94AB478E830150F0
:10CAB000D9F78A3A11F482E0D1CF0E94DAC96C1911
:10CAC0007D098E099F0997FDBFCF82E0B6CF8F8188
:10CAD0008230B9F420E030E0A9016AE3CE0114DF2E
:10CAE000882311F088E0A9CF0E94AB47807C803C6E
:10CAF00011F483E08F830E94AB470E94AB470E94F2
:10CB0000AB47CE01F9DE81E08A83173030F41D8314
:10CB1000CDB7DEB7ECE00C942DEB88E18C8391CFA0
:10CB20000F931F93CF93DF93EC018B0120E030E054
:10CB3000A90169E0E9DE882351F080E18C83CE0110
:10CB4000DBDE80E0DF91CF911F910F91089540E1EE
:10CB500050E0B801CE010E94CCD5F4CF682F70E030
:10CB600090E080E00C94E0B08F929F92AF92BF92E1
:10CB7000CF92DF92EF92FF92CF936B017C01B42EA4
:10CB800020E030E0A9010E9437E487FF07C08DE272
:10CB90000E946C33F7FAF094F7F8F094C0E060E08C
:10CBA00070E080E09FE3CB1541F02DEC3CEC4CECC9
:10CBB0005DE30E949CE4CF5FF6CFA70196010E943F
:10CBC00043EB6B017C010E9427EC4B015C010E944E
:10CBD000E0B0CC2371F1C501B4010E943BE49B019C
:10CBE000AC01C701B6010E9442EB6B017C018EE2F1
:10CBF0000E946C33C150E8F020E030E040E251E4A4
:10CC0000C701B6010E949CE46B017C010E9427ECE5
:10CC10004B015C010E94E0B0C501B4010E943BE4FD
:10CC20009B01AC01C701B6010E9442EB6B017C0184
:10CC3000E1CFCF91FF90EF90DF90CF90BF90AF907A
:10CC40009F908F900895EF92FF920F931F93CF9331
:10CC50007B018A01C2E48F3F09F0C4E580E20E94B3
:10CC60006C338C2F0E946C338AE30E946C33F70183
:10CC7000608171818281938142E076DF8EE395E26B
:10CC80000E94BD33F801608171818281938142E00D
:10CC90006BDF62E070E080E090E00E9451C9CF91CC
:10CCA0001F910F91FF90EF900895A8E0B0E0EBE5A1
:10CCB000F6E60C941AEB182F60913805709139053F
:10CCC000072E000C880B990B0E943DE46D837E8338
:10CCD0008F8398878091340590913505A091360512
:10CCE000B091370589839A83AB83BC83AE014B5FD8
:10CCF0005F4FBE016F5F7F4F80E8A5DF609119072E
:10CD000070911A07072E000C880B990B0E943DE4C6
:10CD10006D837E838F839887809115079091160786
:10CD2000A0911707B091180789839A83AB83BC83BE
:10CD3000AE014B5F5F4FBE016F5F7F4F8FEF83DFB1
:10CD400060911B071F3F39F087E11802F0011124A1
:10CD5000E05DFA4F628570E086E495E20E94BC3B9C
:10CD600060911B0770E081E495E20E94BC3B28962D
:10CD7000E3E00C9436EB4F925F926F927F928F922A
:10CD80009F92AF92BF92CF92DF92EF92FF921F934A
:10CD9000CF93DF93CDB7DEB766970FB6F894DEBFBB
:10CDA0000FBECDBF8E8B81E0809373011D821E82EA
:10CDB0001F821886198A1A8A1B8A1C8A20E03CE383
:10CDC0004CE156E42D873E874F87588B80E090E0FA
:10CDD000A0E8BFEB89839A83AB83BC831D8A11E0F3
:10CDE000412C512C32016091190770911A07072EBE
:10CDF000000C880B990B0E943DE46B017C0129819A
:10CE00003A814B815C810E9437E48823B9F02091FC
:10CE100015073091160740911707509118079E8902
:10CE20009111E6C0C701B6010E9437E4881F882728
:10CE3000881F8D8BC982DA82EB82FC820E94DAC95C
:10CE40006B017C01DC01CB0129893A894B895C8922
:10CE5000821B930BA40BB50BB7FD2DC0D701C601E8
:10CE600088519C4FAF4FBF4F898B9A8BAB8BBC8B3C
:10CE700080E01BDF8EE495E20E94BD334114510433
:10CE80006104710409F4E0C0C301B201605F784D30
:10CE90008F4F9F4F6C197D098E099F0928EE33E053
:10CEA00040E050E00E9465EACA01B9010E943825BD
:10CEB0008AE00E946C3380E00E94183D0E94DAC92B
:10CEC00060932C0570932D0580932E0590932F056C
:10CED00020911507309116074091170750911807B8
:10CEE00029873A874B875C8769817A818B819C810E
:10CEF0000E9442EB4B015C0120E030E0A9010E945E
:10CF0000A6EC87FF04C0B7FAB094B7F8B094411408
:10CF100051046104710409F09BC020E030E040E856
:10CF20005FE3C501B4010E9437E487FF0FC0412CC5
:10CF3000512C3201112331F085E0482E8DE0582E1E
:10CF4000612C712C4C0C5D1C6E1C7F1C3D893323A5
:10CF5000C1F18D819E81AF81B885892B8A2B8B2B66
:10CF600061F0D701C6012D813E814F815885821B1A
:10CF7000930BA40BB50BB7FD24C029853A854B85CF
:10CF80005C856D857E858F8598890E9442EB20E0C7
:10CF900030E040E85FE30E9437E487FD2FC0D7010F
:10CFA000C601805A9541AF4FBF4F8D839E83AF839B
:10CFB000B88729853A854B855C852D873E874F87C5
:10CFC000588B809173018823C9F041145104610486
:10CFD000710461F030E1C31A37E2D30AE108F108C5
:10CFE000C418D508E608F708F7FE08C010E0FBCE25
:10CFF000C701B6010E9437E487FF20C0A0917301EA
:10D00000A983AA2321F0109273010E941AC3898177
:10D0100066960FB6F894DEBF0FBECDBFDF91CF91FD
:10D020001F91FF90EF90DF90CF90BF90AF909F90B7
:10D030008F907F906F905F904F900895C982DA82B1
:10D04000EB82FC821D8AFACE8FE30E946C3330CFD4
:10D0500020E030E040E450E4C501B4010E94A6ECB9
:10D0600018160CF073CF2601370170CFA6E1B0E09F
:10D07000ECE3F8E60C940CEB182F062F30902B0500
:10D0800010922B0581E0809373011D821E821F8206
:10D090001886198A1A8A1B8A1C8A20E03CE34CE114
:10D0A00056E42D873E874F87588B80E090E0A0E8BC
:10D0B000BFEB89839A83AB83BC831D8A91E09E8BEF
:10D0C000412C512C32016091380570913905072EA1
:10D0D000000C880B990B0E943DE46B017C012981B7
:10D0E0003A814B815C810E9437E48823B1F0209122
:10D0F0003405309135054091360550913705C7010B
:10D10000B6010111E5C00E9437E4881F8827881FF7
:10D110008D8BC982DA82EB82FC820E94DAC96B01B4
:10D120007C01DC01CB0129893A894B895C89821B0E
:10D13000930BA40BB50BB7FD2DC0D701C6018851C9
:10D140009C4FAF4FBF4F898B9A8BAB8BBC8B812F82
:10D15000ACDD8AE495E20E94BD33411451046104C0
:10D16000710409F4CFC0C301B201605F784D8F4FE5
:10D170009F4F6C197D098E099F0928EE33E040E02E
:10D1800050E00E9465EACA01B9010E9438258AE090
:10D190000E946C3380E00E94183D0E94DAC96093BF
:10D1A0002C0570932D0580932E0590932F052091CB
:10D1B0003405309135054091360550913705298762
:10D1C0003A874B875C8769817A818B819C810E9439
:10D1D00042EB4B015C0120E030E0A9010E94A6EC8B
:10D1E00087FF04C0B7FAB094B7F8B0944114510463
:10D1F0006104710409F08AC020E030E040E85FE398
:10D20000C501B4010E9437E487FF10C03E89412C5C
:10D21000512C3201332331F085E0482E8DE0582E19
:10D22000612C712C4C0C5D1C6E1C7F1C4D894423A1
:10D23000C1F18D819E81AF81B885892B8A2B8B2B83
:10D2400061F0D701C6012D813E814F815885821B37
:10D25000930BA40BB50BB7FD24C029853A854B85EC
:10D260005C856D857E858F8598890E9442EB20E0E4
:10D2700030E040EC5FE30E9437E487FD2DC0D7012A
:10D28000C601805A9541AF4FBF4F8D839E83AF83B8
:10D29000B88729853A854B855C852D873E874F87E2
:10D2A000588B809173018823B9F0411451046104B3
:10D2B000710461F030E1C31A37E2D30AE108F108E2
:10D2C000C418D508E608F708F7FE06C01E8AFBCE8C
:10D2D0000E9437E487FF10C0A0917301A983AA239D
:10D2E00021F0109273010E941AC330922B0589819C
:10D2F0006696E1E10C9428EBC982DA82EB82FC822B
:10D300001D8A0BCF8FE30E946C3341CF20E030E0C9
:10D3100040E450E4C501B4010E94A6EC18160CF0DC
:10D3200085CF2601370182CF0F930FB70F9300915E
:10D330006E000B7F00936E0078940F930BB70F93E2
:10D340000CB70F921F922F933F934F935F936F935E
:10D350007F938F939F93AF93BF93EF93FF9311248A
:10D360000E94EFA0FF91EF91BF91AF919F918F919C
:10D370007F916F915F914F913F912F911F900F90EF
:10D380000CBF0F910BBF0F910460F89400936E00D7
:10D390000F910FBF0F911895CF93DF9310922B052C
:10D3A00080E059D9C0E3D5E0198618861ED91A86BF
:10D3B0005D98C1E1D7E0198618860E945E181A862A
:10D3C0005C98DF91CF910895B0E0A0E0EAEEF9E635
:10D3D0000C9411EBB0E4A0E06A2F70E0AB014B0FAE
:10D3E000511D55954795411111C0E2EAF6E265914C
:10D3F0007491072E000C880B990B0E943DE4CDB769
:10D40000DEB7ECE00C942DEBB42FE8CFA41711F0AD
:10D41000B41303C0EEE9F7E2EACF9A0121503109D3
:10D42000220F331F220F331FF901E056F94DE5900B
:10D43000F490F901EC55F94DC591D4918E159F05E5
:10D440001CF3A42FC817D9070CF4C6CFF901EE5569
:10D45000F94D05911491F901EA55F94DC590D49013
:10D46000BC016E197F09072E000C880B990B0E94D6
:10D470003DE44B015C01B601601B710B072E000CF3
:10D48000880B990B0E943DE49B01AC01C501B401DE
:10D490000E949CE44B015C01BE016E197F09072EBE
:10D4A000000C880B990B0E943DE49B01AC01C50167
:10D4B000B4010E94BAEB6B017C01B801012E000C93
:10D4C000880B990B0E943DE49B01AC01C701B6019A
:10D4D0000E9443EB94CFCF92DF92EF92FF92CF93D3
:10D4E000DF93EC01C880D980EA80FB808FE794E26B
:10D4F0000E94BD33C701B6010E943825CC80DD8073
:10D50000EE80FF8089EB9AE20E94BD33C701B6012D
:10D510000E943825C884D984EA84FB8485EB9AE28A
:10D520000E94BD33C701B6010E9438258AE00E94DF
:10D530006C33DF91CF91FF90EF90DF90CF90089503
:10D54000BC0120910F063091100640910F065091BA
:10D5500010062417350731F481E02617370709F044
:10D5600080E008959A01F1CF0F930FB70F930091C8
:10D570006E000F930B7F00936E0000916F000D7F84
:10D5800000936F000F930BB70F930CB70F921F927E
:10D590002F933F934F935F936F937F938F939F93BB
:10D5A000AF93BF93EF93FF93112472D4FF91EF9148
:10D5B000BF91AF919F918F917F916F915F914F91AB
:10D5C0003F912F911F900F900CBF0F910BBF0F91A8
:10D5D0000260F89400936F000F9100936E000F911A
:10D5E0000FBF0F91189500C000C08091C70680FF43
:10D5F00017C0459A8FEF8093BD058091C70681FFC4
:10D6000012C0479A8FEF8093BE058091C70682FFB4
:10D610000DC02A988FEF8093BF0500C000C0089509
:10D62000459881E0E8CF479881E0EDCF2A9A81E0E4
:10D63000F2CF80911405982F977F90931405982F1F
:10D64000937081E011F080E008955E9A08955E98ED
:10D65000809114058860809314050895E82FF0E008
:10D6600021E030E0082E02C0220F331F0A94E2F7B7
:10D670002095309590911405922390931405E15EC6
:10D68000FD4F2081922321E019F020E0822F0895A0
:10D69000813079F038F08230C9F7159A90914C07B3
:10D6A0009B7F04C05E9A90914C079E7F90934C079D
:10D6B000EDCF5E9A90914C079D7FF8CF80E0CEDF52
:10D6C00081E0CCDF82E0CADFB4CF813079F070F046
:10D6D000823071F021E030E001C0220F8A95EAF734
:10D6E00080911405822B8093140508955E98F2CFE3
:10D6F0001598F0CF843021E0920714F084E091E097
:10D7000090933905809338050C94646380910D07DC
:10D7100090910E07EFCFCF92DF92EF92FF92CF93CF
:10D72000DF93EC0108960E94A5266B017C0120E0A6
:10D7300030E0A9010E9437E420E030E0A90188230D
:10D7400059F0CE010E941D279B01AC01C701B60113
:10D750000E949CE49B01AC01688579858A859B8544
:10D760000E9442EB688779878A879B87DF91CF91F8
:10D77000FF90EF90DF90CF900895CF93DF9380914B
:10D780009604811119C0C0913C01D0913D012197AF
:10D7900020E030E040E05FE36091340570913505B2
:10D7A00080913605909137050E9443EB0E9422EC50
:10D7B00021E06C177D070CF020E0822FDF91CF91E4
:10D7C0000895B0E0A0E0E7EEFBE60C9413EBC1E6B1
:10D7D000D2E101E617E081E7A82E82E1B82EC12C44
:10D7E000D12C7601C39469917991899199910E9484
:10D7F0003BE4288939894A895B890E949CE40E941C
:10D8000027ECF80161937193819391938F01C61670
:10D81000D706E806F90610F46B017C01AC16BD06CC
:10D8200011F76FEF7FEFCB01A70196010E9465EA28
:10D8300020937107309372074093730750937407D6
:10D84000CDB7DEB7EAE00C942FEB0F931F93CF9385
:10D85000DF9305E712E1CEE8D7E0F801219131919D
:10D86000419151918F0160E070E080E89FE30E9458
:10D87000BAEB6993799389939993F7E0CE39DF07EF
:10D8800061F70E94B4B29DDFDF91CF911F910F919C
:10D890000895DBCFDACFD9CFD8CF9091202D8091CA
:10D8A000212D981306C080919E0790919F07892B88
:10D8B00021F080E00E94183DF0CF08959091202D36
:10D8C0008091212D981307C080919E0790919F070A
:10D8D000892B09F4F3CE80E00E94183DEFCFCF9260
:10D8E000DF92EF92FF92CF93DF9320919504222352
:10D8F00029F1EC0108960E94A5266B017C0120E02D
:10D9000030E0A9010E9437E420E030E0A90188233B
:10D9100059F0CE010E941D279B01AC01C701B60141
:10D920000E949CE49B01AC01688579858A859B8572
:10D930000E9443EB688779878A879B87DF91CF9125
:10D94000FF90EF90DF90CF900895A8E1B0E0EBEA70
:10D95000FCE60C940DEB8C015B015A834983FC01BE
:10D96000EF5BFF4F60817181828193810E943BE474
:10D970006B017C01D5012D913D914D915C910E94EF
:10D980009CE40E94A7EB2B013C01E981FA812081F4
:10D99000318142815381C701B6010E949CE40E94FB
:10D9A000A7EB4B015C01C301B2010E9427EC698B1C
:10D9B0007A8B8B8B9C8B683771058105910540F4C0
:10D9C00028E730E040E050E0298B3A8B4B8B5C8BB2
:10D9D000C501B4010E9427EC6D877E878F87988BE5
:10D9E000683771058105910540F488E790E0A0E073
:10D9F000B0E08D879E87AF87B88BF801E35BFF4F60
:10DA0000208131814281538129833A834B835C8316
:10DA1000CA01B9010E943DE42B013C0169897A8960
:10DA20008B899C890E943BE469877A878B879C87D6
:10DA300020E030E0A901C301B2010E9437E488234D
:10DA400009F428C1A7019601C701B6010E949CE410
:10DA50004B015C0129853A854B855C85CA01B9017A
:10DA60000E949CE49B01AC01C501B4010E9442EB01
:10DA70004B015C01A3019201C301B2010E9443EB7F
:10DA80009B01AC01C501B4010E94BAEB0E94A7EB57
:10DA90000E9427EC6D837E838F83988769817A81CA
:10DAA0008B819C8190958095709561957F4F8F4F6C
:10DAB0009F4F0E943DE44B015C016D857E858F8503
:10DAC00098890E943BE469837A838B839C8320E05E
:10DAD00030E0A901C501B4010E9437E4882309F4AC
:10DAE000DDC029813A814B815C81CA01B9010E9464
:10DAF0009CE46D8B7E8B8F8B988FA7019601C7015D
:10DB0000B6010E949CE49B01AC016D897E898F89DE
:10DB1000988D0E9442EB6B017C01A5019401C50127
:10DB2000B4010E9443EB9B01AC01C701B6010E9406
:10DB3000BAEB0E9453ECD80195968D909D90AD90D4
:10DB4000BC909897750164012D813E814F81588565
:10DB5000C21AD30AE40AF50A0E9427ECC61AD70AA9
:10DB6000E80AF90AF7FE6EC020E030E0A901C3011F
:10DB7000B2010E9437E4882309F494C0C501B401BE
:10DB80000E943BE46B017C01A3019201C301B2013D
:10DB90000E9443EB9B01AC01C701B6010E949CE4CB
:10DBA0006B017C0129853A854B855C85CA01B901E9
:10DBB0000E949CE49B01AC01C701B6010E9442EBAC
:10DBC0006B017C0129813A814B815C81CA01B901D9
:10DBD0000E949CE49B01AC01C701B6010E9443EB8B
:10DBE0006B017C0120E030E040E850E4C301B20169
:10DBF0000E949CE49B01AC01C701B6010E94BAEBF4
:10DC00000E94A7EB6B017C0120E030E0A9010E949B
:10DC1000A6EC18161CF0C12CD12C7601C701B60158
:10DC20000E9427EC6D837E838F83988786169706E4
:10DC3000A806B90620F48D829E82AF82B886C12CD8
:10DC4000D12C76018D819E81AF81B885F80181A7A5
:10DC500092A7A3A7B4A7C80ED91EEA1EFB1EC5A68D
:10DC6000D6A6E7A6F0AAEB5BFF4F29893A894B8934
:10DC70005C89208331834283538334968D859E85CE
:10DC8000AF85B88980839183A283B3836896E0E1EE
:10DC90000C9429EB60E070E0CB01F8CE60E070E01E
:10DCA000CB0147CF60E070E0CB01AACF90916F002D
:10DCB00081E091FD02C080E0089590916F009D7F0A
:10DCC00090936F000895EFE6F0E08081826080839A
:10DCD0000895CF93C82FEADF94E0C99F90011124E3
:10DCE000F901EE5EF94F225E394FD9014D915D91F8
:10DCF0006D917C91408351836283738391E0909313
:10DD000011068111E0DFCF910895CF93DF938091C9
:10DD1000C606811105C080914D07882309F44EC0C5
:10DD200080919805329B4DC08160809398058091C9
:10DD30009805339B48C08260809398058091980530
:10DD4000349B43C0846080939805C0910206C0FF55
:10DD50000FC08091C70680FF0BC08091980580FF9F
:10DD600007C080910B07816080930B0780E0B1DFD3
:10DD7000C1FF0FC08091C70681FF0BC0809198053D
:10DD800081FF07C080910B07826080930B0781E0C1
:10DD9000A0DFC2FF13C08091C70682FF0FC0809131
:10DDA0004D07882359F08091980582FF07C0809124
:10DDB0000B07846080930B0782E08BDFDF91CF91AC
:10DDC00008958E7FB2CF8D7FB7CF8B7FBCCF6EDFB4
:10DDD0001092890710928A0710928B0710928C0775
:10DDE000811171CF08950F931F938091202D9091F1
:10DDF000212D891B8F7109F449C090911D2D992304
:10DE000061F0833040F48FEF890F29F080931D2D4E
:10DE100090E080E038C010921D2D8091212D26E5E4
:10DE2000829FC00111248056984FFC01208120FD63
:10DE3000EFCF4091890750918A0760918B077091CD
:10DE40008C07EE5AFF4F0081118122813381401BE4
:10DE5000510B620B730B4093890750938A076093B1
:10DE60008B0770938C072091212D2F5F2F712093AA
:10DE70001E2D3091212D20911F2D321304C0209191
:10DE80001E2D20931F2D1F910F910895A0DFC0CF4D
:10DE9000A6E0B0E0EEE4FFE60C940BEB8FEF9FEF13
:10DEA00090938900809388002AE02983312C212CCB
:10DEB000789480910B0690910C06A0910D06B0917C
:10DEC0000E06892B8A2B8B2B09F0AAC18091110693
:10DED0008823E1F080910F069091100610921106B0
:10DEE000892B09F49DC11092100610920F06109212
:10DEF00002069091202D8091212D981709F490C150
:10DF00008091212D8F5F8F718093212D80910F063D
:10DF100090911006892B09F483C140910706509116
:10DF200008066091090670910A0680910306909197
:10DF30000406A0910506B09106060091F50510E0D3
:10DF400030E020E0841B950BA60BB70B08171907D0
:10DF50002A073B0710F4D901C8018A83840F951F53
:10DF6000A61FB71F8093070690930806A093090683
:10DF7000B0930A06E1E00091CB051091CC05209109
:10DF8000CD053091CE058091DB059091DC05A09107
:10DF9000DD05B091DE05080F191F2A1F3B1F0093F6
:10DFA000DB051093DC052093DD053093DE0537FD9E
:10DFB00033C08091BD05082E000C990BAA0BBB0B3A
:10DFC00040911E0650911F06609120067091210617
:10DFD000840F951FA61FB71F80931E0690931F06E0
:10DFE000A0932006B09321068091C7059091C805A3
:10DFF000A091C905B091CA05B901A801481B590BE8
:10E000006A0B7B0BDB01CA018093DB059093DC0577
:10E01000A093DD05B093DE054091CF055091D0056A
:10E020006091D1057091D2058091DF059091E00556
:10E03000A091E105B091E205480F591F6A1F7B1FAF
:10E040004093DF055093E0056093E1057093E2058E
:10E0500077FD33C0C090BE050C2C000CDD08EE0827
:10E06000FF088091220690912306A0912406B0918A
:10E0700025068C0D9D1DAE1DBF1D8093220690931D
:10E080002306A0932406B09325068091C70590919E
:10E09000C805A091C905B091CA054A015B01881A5B
:10E0A000990AAA0ABB0AD501C4018093DF0590939F
:10E0B000E005A093E105B093E205C090D305D090B0
:10E0C000D405E090D505F090D6058091E3059091B8
:10E0D000E405A091E505B091E6058C0D9D1DAE1DF2
:10E0E000BF1D8093E3059093E405A093E505B093ED
:10E0F000E605B7FD33C08090BF05082C000C9908D9
:10E10000AA08BB08C0902606D0902706E0902806F3
:10E11000F0902906C80CD91CEA1CFB1CC0922606EC
:10E12000D0922706E0922806F0922906C090C705F3
:10E13000D090C805E090C905F090CA054C015D017A
:10E140008C189D08AE08BF0875016401C092E305F4
:10E15000D092E405E092E505F092E6058090E705AF
:10E160009090E805A090E905B090EA05C090D70529
:10E17000D090D805E090D905F090DA05C80CD91CEC
:10E18000EA1CFB1CC092E705D092E805E092E90585
:10E19000F092EA05F7FC1DC08090C7059090C80575
:10E1A000A090C905B090CA05C818D908EA08FB08AC
:10E1B000C092E705D092E805E092E905F092EA0501
:10E1C000F091F3059090C70693FEC7C0F150F0930D
:10E1D000F305E11104C0E0918400F091850037FF60
:10E1E0005F9A77FF469AB7FF2B9AE0918400F091EF
:10E1F0008500E0918400F091850037FF5F9877FFFC
:10E200004698B7FF2B98AA80AA2021F0809184001D
:10E21000909185002A8121502A83E0E02111ABCE24
:10E220008091620190916301A0916401B0916501B8
:10E23000892B8A2B8B2B09F0C6C08091F4054FEFF8
:10E240005FEFBA018823A9F18091F305809007065A
:10E2500090900806A0900906B0900A06C090EF05BD
:10E26000D090F005E090F105F090F205C814D904C3
:10E27000EA04FB0408F073C02091C1053091C20587
:10E280004091C5055091C6054217530708F067C075
:10E2900081508093F305215031093093C2052093BA
:10E2A000C10540915E0150915F01609160017091E4
:10E2B00061018091F305882309F47DC000C000C08E
:10E2C0008091F30518160CF06CC0289881E08093BB
:10E2D000C00500C000C081E09091F305992309F4C6
:10E2E0006AC0811104C08091840090918500809162
:10E2F000C005082E000C990BAA0BBB0B00912A0637
:10E3000010912B0620912C0630912D06800F911F25
:10E31000A21FB31F80932A0690932B06A0932C066E
:10E32000B0932D06299A8091840090918500809168
:10E33000F30587FF3EC08F5F8093F30580918400D3
:10E340009091850029988091F305882321F0809190
:10E3500084009091850080E0BFCFFF5F38CF8C14A0
:10E360009D04AE04BF0488F42091C1053091C2051C
:10E370004091C3055091C4052417350730F48F5FD1
:10E380008093F3052F5F3F4F88CF4FEF5FEFBA01C8
:10E3900040935E0150935F0160936001709361014F
:10E3A00088CF882309F495CF289A9FEF9093C005D2
:10E3B00090CF8150C1CF409362015093630160932D
:10E3C00064017093650180910B0690910C06A091F9
:10E3D0000D06B0910E06892B8A2B8B2B09F0CAC42F
:10E3E000A0910F06B0911006109709F44EC58090C9
:10E3F000070690900806A0900906B0900A06409182
:10E400000306509104066091050670910606841675
:10E410009506A606B70608F449C010921006109299
:10E420000F06109202069091202D8091212D9817B1
:10E4300009F42BC58091212D8F5F8F718093212D41
:10E4400080EDC82E87E0D82EE12CF12C80910F06AC
:10E4500090911006892B09F085C4C5DC90931006B5
:10E4600080930F06892B09F47DC480900F0690904D
:10E4700010069B828A82D4018C9183FF0FC3C40152
:10E4800045960E940E5F1092100610920F06109291
:10E4900002069091202D8091212D9817F1F2809104
:10E4A000212D8F5F8F718093212DD7CF4091FE0555
:10E4B0005091FF05609100067091010648155905BD
:10E4C0006A057B0508F408C14091FA055091FB05E7
:10E4D0006091FC057091FD05D1960D911D912D91D6
:10E4E0003C91D497EE27419FF12D529FC001629F2E
:10E4F000900D619F800D911D429FF00D811D9E1F0B
:10E50000519FF00D811D9E1F609FF00D811D9E1F6C
:10E51000509FF10D8E1F9E1FF6958E1F9E1F349FDC
:10E52000800D911D359F900D1124FD01EB5BFF4F78
:10E530000081118122813381080F191F211D311D96
:10E540000093F6051093F7052093F8053093F9052D
:10E550003497C080D180E280F380C016D106E206F5
:10E56000F30640F4C092F605D092F705E092F80564
:10E57000F092F9058090F6059090F705A090F805C7
:10E58000B090F9058FE594E221E02A83FC01059122
:10E59000159125913491081519052A053B0568F454
:10E5A000B694A794979487943A81330F3A8304964C
:10E5B000EBE7F4E2E817F90749F7CA80C092F505DE
:10E5C00020E282169104A104B10428F410E2812E05
:10E5D000912CA12CB12C30E2831A9108A108B1082A
:10E5E000811488E09806A104B10408F452C0E4E064
:10E5F0009E9EC0011124815A9F4DFC0132962591A7
:10E600003491F82DEE27F39F8001F29F010D1E1F1C
:10E6100006940E1F1E1F112430E020E0FC01C5905F
:10E62000D490F12CE12CC01AD10AE20AF30A4C0D65
:10E630005D1D6E1D7F1D4093FA055093FB05609391
:10E64000FC057093FD058091F3059091F4059923E5
:10E6500009F46CC1882309F4F9CED7968D919C9169
:10E66000B0E0A0E040915E0150915F0160916001D7
:10E670007091610184179507A607B70709F4E6CEE4
:10E680001092620110926301109264011092650170
:10E69000DDCE950184013695279517950795C8011C
:10E6A0008C7F815A934EFC01C590D490FC01329628
:10E6B00025913491882D8770882E829EC001839E7B
:10E6C000900D1124F3E096958795FA95E1F7C81A15
:10E6D000D90AF12CE12CABCFC090EF05D090F0051A
:10E6E000E090F105F090F205CA82DB82EC82FD82B7
:10E6F000C814D904EA04FB0408F01CC14091EB05DE
:10E700005091EC056091ED057091EE05D1960D915B
:10E710001D912D913C91D4978827419F912D529F17
:10E720006001629FD00C619FC00CD11C429F900D74
:10E73000C11CD81E519F900DC11CD81E609F900D0A
:10E74000C11CD81E509F910DC81ED81E9695C81E7C
:10E75000D81E349FC00CD11C359FD00C1124F12C35
:10E76000E12C0091F6051091F7052091F805309104
:10E77000F905FD01E75BFF4F4080518062807380A7
:10E78000C016D106E206F30658F40C191D092E092D
:10E790003F09401651066206730610F4280139013C
:10E7A0008FE594E221E0FC01C590D590E590F490CE
:10E7B000C414D504E604F70468F476946794579477
:10E7C0004794220F04963BE7E32E34E2F32EE8163B
:10E7D000F90649F72093F50530E243165104610428
:10E7E000710428F410E2412E512C612C712C80E22E
:10E7F000481A510861087108411498E059066104EB
:10E80000710408F46EC0E4E05E9EC0011124815AD8
:10E810009F4DFC01329605911491342DFF24319FB8
:10E82000F001309FE10DFF1D0694EF1DFF1D112427
:10E830002F01712C612CFC01C590D490F12CE12C9E
:10E84000C418D508E608F7084C0D5D1D6E1D7F1D28
:10E850004093EB055093EC056093ED057093EE0546
:10E860008091F405882309F45FC04A815B816C8143
:10E870007D81420F511D611D711D481559056A05A5
:10E880007B05C8F48091F305882309F4DFCDD79682
:10E890004D915C91D89770E060E000915E0110911D
:10E8A0005F012091600130916101401751076207BB
:10E8B000730709F4CBCD109262011092630110929C
:10E8C000640110926501D7968D919C91B0E0A0E013
:10E8D00080935E0190935F01A0936001B09361010A
:10E8E000B5CD73016201F694E794D794C794C6013D
:10E8F0008C7F815A934EFC01C590D490FC013296D6
:10E9000005911491842D8770482E409EC001419E30
:10E91000900D1124F3E096958795FA95E1F7C81AC2
:10E92000D90AF12CE12C90CF8091F305882309F4CA
:10E930008DCDA6CE8091F3058823D9F0D7964D9141
:10E940005C91D89770E060E000915E0110915F01EA
:10E9500020916001309161014017510762077307F0
:10E9600041F01092620110926301109264011092C2
:10E97000650140915A0150915B0160915C01709179
:10E980005D0177FF5FC0AF5BBF4FCD90DD90ED9035
:10E99000FC908FE594E221E0FC0145915591659151
:10E9A00074914C155D056E057F0558F4F694E79457
:10E9B000D794C794220F0496ABE7B4E2A817B9071F
:10E9C00059F72093F505B0E2CB16D104E104F10428
:10E9D00028F460E2C62ED12CE12CF12CE0E2CE1A14
:10E9E000D108E108F108C114F8E0DF06E104F10400
:10E9F00008F431C024E0D29EC0011124815A9F4DF9
:10EA0000FC013296259134917C2D6627739FA001DD
:10EA1000729F410D561F0694461F561F112470E029
:10EA200060E0FC0185919491B0E0A0E0841B950B1F
:10EA3000A60BB70B80935A0190935B01A0935C01E6
:10EA4000B0935D01C0905A01D0905B01E0905C01F1
:10EA5000F0905D01FBCCD701C601B695A7959795BF
:10EA600087958C7F815A934EFC0125913491FC014E
:10EA70003296459154918C2D8770C82EC49EC0014A
:10EA8000C59E900D112453E0969587955A95E1F710
:10EA9000281B390BC901B0E0A0E0CCCFEA81FB8193
:10EAA000C588D688E788F08C81E0C114D104E104E0
:10EAB000F10409F480E0AA81BB8159960D911D9162
:10EAC0002D913C915C97011511052105310509F047
:10EAD0008260EA81FB81458D568D678D70A141155D
:10EAE00051056105710509F084608093020610925A
:10EAF000EB051092EC051092ED051092EE051092C8
:10EB0000FA051092FB051092FC051092FD05EA81B2
:10EB1000FB8185A196A1A7A1B0A580930306909340
:10EB20000406A0930506B093060688249924540190
:10EB3000881A990AAA0ABB0A8092DB059092DC0522
:10EB4000A092DD05B092DE058092DF059092E0058F
:10EB5000A092E105B092E2058092E3059092E4056F
:10EB6000A092E505B092E60581A092A0A3A0B4A072
:10EB7000880C991CAA1CBB1CCC0CDD1CEE1CFF1CB9
:10EB8000C092CB05D092CC05E092CD05F092CE0597
:10EB9000000F111F221F331F0093CF051093D005C4
:10EBA0002093D1053093D205440F551F661F771F60
:10EBB0004093D3055093D4056093D5057093D60543
:10EBC0008092D7059092D805A092D905B092DA0527
:10EBD000880F991FAA1FBB1F8093C7059093C80574
:10EBE000A093C905B093CA051092070610920806B3
:10EBF0001092090610920A0681A592A5A3A5B4A5B4
:10EC00008093FE059093FF05A0930006B093010644
:10EC100085A596A5A7A5B0A98093EF059093F005CB
:10EC2000A093F105B093F20586A98093F40588239B
:10EC300009F4FCC083AD94AD9093C6058093C505DF
:10EC400081AD92AD9093C4058093C305109262018B
:10EC500010926301109264011092650187A990AD32
:10EC6000B0E0A0E080935E0190935F01A09360010B
:10EC7000B0936101AA81BB81D5968C919091C70612
:10EC8000891721F08093C7060E94F36A3ED8882432
:10EC90008A94982C540180925A0190925B01A09220
:10ECA0005C01B0925D012A813B812B5B3F4FD90112
:10ECB0004D915D916D917C914093F6055093F705D0
:10ECC0006093F8057093F9058FE594E221E0FC016B
:10ECD000C590D590E590F490C416D506E606F706E3
:10ECE00058F47695679557954795220F0496EBE76C
:10ECF000F4E2E817F90759F72093F505403251057A
:10ED00006105710520F440E250E060E070E040529F
:10ED10005109610971094115F8E05F076105710545
:10ED200008F491C024E0529FC0011124815A9F4DE4
:10ED3000FC01329625913491AA27439FF001429F0E
:10ED4000E10DFA1F0694EA1FFA1F1124AF0170E0CB
:10ED500060E0FC01C590D490F12CE12CC41AD50AD6
:10ED6000E60AF70AC0920B06D0920C06E0920D0656
:10ED7000F0920E064091620150916301609164012E
:10ED80007091650100910B0610910C0620910D0603
:10ED900030910E06DB01CA01041715072607370755
:10EDA00010F4D901C8010097E1E0AE07B10520F0E9
:10EDB0008FEF9FEFA0E0B0E0081B190B2A0B3B0B75
:10EDC00000930B0610930C0620930D0630930E064D
:10EDD0004F3FFFEF5F076F077F0761F0481B590B3D
:10EDE0006A0B7B0B40936201509363016093640153
:10EDF00070936501F8942091840030918500205F24
:10EE00003F4F498141504983442309F43CC0280EB7
:10EE1000391E2216330608F44BC83092890020921E
:10EE2000880078942696E2E10C9427EB88248A9453
:10EE3000982C540180925E0190925F01A092600133
:10EE4000B092610117CFDB01CA01B695A7959795DE
:10EE500087958C7F815A934EFC01C590D490FC011C
:10EE60003296259134914770429FC001439F900D87
:10EE7000112433E0969587953A95E1F7C81AD90A97
:10EE8000F12CE12C6FCF1901C8CF80EDC82E87E09F
:10EE9000D82EE12CF12CE1CACF93DF938091202D65
:10EEA0009091212D891B80958F7119F40E94183D36
:10EEB000F5CF8091202D8F5F8F71A091202D96E549
:10EEC000A99FD0011124FD01E056F84FEF011992DE
:10EED0009A95E9F798E09083AB54B84F90E1E2E35C
:10EEE000FDE201900D929A95E1F72091202D9091ED
:10EEF000212D291303C094E690931D2D8093202D7E
:10EF00000E94636EDF91CF910895CF92DF92EF92CE
:10EF1000FF92FC01C080D180E280F38020918112B9
:10EF2000309182124091831250918412C701B60130
:10EF30000E949CE40E94ABEC60933E2D70933F2DA9
:10EF40008093402D9093412DC0922E2DD0922F2D45
:10EF5000E092302DF092312D9091202D8091212D35
:10EF6000981731F099DFFF90EF90DF90CF900895E0
:10EF70000E944D6C0E94566E40913E2D50913F2D47
:10EF80006091402D7091412D40932A0650932B069D
:10EF900060932C0670932D06882329F30E94636EDC
:10EFA000E2CF4F925F926F927F928F929F92AF9239
:10EFB000BF92CF92DF92EF92FF92CF93DF93EC015B
:10EFC00080E1FE01A2E2BDE201900D928A95E1F797
:10EFD00020918112309182124091831250918412BB
:10EFE0006C857D858E859F850E949CE40E94ABEC9C
:10EFF0006B017C0120917D1230917E1240917F1235
:10F0000050918012688579858A859B850E949CE451
:10F010000E94ABEC4B015C012091791230917A1285
:10F0200040917B1250917C126C817D818E819F81F9
:10F030000E949CE40E94ABEC2B013C0120917512D4
:10F0400030917612409177125091781268817981CF
:10F050008A819B810E949CE40E94ABEC6093322DDC
:10F060007093332D8093342D9093352D4092362D0F
:10F070005092372D6092382D7092392D80923A2D12
:10F0800090923B2DA0923C2DB0923D2DC0923E2DF2
:10F09000D0923F2DE092402DF092412D9091202D65
:10F0A0008091212D981781F0F7DEDF91CF91FF90AD
:10F0B000EF90DF90CF90BF90AF909F908F907F9018
:10F0C0006F905F904F9008950E944D6C0E94566E15
:10F0D000C82F82E39DE20E940E5FCC2331F30E9491
:10F0E000636EE3CFCF92DF92EF92FF92CF93DF93E5
:10F0F000C82F0E94566E94E0C99FE0011124FE01C2
:10F10000E25EF94FC080D180E280F38081110E94DD
:10F11000636EC257D84FC701B6010E943DE42881F3
:10F1200039814A815B810E949CE4DF91CF91FF90FD
:10F13000EF90DF90CF900895CF92DF92EF92FF9201
:10F14000CF93DF93C82F0E94566E94E0C99FE001D1
:10F150001124FE01EE5EF94FC080D180E280F38081
:10F1600081110E94636EC257D84FC701B6010E9439
:10F170003DE4288139814A815B810E949CE4DF91D2
:10F18000CF91FF90EF90DF90CF900895CF930E94A2
:10F19000566EC82F8091212D8093202D80931F2D96
:10F1A00080931E2D84E680931D2D0E94E76E80EDD6
:10F1B00093E090939F0780939E07C1110E94636E16
:10F1C00081E080931106CF910895A1E0B0E0EBEECD
:10F1D000F8E70C941BEB898360E0CE0101960E9456
:10F1E000175F61E0CE0101960E94175F62E0CE01D9
:10F1F00001960E94175F89812196E2E00C9437EB1B
:10F200008091A7059091A805A091A905B091AA05A4
:10F210008093380190933901A0933A01B0933B0158
:10F220008091A5059091A6059093370180933601B2
:10F2300008958091380190913901A0913A01B091DF
:10F240003B018093A7059093A805A093A905B093CF
:10F25000AA0580913601909137019093A60580937D
:10F26000A50584E690E090933701809336010895D8
:10F27000ACE0B0E0EEE3F9E70C940DEB2B013C01C0
:10F2800029873A874B875C8747015801D601CD9083
:10F29000DD90ED90FC9020E030E0A901C701B601BF
:10F2A0000E9437E4811171C08091760190917701BD
:10F2B000A0917801B091790189839A83AB83BC8353
:10F2C00020E030E0A901C701B6010E9437E48111B6
:10F2D00006C0C12CD12C80E8E82E80E4F82ECD8227
:10F2E000DE82EF82F886A50194016091B1127091DF
:10F2F000B2128091B3129091B4120E9437E487FF4A
:10F300000CC08092B1129092B212A092B312B0923D
:10F31000B412CE0105960E940B644092A91250923D
:10F32000AA126092AB127092AC1289859A85AB8555
:10F33000BC858093AD129093AE12A093AF12B093A0
:10F34000B012CE0101960E940B64A5019401609158
:10F35000B1127091B2128091B3129091B4120E94C6
:10F36000A6EC181664F48092B1129092B212A09298
:10F37000B312B092B412CE0105960E940B640E94A3
:10F380004D6C2C96E0E10C9429EBD701C60194CF8B
:10F39000CF92DF92EF92FF920F931F936A01E0905A
:10F3A000B112F090B2120091B3121091B412FB019D
:10F3B0002081318142815381FC0160817181828190
:10F3C000938156DF1F910F91FF90EF90DF90CF90C8
:10F3D0000895CF92DF92EF92FF920F931F936B01EC
:10F3E000FC01E080F18002811381E9EAF2E12481ED
:10F3F000358146815781608171818281938138DFB7
:10F400001F910F91FF90EF90DF90CF9008958F9212
:10F410009F92AF92BF92CF92DF92EF92FF921F9393
:10F42000CF93DF93CDB7DEB760970FB6F894DEBF0A
:10F430000FBECDBF182F80E055DE4B015C018092DE
:10F44000990590929A05A0929B05B0929C0581E047
:10F4500049DE6B017C01C0929D05D0929E05E09231
:10F460009F05F092A00582E03DDE6093A1057093B8
:10F47000A2058093A3059093A4051D861E861F8672
:10F48000188A89829A82AB82BC82CD82DE82EF8228
:10F49000F88669877A878B879C8783E023DE6D8770
:10F4A0007E878F87988B80919504882321F0CE01E9
:10F4B00001960E948B6B1E3FD9F480E1FE013196CC
:10F4C000A9EAB2E101900D928A95E1F760960FB634
:10F4D000F894DEBF0FBECDBFDF91CF911F91FF909B
:10F4E000EF90DF90CF90BF90AF909F908F90089556
:10F4F00084E0189FF0011124DF01A755BD4E81E083
:10F5000090E08C0F9D1FE80FF91F408151816281AF
:10F5100073814D935D936D937C931397D7CF0C9428
:10F52000B4B20F931F93CF93DF93EC018B0181E073
:10F530000E942B6369E170E080E090E00E94E82A7D
:10F54000B801CE0146DFC0910B07C47080E00E9475
:10F550002B63C1110DC010920B0782E058DFDFDF73
:10F5600081E0C11180E0DF91CF911F910F9108954B
:10F570000E94E63B882379F3F6CFACE0B0E0E3EC01
:10F58000FAE70C941BEB0E94ECB10E94566E9CE0D3
:10F59000EEE1F6E0DE01119601900D929A95E1F709
:10F5A00081110E94636ECE0101960E946B6A2C96B7
:10F5B000E2E00C9437EBB0E0A0E0E1EEFAE70C9467
:10F5C0000DEB4090A9125090AA126090AB1270906F
:10F5D000AC128090AD129090AE12A090AF12B0908D
:10F5E000B012C090B112D090B212E090B312F0906D
:10F5F000B4120E94E16B6091580170915901072E7D
:10F60000000C880B990B0E943DE42AE037ED43E2A1
:10F610005CE30E949CE460937A0170937B01809389
:10F620007C0190937D0100E411E0D0E0C0E0CE01C8
:10F630008D5E934E0E949626F8016193719381939B
:10F6400091938F01CE01895F934E0E949626F80117
:10F6500060877187828793872496CC30D10539F7EC
:10F6600060E088EB95E00E949F290E946C2A0E942E
:10F67000256CA30192016091A9127091AA12809148
:10F68000AB129091AC120E9437E481111BC0A5010E
:10F6900094016091AD127091AE128091AF12909171
:10F6A000B0120E9437E481110DC02091B112309147
:10F6B000B2124091B3125091B412C701B6010E9428
:10F6C00037E481115ADFCDB7DEB7E0E10C9429EBC6
:10F6D000A4E0B0E0EEE6FBE70C941BEB84EF91E0D6
:10F6E000A0E0B0E089839A83AB83BC83BE016F5FE7
:10F6F0007F4F8CE30E94343286E69BE10E94BD334B
:10F7000086B160E67BE182FB882780F90E949B63DB
:10F7100086B16AE57BE183FB882780F90E949B63C1
:10F7200086B164E57BE1829581700E949B63349988
:10F7300007C00E9468322496E2E00C9437EB06C0C2
:10F740000E9451322496E2E00C9437EB8091C60679
:10F75000811104C080914D07882331F062E070E090
:10F7600080E090E00C94E82A0895ACE0B0E0EBEB88
:10F77000FBE70C941BEBA1E6B2E190E080E0FC011A
:10F78000E15BF34E45915591659174914D935D9375
:10F790006D937D93FC01E15CF34E4591559165912C
:10F7A000749150964D935D936D937C935397FC01A8
:10F7B000E15DF34E459155916591749190964D930D
:10F7C0005D936D937C939397049680319105B9F680
:10F7D00080E29EE4A0E0B0E08093711290937212F8
:10F7E000A0937312B093741280E090E0AAEFB3E498
:10F7F0008093951290939612A0939712B0939812BB
:10F800008093991290939A12A0939B12B0939C129A
:10F8100080939D1290939E12A0939F12B093A0127A
:10F820001092A1121092A2121092A3121092A4127E
:10F830001092A5121092A6121092A7121092A8125E
:10F8400080E090E0A0E2B1E48093750790937607A2
:10F85000A0937707B09378078093790790937A07FE
:10F86000A0937B07B0937C074AE959E969E97EE3F5
:10F8700040937D0750937E0760937F0770938007C6
:10F880008093810790938207A0938307B0938407A6
:10F890008093B8059093B905A093BA05B093BB05C2
:10F8A0000E945C298CE0E2EBF1E0DE011196019010
:10F8B0000D928A95E1F789819A81AB81BC81809311
:10F8C0000F2D9093102DA093112DB093122D8D819B
:10F8D0009E81AF81B8858093132D9093142DA093B2
:10F8E000152DB093162D89859A85AB85BC8580939F
:10F8F000172D9093182DA093192DB0931A2D89EBE5
:10F9000090E090931D0780931C078DE290E0909308
:10F910001F0780931E078FEF90E09093210780933D
:10F9200020078AE097EDADEAB1E480933B05909320
:10F930003C05A0933D05B0933E058FE39FE2A1E80F
:10F94000BEE380933F0590934005A0934105B0939B
:10F95000420581EB9CE9A9EEB3E4809343059093C3
:10F960004405A0934505B09346051092C606109233
:10F97000C506ECDE8EEA97E4A1E6BEE38093850738
:10F9800090938607A0938707B093880780939B0482
:10F9900090939C04A0939D04B0939E040CDE2C963F
:10F9A000E2E00C9437EBE1CE80910B07882319F04D
:10F9B00010920B07089540E070E060E084E39BE163
:10F9C0000E946E3C0F931F9380915B07813019F565
:10F9D0000E94DAC900919405109195052091960531
:10F9E00030919705601B710B820B930B28EE33E06F
:10F9F00040E050E00E9465EA6091900570919105A9
:10FA00008091920590919305620F731F841F951F3B
:10FA10001F910F91089560917F04709180048091EF
:10FA2000810490918204D6CF10925B0710929405C6
:10FA300010929505109296051092970510927F04EA
:10FA4000109280041092810410928204109290050A
:10FA5000109291051092920510929305089580914D
:10FA60005B078130E1F08230C1F4ACDF6093900538
:10FA700070939105809392059093930581E0809314
:10FA80005B070E94DAC96093940570939505809393
:10FA900096059093970581E00895C6DFEFCF80E04B
:10FAA00008950E941AC30E940D2B882351F0809163
:10FAB0009C2E82FD06C089E597E19093CA0680934B
:10FAC000C906CDCF80915B078150823070F41092CF
:10FAD0005B070E94DAC960937F047093800480936F
:10FAE00081049093820481E0089580E0089520913C
:10FAF000380530913905263531053CF42091190738
:10FB000030911A072630310524F0882339F00C94FF
:10FB10004031662319F0D6DF0C941AC308959C0176
:10FB200097FF26C0EE27FF27E81BF90B2D398FEF33
:10FB300038070CF05DC08DE280937A04CF0164E653
:10FB400070E00E94EFEACB012AE030E0B9010E94A8
:10FB5000EFEA805D80937B04CF01B9010E94EFEA58
:10FB6000CB01B9010E94EFEA805D80937C042AC03A
:10FB7000283E83E03807B4F1C90168EE73E00E94C3
:10FB8000EFEACB01EAE0F0E0BF010E94EFEA805D1E
:10FB900080937A04C90164E670E00E94EFEACB0129
:10FBA000BF010E94EFEA805D80937B04C901BF0121
:10FBB0000E94EFEACB01BF010E94EFEA805D8093D3
:10FBC0007C04F901CF016AE070E00E94EFEA805DF9
:10FBD00080937D048AE794E008958DE237FDC5CFD8
:10FBE00080E2C3CFF90180E2243631050CF0A4CFC6
:10FBF00080E280937A0480937B04EA30F1056CF311
:10FC00008DE237FF80E280937B04CF016AE070E0F1
:10FC10000E94EFEA605D60937C04D4CF9C0197FD65
:10FC20002DC080E2243631055CF0C90164E670E045
:10FC30000E94EFEACB016AE070E00E94EFEA805D8B
:10FC400080937B0480E22A3031055CF0EAE0F0E04A
:10FC5000C901BF010E94EFEACB01BF010E94EFEA98
:10FC6000805D80937C04C9016AE070E00E94EFEA45
:10FC7000805D80937D048BE794E008953195219514
:10FC800031098DE2DDCFCF92DF92EF92FF920E9499
:10FC90003DE46B017C0120E030E0A9010E9437E4E3
:10FCA0002DEB37E346E055E387FF04C02DEB37E348
:10FCB00046E055EBC701B6010E9443EB6B017C01A6
:10FCC00020E030E0A9010E9437E420E030E040E08D
:10FCD0005FE387FF04C020E030E040E05FEBC70156
:10FCE000B6010E9443EB0E9422ECCB0197DFFF900C
:10FCF000EF90DF90CF9008950E943DE40E9422ECA7
:10FD0000CB018CCFACE0B0E0E8E8FEE70C9411EB5F
:10FD10008B0140E050E068EC72E44D835E836F83BA
:10FD2000788740E050E060EA70E449875A876B8743
:10FD30007C878130B9F1823009F447C020E030E09F
:10FD400040E050E46091B1127091B2128091B31210
:10FD50009091B4120E9443EB4B017C0120E030E013
:10FD60004AE753E40E94A6EC181634F4812C912C37
:10FD70008AE7E82E93E4F92EF801A084B184C284C6
:10FD8000D3849401A701B501C6010E94A6EC181600
:10FD900014F054016701C501D60189839A83AB83AE
:10FDA000BC8336C0BE01675F7F4FC801089611DB78
:10FDB000B8016C5F7F4FAE014B5F5F4FC801E8DA5F
:10FDC000DCDB2C96ECE00C942DEBF80120853185E2
:10FDD000428553856091B1127091B2128091B31235
:10FDE0009091B4120E9443EB6B017C0120E030E063
:10FDF0004AE753E40E9437E487FD06C0C12CD12CAA
:10FE00002AE7E22E23E4F22EC982DA82EB82FC8218
:10FE1000BE01675F7F4FCE010196C9CF4FE350E02F
:10FE2000BC018BEC96E00C9481ED80E899E1F6CF73
:10FE30008F929F92AF92BF92EF92FF920F931F9378
:10FE4000CF93DF93EC018B01E42EF22E8091422DB3
:10FE50009091432D8C179D0709F443C020917304A2
:10FE60003091740437FF04C010927404109273042C
:10FE70002EE9C533D20709F03FC08B519B4271F484
:10FE80000E94DAC96E517B4F8F4F9F4F6093870559
:10FE9000709388058093890590938A05D093432DAC
:10FEA000C093422D30E020E000933D0710933E07C1
:10FEB00020933F0730934007E0923807F0923907CC
:10FEC000CB51DB4221F4109276041092860582E039
:10FED0008093740181E080933A0710927504109228
:10FEE0008D05DF91CF911F910F91FF90EF90BF9003
:10FEF000AF909F908F9008952BE2CB31D20771F68F
:10FF000085539E4919F0CBE1DBE2C8CF0E94DAC9E4
:10FF10008090870590908805A0908905B0908A050B
:10FF2000681979098A099B0997FFEDCF80914C07E1
:10FF30008770873079F080E090E0A0E8BFE380939D
:10FF4000320190933301A0933401B0933501CFE493
:10FF5000D6E8A4CF0E94DB62882369F3CBE8DAE815
:10FF60009DCF20E040E070E060E089E594E660CF5E
:10FF70000E94BD6B882339F020E040E070E060E033
:10FF80008BEC99E855CFEDCF21E020937604FC016E
:10FF900080819181A281B38180933201909333015A
:10FFA000A0933401B093350120E040E070E060E0C0
:10FFB00080912707909128073BCFA4E0B0E0E3EEC3
:10FFC000FFE70C941BEB8DEC9CECACECBCE3898361
:10FFD0009A83AB83BC83CE010196D6DF2496E2E000
:10FFE0000C9437EBA4E0B0E0E8EFFFE70C941BEBD8
:10FFF0008DEC9CECACECBDE389839A83AB83BC8332
:020000021000EC
:10000000CE010196C1DF2496E2E00C9437EBA4E028
:10001000B0E0EDE0F0E80C941BEB80E090E0A0E8AD
:10002000BFE389839A83AB83BC83CE010196ACDFA7
:100030002496E2E00C9437EBA4E0B0E0E2E2F0E8D2
:100040000C941BEB80E090E0A0E2B1E489839A83FA
:10005000AB83BC83CE01019697DF2496E2E00C943B
:1000600037EB20E040E070E060E08BE19BE2E0CE27
:1000700010928D070E94CC69F4CF8EE497E00E9425
:10008000D3CDEFDF0C941AC3AEE1B0E0EAE4F0E8C0
:100090000C9419EB80914907282F082E000C330B84
:1000A000F901EE0FFF1FE85DFE4F91819F93908154
:1000B0009F933F938F9386EC97E19F938F938E014D
:1000C0000F5F1F4F1F930F930E94D0E3C801A6DE5E
:1000D000C8DF0FB6F894DEBF0FBECDBF6E96E4E06A
:1000E0000C9435EB80930D0720E040E070E060E079
:1000F0008BE49AE89DCEA4E8B0E0E1E8F0E80C9447
:100100000BEB2DB73EB7CD57DF4F39832883C3584C
:10011000D04041E064E070E0CE0187589F4F0E94DC
:100120001EC243E050E0BE0167587F4F87E292E075
:100130000E9473ED892B29F1ED968FADED97882301
:1001400039F08FE3EA968FAFEA97EB961FAEEB9705
:1001500082E0C8DF81E08093BC059091BC0581E01E
:100160008927CD57DF4F28813981C358D0400FB63A
:10017000F8943EBF0FBE2DBFCC57DF4FE2E10C9489
:1001800027EB41E062E070E0CE0183589F4F0E9470
:100190001EC2E9961CAE1DAE1EAE1FAEE9971092B0
:1001A000832C1092822CCE018F579F4F0E94E763C1
:1001B0000DB71EB7CF57DF4FC880C158D040D12CE4
:1001C00033E0C30ED11CCC0CDD1CCC0CDD1C8DB778
:1001D0009EB78C199D090FB6F8949EBF0FBE8DBFB8
:1001E000EDB7FEB731963F012DB73EB72C193D094B
:1001F0000FB6F8943EBF0FBE2DBF8DB79EB70196C8
:100200004C01EDB7FEB7EC19FD090FB6F894FEBF2F
:100210000FBEEDBF2DB73EB72F5F3F4F7901B6013F
:10022000C3010E94EC634091130581E0482764E01C
:1002300070E081E792E10E941EC2B601C4010E94F3
:10024000EC63B601C7010E94EC6330911305CE57F1
:10025000DF4F3883C258D04031114FC0CF57DF4FE6
:100260008881C158D04090E00296A1E6B2E170E0EA
:1002700060E030E020E04BE55CE1EBE4CE2EECE129
:10028000DE2EFBE3AF2EFCE1BF2E821793070CF4AA
:100290008FC0F301E60FF71F20803180428053802A
:1002A0002D923D924D925D92821793070CF486C079
:1002B000F401E60FF71F2080318042805380509672
:1002C0002D923D924D925C925397821793070CF4B6
:1002D0007BC0F701E60FF71F2080318042805380FA
:1002E00090962D923D924D925C9293972F5F3F4F47
:1002F0006C5F7F4F2430310541F685E992E10E9421
:10030000BF6389E992E10E94BF638DE992E10E9497
:10031000BF6381EA92E10E94BF6385EA92E10E9495
:10032000BF6341E0CE57DF4F8881C258D040482795
:1003300060E170E085E797E00E941EC2CE018B5815
:100340009F4F0E94BF630FB6F8941EBF0FBE0DBF34
:100350008E010F5F1F4FC8010E94DF63CE018359DA
:100360009F4F0E94C763C8010E94BF6388EB95E05E
:100370000E94BF63CE018B589F4F0E94BF63C8018C
:100380000E94E763CE0183599F4F0E94E763E98093
:10039000AE968FADAE97E89E7001112491E0E91AF8
:1003A000F108C0F0CE018B589F4F0E94BF63F6CF7B
:1003B000FA01259035904590549072CFF601259022
:1003C0003590459054907BCFF50125903590459020
:1003D000549086CF8FE09DE20E94DF638AE0F82E82
:1003E000FA94CE01FF2029F08B589F4F0E94BF63E3
:1003F000F7CF81589F4F0E94E763CE0180589F4FEF
:100400000E94E763C158DF4F8881CF57D0408530C5
:1004100009F03FC1C058DF4F8881C058D0408530B7
:1004200009F037C180911305811102C00E941A2979
:100430008BE095E00E94D76383E095E00E94D7634C
:100440004091130581E0482764E670E08FE994E06D
:100450000E941EC2C8010E94CF63CE0183599F4FE4
:100460000E94C76340911305FF24F3944F2564E075
:1004700070E0C8010E941EC288EC96E00E94CF6323
:10048000409113054F2566E070E08CE197E00E94F3
:100490001EC2409113054F2564E170E0C8010E941F
:1004A0001EC2E0901305E11038C089809A80AB80AD
:1004B000BC80A5019401C501B4010E941DED81110C
:1004C0002CC080923B0590923C05A0923D05B092D5
:1004D0003E052CEA35EC47E25EE36D817E818F813B
:1004E00098850E949CE460933F057093400580933B
:1004F0004105909342052CEA35EC47E25EE36985BD
:100500007A858B859C850E94BAEB60934305709336
:1005100044058093450590934605FF24F3944E2DA2
:100520004F2562E070E0C8010E941EC2C8010E940F
:10053000B763C8010E94B763C8010E94C763C801BE
:100540000E94C763C8010E94C76385E0F801119249
:100550008A95E9F7409113054F2565E070E0C801E1
:100560000E941EC2C8010E94CF63409113054F250F
:1005700060E270E0C8010E941EC2CE0183599F4F05
:100580000E94CF63409113054F2569E070E0C801D8
:100590000E941EC2409113054F2562E170E0C80120
:1005A0000E941EC2409113054F2564E270E0C8010D
:1005B0000E941EC2409113054F2560E170E0C80102
:1005C0000E941EC2409113054F2569E070E0C801EA
:1005D0000E941EC2C8010E94BF63409113054111D1
:1005E0000CC089819A81AB81BC81809385079093EF
:1005F0008607A0938707B0938807FF24F3944F25BD
:100600006CE070E0C8010E941EC2409113054F25A6
:100610006CE670E0C8010E941EC219821A821B8219
:100620001C821D821E821F82188619861A861B86CE
:100630001C86C8010E94B763409113054F2568E0EE
:1006400070E0C8010E941EC2C8010E94DF63CE0193
:1006500081589F4F0E94C763CE0183599F4F0E94CC
:10066000BF6380915F07909160078A30934089F55E
:100670001092BC052091822C3091832CEF968EAD88
:100680009FADEF972817390741F1F092BC0580E044
:1006900023C0C8010E94D763CE0183599F4F0E9497
:1006A000D763C158DF4FE880CF57D040C058DF4FE5
:1006B0008881C058D040E89E70011124F1E0EF1A03
:1006C000F10808F4C7CECE018B589F4F0E94BF633C
:1006D000F5CFF092BC0581E005DD80911305811115
:1006E0003CCD8091BC05811138CD0E94DB7A35CD9F
:1006F00084E690E09093600780935F071092832CCC
:100700001092822CF8CC81E080931305F1DF1092D7
:100710001305882309F0ECCF28D880E00895F3CFA3
:10072000CF93DF93C0918605CC23B1F0C150C09325
:10073000860589E0C89FE0011124C05BDA4F6A8119
:100740007B812F814E818881998172DB888580939E
:100750007604DF91CF91089584DCFBCFB0E0A0E078
:10076000E4EBF3E80C940DEB00910D070E944BC7EE
:10077000C091380710E0000F111F0F52154E95E081
:10078000592E5C0E29EAE22E2AE1F22ED3E0DC1B80
:1007900035E4C32E34E6D32E47EBA42E4AE1B42E23
:1007A00082E0782E7C1A5CED852E5AE1952E81E050
:1007B000682E6C1A4C2E4194C1112AC080913B07BF
:1007C0008823B1F080917401882359F081E09091E1
:1007D0003B07911180E024E045EC5AE1642D0E9432
:1007E00069C6CF5FC511E8CF84E0809339070BC09D
:1007F0008091220710922207882321F391DF8091B4
:100800003A078823F9F2CDB7DEB7E0E10C9429EB83
:10081000C13059F5F8018591949190934B078093DD
:100820004A0780913B07813081F0809174018823D1
:10083000C1F21F929F928F926F9281E090913B073D
:10084000913009F474C080E072C080912207109248
:100850002207882351F380910D07682F0E9455D8F5
:1008600080913A07882309F3CECFC23009F042C005
:10087000F8018591949190934B0780934A0780915A
:100880003B078230D1F080917401882309F4A9CF0D
:10089000DF92CF92BF92AF927F9281E090913B071F
:1008A000923009F080E08F930E942B640F900F909C
:1008B0000F900F900F900F9094CF8091220710927D
:1008C0002207882301F30E94456480913A07882318
:1008D000D1F299CF80912207109222078823C1F08C
:1008E00060910D078FEF0E9455D880913A078823B9
:1008F00079F089CFC33009F074CFF80185919491D4
:1009000090934B0780934A0780913B07833011F304
:1009100080917401882309F464CF1F92FF92EF92B3
:10092000DF9381E090913B07933009F08CCF8F9358
:100930000E942B640F900F900F900F900F9051CF4B
:10094000ACE0B0E0E6EAF4E80C940CEB9C878B8713
:10095000362E8091220710922207882339F01092B8
:100960007604DEDE2C96E1E10C9428EB60913D07E5
:1009700070913E0780913F07909140076115710586
:100980008105910509F45CC020913E01222309F400
:10099000AEC020913F012111AAC021E0321609F416
:1009A00084C0E2E03E1609F491C0C0904001D090AE
:1009B0004101E0904201F090430140904C01509081
:1009C0004D0160904E0170904F010E943DE42091D6
:1009D00032013091330140913401509135010E9430
:1009E0009CE46F83788789879A87F4E03F9E800133
:1009F0001124C80187559D4E9E838D83FC01208163
:100A00003181428153816F81788589859A850E94E1
:100A100043EB4B015C01A3019201C701B6010E94A7
:100A200037E4811173C0F801E755FD4E8082918251
:100A3000A282B382832D0E94BB1F81E08093740148
:100A400010923D0710923E0710923F071092400708
:100A500080917401882309F485CF24E0329EF0014F
:100A60001124E755FD4EC080D180E280F380C98219
:100A7000DA82EB82FC822DEC3CEC4CEC5DE3609185
:100A800032017091330180913401909135010E94BF
:100A9000A6EC87FD65C0CE0101960E94385FBC01BF
:100AA0008B859C850E94D5235DCFC0904401D0905A
:100AB0004501E0904601F090470140905001509070
:100AC000510160905201709053017FCFC090480156
:100AD000D0904901E0904A01F0904B0140905401C0
:100AE0005090550160905601709057016ECF412C87
:100AF00020E5522E23EC622E27E4722EC12C30E525
:100B0000D32E33ECE32E37ECF32E5FCF20E030E032
:100B1000A9016F81788589859A850E9437E487FFCE
:100B20000FC0A7019601C501B4010E9437E487FFF9
:100B30007ACFED81FE81C082D182E282F3827ACFC8
:100B4000A3019201C501B4010E94A6EC18160CF095
:100B50006ACFED81FE8140825182628273826ACFC8
:100B600020E030E040E251E4C701B6010E949CE47D
:100B700020E030E04AE754E40E949CE44B015C0131
:100B800020E030E0A901C701B6010E9437E420E06F
:100B900030E040EA50E487FF04C020E030E040EA63
:100BA00050ECC501B4010E9443EB20E030E040E28C
:100BB00051E40E94BAEB0E9422EC6B017C01F7FC2D
:100BC00064C020EA36E841E050E00E9487EACA01AA
:100BD000B9012AE030E040E050E00E9487EA605D21
:100BE00060937704C701B60120E137E240E050E0AE
:100BF0000E9487EA8AE0882E912CA12CB12CCA0190
:100C0000B901A50194010E9487EA605D60937804B0
:100C1000C701B60128EE33E040E050E00E9487EAC9
:100C2000CA01B901A50194010E9487EA605D609341
:100C300079048EE280937A04C701B60124E630E09D
:100C400040E050E00E9487EACA01B901A501940181
:100C50000E9487EA605D60937B04C701B601A5012D
:100C600094010E9487EA6B017C01CA01B901A501C8
:100C700094010E9487EA605D60937C0480E3C80E63
:100C8000C0927D0487E794E00ACFF094E094D0947A
:100C9000C094C11CD11CE11CF11C6DE2A1CF62E02B
:100CA00081E599E24DCE61E088E599E249CE60E0C8
:100CB0008FE599E245CEA4E0B0E0E1E6F6E80C94D9
:100CC0001BEB8091220710922207882339F01092A3
:100CD000760426DD2496E2E00C9437EB60913D0724
:100CE00070913E0780913F07909140076115710513
:100CF0008105910561F10E943DE42091320130911E
:100D0000330140913401509135010E949CE42091BF
:100D1000B5123091B6124091B7125091B8120E949C
:100D200043EB6093B5127093B6128093B712909311
:100D3000B81283E00E94BB1F81E08093740110927F
:100D40003D0710923E0710923F0710924007809196
:100D50007401882309F4BECF209123073091240722
:100D600040912507509126076091B5127091B612F7
:100D70008091B7129091B8120E9442EB69837A83F6
:100D80008B839C83CE0101960E94385FBC0183E473
:100D900099E20E94D5239ECFB0E0A0E0E2EDF6E814
:100DA0000C940FEB0E944BC7C09138076C2E85E066
:100DB000782E7C0E0FE712E396EEA92E98E1B92E5D
:100DC000D5E0DC1B21E5E22E22E3F22E84E0D82ED2
:100DD000DC1A83E0C82ECC1A82E0982E9C1A81E09F
:100DE000882E8C1AC1112BC080913B078823B9F043
:100DF00080917401882361F0662D619581E0909166
:100E00003B07911180E024E04AE059E10E9469C665
:100E1000CF5F7C12E7CF86E0809339070BC08091CB
:100E2000220710922207882319F37ADC80913A076F
:100E30008823F1F2CDB7DEB7EEE00C942BEBC13096
:100E400049F580913B078130A1F08091740188239E
:100E5000F9F286E992E39F938F9384E099E19F935F
:100E60008F938F9281E090913B07913069F180E000
:100E70002BC08091220710922207882331F386E944
:100E800092E3892B11F00E94963280913A078823D1
:100E9000E1F2D0CFC23009F08FC080913B078230A1
:100EA000E9F080917401882309F4B2CF83E194E6DC
:100EB0009F938F938AEF98E19F938F939F9281E006
:100EC00090913B07923099F68F930E942B640F907C
:100ED0000F900F900F900F900F909ACF8091220754
:100EE000109222078823E9F20E94136480913A0746
:100EF0008823B9F29FCF80913B078330A9F080917E
:100F00007401882309F484CF88E692E39F938F933A
:100F100083EF98E19F938F93CF9281E090913B076D
:100F2000933009F0A4CFD0CF8091220710922207EE
:100F3000882329F388E692E3892B11F00E94683216
:100F400080913A078823D9F275CF80913B0784308E
:100F500099F080917401882309F45ACFFF92EF929F
:100F60008EEE98E19F938F93DF9281E090913B0703
:100F7000943009F07CCFA8CF8091220710922207ED
:100F8000882339F3E114F10411F00E945132809169
:100F90003A078823F1F24ECF809122071092220760
:100FA0008823B1F00115110511F00E947F32809164
:100FB0003A07882369F03ECFC33009F49CCFC43090
:100FC00021F2C53009F024CF80913B07853021F311
:100FD00080917401882309F41BCF1F930F93BF9254
:100FE000AF92DF9381E090913B07953009F03FCFBE
:100FF0006BCFB0E0A0E0EFEFF7E80C9414EB0E94A9
:101000004BC7C091380785E0C82ECC0ED4E0DC1B5E
:1010100013E01C1B82E0F82EFC1A81E0E82EEC1A8B
:10102000BC2EB194C1112AC080913B078823B1F036
:1010300080917401882359F081E090913B079111D0
:1010400080E024E047E358E16B2D0E9469C6CF5F42
:10105000CC12E8CF85E0809339070BC0809122073E
:1010600010922207882321F35BDB80913A078823C3
:10107000F9F2CDB7DEB7E9E00C9430EBC130B9F549
:1010800080913B078130F1F0809174018823F9F25F
:10109000DD24D39480913B07813009F0D12C6091FD
:1010A00075127091761280917712909178120E9449
:1010B000796000E09C014CE258E16E2D8D2D0E947C
:1010C0003B24C5CF80912207109222078823E1F2AA
:1010D0000E943FC74CE45CE665E772E18CE298E170
:1010E0000E9436C880913A07882371F2C2CFC2307D
:1010F00009F07FC080913B078230E1F0809174015C
:10110000882309F4A4CFDD24D39480913B07823057
:1011100009F0D12C6091791270917A1280917B1232
:1011200090917C120E94796000E09C0141E258E1BC
:101130006F2DC4CF80912207109222078823F1F2ED
:101140000E943FC74BE45CE669E772E181E298E107
:101150000E9436C880913A07882381F28ACF809115
:101160003B078330E1F080917401882309F46FCF4D
:10117000DD24D39480913B07833009F0D12C60911A
:101180007D1270917E1280917F12909180120E9448
:10119000796000E09C0146E158E1612F8FCF80919A
:1011A0002207109222078823F1F20E943FC74AE4E7
:1011B0005CE66DE772E186E198E10E9436C88091B5
:1011C0003A07882381F255CF809122071092220797
:1011D0008823C9F00E943FC749E45CE661E872E1F8
:1011E0008BE098E10E9436C880913A07882359F035
:1011F00040CFC33009F4B3CFC43009F028CF809179
:101200003B07843009F380917401882309F41FCFD0
:10121000DD24D39480913B07843009F0D12C609178
:1012200081127091821280918312909184120E9497
:10123000796000E09C014BE058E16D2F3FCFA3E0C7
:10124000B0E0E5E2F9E80C940BEB4C013B015A01EC
:101250001901280181E08093760440913D07509167
:101260003E0760913F0770914007411551056105A8
:10127000710571F0141615060CF080E080938D0551
:1012800010923D0710923E0710923F0710924007C0
:1012900010918D05809122078B8310922207811176
:1012A00005C080917401882309F46FC0C2010E94B7
:1012B0006320082F80E0C114D10419F0C6010E94F8
:1012C00063201A821982E114F104B1F4402F50E036
:1012D000282F30E0CA01820F931F46976CF485E1F6
:1012E00090E0841B950B821B930B97FD01969595BF
:1012F00087958A8381E0898301E022EC35E1A201B0
:10130000BE016F5F7F4FCE0102960E94B821E114AB
:10131000F10491F08A81882321F01A8289818F5FFC
:10132000898300E025EC35E1A701BE016F5F7F4FA7
:10133000CE0102960E94B821C114D10459F000E0F8
:1013400022EC35E1A601BE016F5F7F4FCE01029610
:101350000E94B82141E04127B30181E00E9420CCE6
:10136000C4010E946320412FB40194E1981B892F8E
:101370000E9420CCEB81EE2341F0111101C05101FC
:10138000A114B10431F0F50109952396E2E10C9422
:1013900027EBC6D9FACFCF92DF92EF92FF920F934D
:1013A0001F938EE4C82E8AE1D82EF12CE12C00E5A3
:1013B0001AE130E020E041EB5FE760E67AE185E6A4
:1013C0009AE13DDF1F910F91FF90EF90DF90CF905A
:1013D0000895B0E0A0E0EFEEF9E80C9413EBADB6A1
:1013E000BEB68091E52B6EE477E0882311F065EEC0
:1013F0007BE2FB0101900020E9F7CF01861B970BF0
:1014000001962DB73EB7281B390B0FB6F8943EBF97
:101410000FBE2DBF8DB79EB701967C0180E2EDB760
:10142000FEB78183C70101960E946CED8AE0C82E49
:101430008AE1D82E0CE01AE130E020E04DE350E8DC
:1014400068E17AE18FE19AE1FADE0FB6F894BEBE68
:101450000FBEADBEEAE00C942FEBCF92DF92EF927D
:10146000FF920F931F9384E7C82E89E1D82EF12CA9
:10147000E12C07EE19E130E020E04BE850EA66E7A6
:1014800079E18BE799E1DBDE1F910F91FF90EF90FF
:10149000DF90CF900895B0E0A0E0E1E5FAE80C9489
:1014A00013EBADB6BEB685EA97E10E94632090E0EB
:1014B00001962DB73EB7281B390B0FB6F8943EBFE7
:1014C0000FBE2DBF8DB79EB701967C0165EA77E10F
:1014D0000E947FE380910D0702E717E1813031F030
:1014E0000DE517E1823011F005E817E186E9C82E15
:1014F00087E1D82E21E330E84DEF5BE968E977E139
:101500008FE997E19CDE0FB6F894BEBE0FBEADBE6C
:10151000EAE00C942FEB8F929F92AF92BF92CF9202
:10152000DF92EF92FF928091220710922207882388
:1015300061F010927604F4D8FF90EF90DF90CF9096
:10154000BF90AF909F908F90089581E08093760434
:1015500080903D0790903E07A0903F07B0904007D5
:1015600081149104A104B10409F44AC010923D070A
:1015700010923E0710923F0710924007B401092CC9
:10158000000C880B990B0E943DE420919607309146
:10159000970740919807509199070E949CE42091E9
:1015A000172D3091182D4091192D50911A2D0E9410
:1015B00043EB6B017C0120E030E040EA51EC0E94FB
:1015C000A6EC87FD1DC020E030E040EA51E4C701F1
:1015D000B6010E9437E418169CF084E00E94E5787A
:1015E000811103C0C4010E94C92AC092172DD09254
:1015F000182DE092192DF0921A2D82E0809374013B
:1016000080917401882309F497CFC090172DD09052
:10161000182DE090192DF0901A2D20E030E040E2D6
:1016200051E4C701B6010E949CE420E030E04AE7A3
:1016300054E40E949CE44B015C0120E030E0A901ED
:10164000C701B6010E9437E420E030E040EA50E4F0
:1016500087FF04C020E030E040EA50ECC501B4014F
:101660000E9443EB20E030E040E251E40E94BAEBFC
:101670000E9422EC6B017C018BE2F7FE09C0F09422
:10168000E094D094C094C11CD11CE11CF11C8DE2EB
:1016900080937704C701B60120E137E240E050E0D3
:1016A0000E9487EA8AE0882E912CA12CB12CCA01D5
:1016B000B901A50194010E9487EA605D60937804F6
:1016C000C701B60128EE33E040E050E00E9487EA0F
:1016D000CA01B901A50194010E9487EA605D609387
:1016E00079048EE280937A04C701B60124E630E0E3
:1016F00040E050E00E9487EACA01B901A5019401C7
:101700000E9487EA605D60937B04C701B601A50172
:1017100094010E9487EA6B01CA01B901A5019401F5
:101720000E9487EA605D60937C0480E3C80EC092EB
:101730007D0467E774E087EB97E10E94D523FCCE38
:101740000F931F93CF93DF93FC01EB0180913D0733
:1017500090913E07A0913F07B0914007B7FF08C0A6
:1017600010923D0710923E0710923F0710924007DB
:1017700080912C0790912D07A0912E07B0912F07F3
:1017800040913D0750913E0760913F07709140079F
:1017900084179507A607B70744F480933D079093F5
:1017A0003E07A0933F07B0934007809174018823C0
:1017B000E1F060913D0770913E0780913F07909165
:1017C0004007009130071091310720913207309186
:1017D0003307600F711F821F931F0995BC01809111
:1017E0003607909137070E94D523809122078111F7
:1017F00008C0809129078823A9F18091740188236A
:1018000089F180913407909135070097B1F04091AC
:101810003D0750913E0760913F077091400700914E
:101820003007109131072091320730913307400F74
:10183000511F621F731FFE010995E0912A07F09165
:101840002B07309741F080912907811103C08091C7
:101850002207811109958091220710922207811198
:101860000E949083DF91CF911F910F9108956EEEAA
:101870007FE587E090E664CF6BE670E683E49EE761
:101880005FCF63E972E687EA92E65ACF60EB72E6D1
:1018900084EC92E655CF6DEC72E68CE79EE750CF74
:1018A000E0918605E63028F581E08E0F809386056D
:1018B00040913D0750913E0760913F07709140076E
:1018C00020913807909139078091760439E0E39FA1
:1018D000F0011124E05BFA4FA091422DB091432D0D
:1018E000B183A08342835383648375832683978364
:1018F00080870895CF93DF93EC01D2DF20E040E0B2
:1019000070E060E0CE010E94187FDF91CF910895D2
:10191000B0E0A0E0EEE8FCE80C9410EB0E944BC7AE
:10192000C09138077C2E85E0882E8C0ED6E0DC1B1B
:1019300085E0D82EDC1AEE24EA94F12C84E0C82E3F
:10194000CC1A83E0B82EBC1A82E0A82EAC1A81E033
:10195000982E9C1AC1115DC080913B07882309F421
:1019600045C080917401882361F0672D619581E005
:1019700090913B07911180E024E04FE25BE10E94EF
:1019800069C680918D0780930D07C43009F0E2C0CD
:101990001092490780913B07843009F4C8C08091B8
:1019A00074018823E1F011E080913B07843009F055
:1019B00010E080910D0724E6829FC0011124815818
:1019C0009F4FB7010E94EFEA862F0E94B45F00E0AC
:1019D0009C0144E15BE16C2D812F0E943B24CF5F91
:1019E000C811B8CF87E0809339070EC080912207D5
:1019F00010922207882309F4B4CF0E94908380912B
:101A00003A07882309F4ADCFCDB7DEB7EDE00C94EB
:101A10002CEBC130C1F580913B078130E9F080911A
:101A200074018823A1F011E080913B07813009F017
:101A300010E080913601909137010E940E7E00E007
:101A40009C0149E25BE1692D812F0E943B2480913A
:101A50008D0780930D07C3CF809122071092220734
:101A60008823E9F210E000E027EE33E04AE050E09E
:101A700066E371E089E29BE10E94A1C780913A0789
:101A8000882369F2C1CFC23009F0BFC080913B0703
:101A90008230C9F0809174018823C9F211E08091ED
:101AA0003B07823009F010E08091380590913905AC
:101AB0000E940E7E00E09C0142E25BE16A2D812FD4
:101AC0000E943B245ECF8091220710922207882338
:101AD00009F30E943FC70AE913E624E031E050E031
:101AE00040E068E375E082E29BE10E94A1C780913B
:101AF0003A07882379F288CF809122071092220733
:101B0000882309F48AC00E943FC70EE518E123E745
:101B100030E050E040E069E177E08EE19BE10E9437
:101B2000A1C780913A07882309F477C06DCF8091CF
:101B3000220710922207882309F431CF0E943FC761
:101B400084E19BE10E9496C880913A07882309F4BA
:101B500026CF5ACFC53091F580913B078530B9F03B
:101B600080917401882309F43ACF11E080913B07FA
:101B7000853009F010E080915801909159010E9440
:101B80000E7E00E09C014FE05BE16D2D25CF809142
:101B9000220710922207882319F305ED1FE527EE8F
:101BA00033E04AE050E068E571E08FE09BE10E949D
:101BB000A1C780913A07882399F226CFC63009F051
:101BC0000ECF80913B07863091F08091740188237D
:101BD00009F405CF81E090913B07963009F080E051
:101BE00023E040E05BE16D2F0E9469C6F8CE809152
:101BF000220710922207882341F38BE89AE87ADEC5
:101C000080913A07882309F3FFCEC33009F0B9CE9B
:101C100080913B07833009F46FCF80917401882352
:101C200009F415CF11E080913B07833009F010E0F3
:101C30008091190790911A070E940E7E00E09C0186
:101C40004EE15BE16B2D3BCFB0E0A0E0EAE2FEE8C5
:101C50000C940BEBD1E08091380590913905892BDC
:101C600009F4D0E00E944BC7C0913807712C81ED78
:101C7000A82E8AE1B82E88248A94912C83E0682EBD
:101C80006C1A82E0582E5C1A81E0482E4C1A2C2ED9
:101C9000219428E3E22E20E8F22E33EDC32E3AE120
:101CA000D32E85E0382E3C1AC11115C080913B0718
:101CB000882309F49DC080917401882309F44DC1E3
:101CC00081E090913B07911180E024E04BEF5AE1D5
:101CD000622D0E9469C680913805909139059093D4
:101CE0000E0780930D07C13009F0B0C080913B070B
:101CF000813009F490C080917401882309F442C0B6
:101D000011E080913B07813009F010E080910D07D0
:101D100090910E070E940E7E00E09C0144EF5AE174
:101D2000642D812F0E943B2480918D0780930D07A5
:101D3000C33041F51092490780913B07833009F485
:101D4000BCC080917401882309F410C111E0809116
:101D50003B07833009F010E080910D0724E6829F55
:101D6000C001112481589F4FB4010E94EFEA862FD1
:101D70000E94B45F00E09C0146EE5AE1662D812F7F
:101D80000E943B2410920D07C430E1F4F5018591C7
:101D9000949190934B0780934A0780913B0784303E
:101DA00009F49EC080917401882361F081E09091D4
:101DB0003B07943009F080E023E04CED5AE1672DB9
:101DC0000E9469C68091190790911A07892B19F40E
:101DD000DD2309F4C0C0C53009F492C0D1E086E02B
:101DE000CF5F739495E079125FCF809339070EC06F
:101DF0008091220710922207882309F45CCF0E9469
:101E0000908380913A07882309F455CFCDB7DEB788
:101E1000E2E10C9427EB809122071092220788239D
:101E200009F469CF0E943FC706E81BE624E031E0D1
:101E300050E040E06DE077E084EF9AE10E94A1C7B6
:101E400080913A07882309F456CFE0CFC23009F0D9
:101E50006BCF80913B078230B9F080917401882369
:101E600009F490CF11E080913B07823009F010E037
:101E70008091190790911A070E940E7E00E09C0144
:101E800040EF5AE1652D4DCF809122071092220735
:101E9000882319F30E943FC70EE518E123E730E0DD
:101EA00050E040E069E177E080EF9AE10E94A1C74D
:101EB00080913A07882389F2A9CF80912207109256
:101EC0002207882309F43DCF0E943FC786EE9AE19E
:101ED0000E9496C880913A07882309F432CF96CFA2
:101EE0008091220710922207882309F45BCF8EEAA3
:101EF00093E800DD80913A07882309F453CF86CF19
:101F000080913B078530D1F080917401882309F4DA
:101F100065CFFF92EF92DF92CF923F9281E0909156
:101F20003B07953009F080E08F930E942B640F905F
:101F30000F900F900F900F900F9050CF809122072D
:101F400010922207882301F30E94388080913A077B
:101F50008823D1F25BCF85E043CF80913805909103
:101F6000390590930E0780930D07DECE10920D0772
:101F700029CFB0E0A0E0EFEBFFE80C9412EB0E9459
:101F80004BC7C091380785E0E82EEC0E95E8C92EC6
:101F90009AE1D92ED4E0DC1B13E01C1B20EAA22E10
:101FA0002AE1B22E02E00C1B81E0F82EFC1A9C2ED6
:101FB0009194C1112BC080913B078823B1F080918F
:101FC0007401882359F081E090913B07911180E0E2
:101FD00024E044EA5AE1692D0E9469C6CF5FEC1201
:101FE000E8CF85E0809339070CC0809122071092DA
:101FF0002207882321F30E94908380913A07882347
:10200000F1F2CDB7DEB7EBE00C942EEBC13009F561
:1020100080913B07813079F0809174018823F1F23F
:1020200081E090913B07913009F080E023E049E3A3
:1020300059E26F2DD1CF8091220710922207882379
:1020400059F385E990E956DC80913A07882321F31A
:10205000D8CFC23009F052C090913B07923071F056
:1020600080917401882309F4B9CF81E0923009F09E
:1020700080E020E246E95AE1602FAECF809122074E
:1020800010922207882361F3B092CA06A092C90673
:1020900080913A07882321F3B4CF80913B078330A6
:1020A00081F080917401882309F498CF81E09091A8
:1020B0003B07933009F080E023E049E85AE1612FC3
:1020C0008BCF8091220710922207882351F381E859
:1020D00099E910DC80913A07882319F392CF809117
:1020E000220710922207882391F0D092CA06C0924C
:1020F000C90680913A07882351F083CFC33069F233
:10210000C43009F06BCF90913B07943041F380913C
:102110007401882309F462CF81E0943009F080E0F3
:1021200020E244E75AE16D2F57CFB0E0A0E0EBE9A1
:10213000F0E90C9416EB0E944BC7C091380785E07C
:10214000E82EEC0ED4E0DC1B13E01C1B02E00C1BA1
:1021500081E0F82EFC1ADC2ED194C1112BC08091A5
:102160003B078823B1F080917401882359F081E006
:1021700090913B07911180E024E04DE65AE16D2DEE
:102180000E9469C6CF5FEC12E8CF85E080933907E3
:102190000CC08091220710922207882321F30E940D
:1021A000908380913A078823F1F2CDB7DEB7E7E05C
:1021B0000C9432EBC13009F580913B07813079F006
:1021C000809174018823F1F281E090913B07913076
:1021D00009F080E023E04FE559E26F2DD1CF8091E7
:1021E000220710922207882359F384E594E682DBC4
:1021F00080913A07882321F3D8CFC23009F052C02A
:1022000080913B07823081F080917401882309F42A
:10221000B9CF81E090913B07923009F080E023E054
:1022200048E559E2602FACCF809122071092220737
:10223000882351F38FE494E65DDB80913A0788238D
:1022400019F3B3CF80913B07833081F08091740103
:10225000882309F497CF81E090913B07933009F0F0
:1022600080E023E041E559E2612F8ACF8091220787
:1022700010922207882351F38AE494E63BDB809195
:102280003A07882319F391CF8091220710922207F1
:10229000882389F088EB9FE72DDB80913A0788231C
:1022A00051F083CFC33071F2C43009F06BCF80910D
:1022B0003B07843049F380917401882309F462CF8D
:1022C00081E090913B07943009F080E023E043E403
:1022D00059E26D2F55CFA7E0B0E0E1E7F1E90C94AA
:1022E0000BEB0E944BC7209138072F832A83822F44
:1022F0008B5F89833324339485E0922F821B8B83F9
:1023000085EEE82E87E1F82E2AE2C22E21E0D22EB9
:1023100038EE432E33E0532E612C712C84E0891B60
:102320008C8323E0291B2D8382E0891B8E83232C41
:10233000291A8F8181112EC080913B078823D1F00B
:1023400080917401882361F06A81619581E09091A8
:102350003B07911180E024E047E358E10E9469C601
:102360008F818F5F8F8399818913E3CF86E080937C
:1023700039070CC08091220710922207882301F3AD
:102380000E94908380913A078823D1F22796E2E158
:102390000C9427EB9F81913079F590913B07913018
:1023A000B9F0809174018823D9F281E0913009F06D
:1023B00080E090912B052FEF37E1911102C02BEFB8
:1023C00037E101E042E058E1622D0E943B24C8CF92
:1023D0008091220710922207882319F380912B0500
:1023E0002F81822780932B0583E080937401809155
:1023F0003A078823B1F2CACF9F81923009F0EEC02C
:1024000080913B078230C1F080917401882309F4E8
:10241000A7CF11E080913B07823009F010E0809156
:102420003001909131010E940E7E00E09C0144EF4A
:1024300057E16E81812FC9CF809122071092220728
:10244000882311F310E000E024E031E050E040E0A8
:1024500060E371E084EF97E10E94A1C780913A07A1
:10246000882391F293CF80913B078330B9F080911C
:102470007401882309F474CF11E080913B07833005
:1024800009F010E080912E0190912F010E940E7EA4
:1024900000E09C014DEE57E16D81CCCF8091220789
:1024A00010922207882319F310E000E024E031E0C5
:1024B00050E040E06EE271E08DEE97E10E94A1C72E
:1024C00080913A07882399F261CF80913B0784304D
:1024D000D9F080917401882309F442CF11E08091F2
:1024E0003B07843009F010E060912A0170912B01C4
:1024F00080912C0190912D010E94406100E09C018F
:1025000045EE57E16C8196CF809122071092220709
:102510008823F9F220E030E048EC52E460912A018F
:1025200070912B0180912C0190912D010E949CE4CF
:102530000E9427EC4B0130923A07B2D923E0209356
:102540007401F0923707E0923607D0923507C092B7
:102550003407109230071092310710923207109210
:10256000330740922C0750922D0760922E077092ED
:102570002F07B12CA12C80923D0790923E07A0928C
:102580003F07B092400786E49CE89093432D8093E8
:10259000422D10922B0710922A0710922907809142
:1025A0003A07882309F495CFF1CE80912207109243
:1025B0002207882319F10E943FC704E410E824E0B1
:1025C00031E046E950E068E271E086ED97E10E9473
:1025D000A1C780913A07882389F0D8CE2F81233074
:1025E00009F441CF243009F470CF253009F0B8CE7A
:1025F0001092490780913B078530B9F280917401B0
:10260000882309F4ADCE11E080913B07853009F0B5
:1026100010E080912801909129010E940E7E00E037
:102620009C0146ED57E16B8105CFA5E0B0E0EBE101
:10263000F3E90C940BEB0E94DB62382E0E944BC72F
:10264000209138072C8311E0311001C012E02C805A
:10265000822D8B5F8983922D91959A8321E0221997
:102660002B8389E4E82E88E1F82E98EE492E93E03A
:10267000592E612C712C26E4C22E2CE8D22E9C817E
:10268000992309F444C0311086C02C81213009F00F
:1026900082C080913B07813009F45EC08091740153
:1026A00081116AC082E08D838D818F5F9C81891347
:1026B00023C080913B07891709F494C0809174016D
:1026C0008823D1F0BB24B39480913B079C8189136C
:1026D000B12C609185077091860780918707909152
:1026E00088070E94406100E09C0149E458E16C8148
:1026F00062198B2D0E943B242C812F5F2C838981B2
:102700002813BDCF9D819E5F9093390721C0809192
:102710003B07882389F080917401882309F4B3CFA3
:1027200081E090913B07911180E024E048E658E178
:102730006A810E9469C63AC08091220710922207DE
:10274000882349F30E94908380913A07882319F3E4
:102750002596E2E10C9427EB809122071092220744
:10276000882309F49BCF89EF97E8C4D880913A0772
:10277000882309F493CFECCF81E090913B0791300F
:1027800009F080E023E04FE558E16B810E9469C6C3
:1027900092E09D8389CF2C81121308C080913B0762
:1027A000811731F080917401811110C01D837CCF9D
:1027B00080912207109222078823A1F38BE691E9EA
:1027C00099D880913A07882369F3C2CF6C81621946
:1027D00081E090913B072C81921380E023E043E558
:1027E00058E1A7CF8091220710922207882309F48D
:1027F00065CF20E030E048EC52E4609185077091AD
:10280000860780918707909188070E949CE40E9428
:1028100027EC4B0121E020933A0742D883E08093D4
:102820007401F0923707E092360785E897E09093BD
:1028300035078093340710923007109231071092B9
:1028400032071092330740922C0750922D07609266
:102850002E0770922F07B12CA12C80923D079092E9
:102860003E07A0923F07B0924007D092432DC092FE
:10287000422D10922B0710922A071092290780915F
:102880003A07882309F41ACF63CFCF93DF93C0911F
:102890007304D0917404DF77209759F580919C2EB2
:1028A00083FD2BC00E940D2B882319F18091942E5B
:1028B0009091952EA091962EB091972E0097A105FC
:1028C000B105B9F0BC01CD01615F784D8F4F9F4FCD
:1028D00020E137E240E050E00E9465EA6091982EE6
:1028E0007091992E80919A2E90919B2E0E9465EA6C
:1028F000E901CE01DF91CF910895C0E1D7E2F9CF90
:10290000B0E0A0E0E6E8F4E90C941BEB8D81909137
:102910007D2C891778F080937D2C9E01285F3F4F96
:102920004E815F8164E570E088E29CE20E94FFE3F3
:102930001092272CE2E00C9437EB0F931F93CF9368
:10294000DF936F3F11F410927D2C20917D2C21118B
:102950001EC08C010E9486E3800F911FEC01C01BFA
:10296000D10BC535D1053CF00197FC012491207CA9
:102970002038D1F3F3CFDD27AE01B80188E29CE225
:102980000E94A7E3C85DD34D18821092272CDF91D7
:10299000CF911F910F9108950E94D824882369F048
:1029A00081E695E20E94BD3360E082E595E2C5DFF5
:1029B00081E00E94BB660C941AC30895A8E1B0E0C0
:1029C000E4EEF4E90C940DEBF82E4A015B012801CA
:1029D000390120E030E0A901C301B8010E9437E4C9
:1029E000811111C0FF2019F081E0F81292C060E05F
:1029F00070EA8CE096E420E030E040E752E40E9488
:102A0000BAEB2B013C014D8A5E8A6F8A788E0F2DBE
:102A100010E0F801EA50F44EE491CC24C3941E1661
:102A20000CF4C12CDD24D39420E030E0A901C501D1
:102A3000B4010E94A6EC18160CF0D12CCD1479F03C
:102A400092E0F9120CC0A8DFEE2049F081E00E946C
:102A50002B6369E170E080E090E00E94E82A80E06A
:102A60000E94727869837A838B839C8381E00E94C1
:102A700072786D837E838F83988782E00E9472785C
:102A800069877A878B879C8783E00E9472786D873D
:102A90007E878F87988B000F111F000F111FE1E0B9
:102AA000F0E0EC0FFD1F0E0F1F1FF80110821182C6
:102AB00012821382CE0101960E94D177F8018082A2
:102AC0009182A282B382198A1A8A1B8A1C8A8091F7
:102AD0009E0790919F07892B51F4AE014F5E5F4F87
:102AE000BE016B5E7F4FCE0101960E94CFB20E9465
:102AF0004D6CCD1451F0F2E0FF1205C0EE2019F03C
:102B000080E00E942B630E94D47C6896E0E10C94E4
:102B100029EB60E070E080E793E46DCFA6E8B0E0D9
:102B2000E4E9F5E90C9415EBC358DF4F18821982DC
:102B30001A821B82CD57D04080916F029091700213
:102B4000A0917102B0917202CF57DF4F88839983B1
:102B5000AA83BB83C158D04084E690E0909360077D
:102B600080935F071092832C1092822C1092BC05E8
:102B700064E070E0CE018F579F4F0E9484C980911E
:102B80005F079091600702969093600780935F07BC
:102B90001092832C1092822C81E0CA57DF4F8883D9
:102BA000C658D040CE018A579F4F0E94FE6368E40A
:102BB00070E081E692E10E9484C960E170E085E7FF
:102BC00097E00E9484C98AE097EDA3EABCE3C3586A
:102BD000DF4F88839983AA83BB83CD57D040CE0132
:102BE00083589F4F0E94F6638E010F5F1F4F8CE04A
:102BF000F80111928A95E9F7C8010E9402647E01EA
:102C0000FDE6EF0EF11C8FEFF7018083C7010E94F4
:102C1000FE6319821A821B821C82C8010E94F6631D
:102C20008091970490919804A0919904B0919A048E
:102C300089839A83AB83BC83C8010E94F663C3581F
:102C4000DF4F188219821A821B82CD57D04083E051
:102C5000F70180838983CE0183589F4F0E94F663DA
:102C6000C7010E94FE63C8010E94FE633AE0D32EB2
:102C7000DA94DD2031F0CE0183589F4F0E94F66335
:102C8000F7CF8FE09DE20E940264C358DF4F1882A5
:102C900019821A821B82CD57D0402AE0D22EDA94B4
:102CA000DD2031F0CE0183589F4F0E94F663F7CFAD
:102CB00085E0D82ED982F701D082C8010E94FE6338
:102CC000C7010E94FE6368E070E08BE095E00E941F
:102CD00084C968E070E083E095E00E9484C964E6FE
:102CE00070E08FE994E00E9484C91982CC24CA94D0
:102CF000F701C082C8010E94FA63C7010E94FE6307
:102D000064E070E083E292E00E9484C98091C8068A
:102D10008983C8010E94FA6366E070E08CE197E065
:102D20000E9484C9198A1A8A1B8A1C8A80E090E052
:102D3000A0E8BFE38D879E87AF87B88B80913B0566
:102D400090913C05A0913D05B0913E0589839A8301
:102D5000AB83BC832CEA35EC47E25EE360913F0530
:102D60007091400580914105909142050E94BAEB17
:102D70006D837E838F8398872CEA35EC47E25EE390
:102D800060914305709144058091450590914605F9
:102D90000E949CE469877A878B879C8764E170E056
:102DA000C8010E9484C984E190E09A83898362E02B
:102DB00070E0C8010E9484C98CE0EEEBF1E0D8011C
:102DC00001900D928A95E1F7C8010E94F2638CE0B0
:102DD000EEEBF1E0D80101900D928A95E1F7C80180
:102DE0000E94F2631982C8010E94FE638FE7898303
:102DF000C8010E94FE63C982C8010E94FE63EAEC1A
:102E0000F1E0D80101900D92DA94E1F765E070E00D
:102E1000C8010E9484C91982C8010E94FA6380E235
:102E2000EFECF1E0D80101900D928A95E1F760E2B4
:102E300070E0C8010E9484C9F7011082C7010E9496
:102E4000FA631982C8010E94FA6380E090E0A0EE64
:102E5000BFE3C358DF4F88839983AA83BB83CD57D1
:102E6000D040CE0183589F4F0E94F663C358DF4F76
:102E7000188219821A821B82CD57D040CE01835806
:102E80009F4F0E94F66382E1F80111928A95E9F75B
:102E900062E170E0C8010E9484C984E2EFEEF1E0D3
:102EA000D80101900D928A95E1F764E270E0C801C3
:102EB0000E9484C980E1F80111928A95E9F760E1E6
:102EC00070E0C8010E9484C989E0F80111928A95D6
:102ED000E9F769E070E0C8010E9484C985E897E0DD
:102EE0000E94F6639CE0D92EF8018D2D11928A95EF
:102EF000E9F76CE070E0C8010E9484C98CE6F80133
:102F000011928A95E9F76CE670E0C8010E9484C9C5
:102F10008CEA95E00E94F263F7011082118212821E
:102F20001382148215821682178268E070E0C7014E
:102F30000E9484C9F7011192DA94E9F7CB57DF4F69
:102F40001882C558D04080E090E0A0E4B0E4ED964F
:102F50008CAF9DAFAEAFBFAFED97C7010E940264CB
:102F6000CE018B579F4F0E94FE63CE0187589F4F23
:102F70000E94F6638091BC05811127C000915F0714
:102F8000109160078091822C9091832CF70191839E
:102F9000808384E690E09093600780935F0764E00D
:102FA00070E087E292E00E9484C962E070E0C701AD
:102FB0000E9484C991E00A30F3E01F0709F490E011
:102FC0008091BC05892B8093BC058091BC05811143
:102FD00004C060E08FE19CE1B0DC9091BC0581E031
:102FE0008927CA57DF4FE8E00C9431EB97CDA3E077
:102FF000B0E0EDEFF7E90C940BEB0E94DB62582E8A
:103000000E944BC7209138072A83422E2B5F2B83C7
:1030100083E0782E741808E119E12FE8E22E23E806
:10302000F22E39E2C32E39E1D32E46EFA42E47E922
:10303000B42E57E3852E59E1952E82E084198983B9
:1030400081E0382E3418242C21948A8181118EC07D
:1030500080913B07882309F477C08091740188230D
:1030600059F081E090913B07911180E024E04FE618
:1030700059E1622D0E9469C651103DC18A81833099
:1030800009F029C180913B07833009F4C3C08091C6
:1030900074018111D0C084E0682E81E0860D51104A
:1030A0004AC09A8189131FC080913B07891709F490
:1030B000F4C0809174018823B1F0FF92EF92DF9207
:1030C000CF928A8184198F9381E090913B072A8166
:1030D000921380E08F930E942B640F900F900F90BB
:1030E0000F900F900F9082E0860D9A81891321C076
:1030F00080913B07891709F4DFC080917401882310
:10310000C1F083ED9CE79F938F931F930F938A8168
:1031100084198F9381E090913B072A81921380E07C
:103120008F930E942B640F900F900F900F900F9031
:103130000F9083E0860D9A819F5F9A832B812913DC
:1031400084CF809339070EC0809122071092220706
:10315000882309F482CF0E94908380913A078823C4
:1031600009F47BCF2396E2E10C9427EB9A8191300E
:1031700051F580913B078130B9F08091740188232B
:1031800009F47ACF81E090913B07913009F080E01B
:1031900023E04DE559E1632D0E9469C65110ABC093
:1031A00085E094E0692E7DCF80912207109222075E
:1031B000882319F385E193E90E947A8C80913A077C
:1031C0008823D9F2CFCF2A81223009F055CF8091C0
:1031D0003B07823081F080917401882309F44CCF41
:1031E00081E090913B07923009F080E023E04EE4CB
:1031F00059E16981D1CF809122071092220788235B
:1032000051F38BE89AE80E947A8C80913A078823E0
:1032100011F3A8CF8091220710922207882309F486
:1032200036CF8CEC96E80E947A8C80913A078823FE
:1032300009F42DCF97CF81E090913B07933009F0AF
:1032400080E023E046E459E1672D0E9469C623CF60
:103250008091220710922207882309F446C05EDC81
:1032600080913A07882309F440C07CCFBF92AF9287
:103270009F928F928A8184198F9381E090913B076E
:103280002A81921380E08F930E942B640F900F90FD
:103290000F900F900F900F902CC0809122071092EA
:1032A0002207882309F405CF0E94838380913A077F
:1032B000882309F4FECE56CF809122071092220770
:1032C000882309F41ACF0E94B57B80913A0788239E
:1032D00009F413CF47CF8A81843009F061CF809100
:1032E0003B079A81891709F4B3CF8091740181114A
:1032F000BDCF8A81D1CE9A8184E0933009F01BCF73
:10330000EECFA9E0B0E0E7E8F9E90C940BEB80918F
:103310004C078770898380910B0590910C05A091D3
:103320000D05B0910E058B839C83AD83BE830E94F7
:103330004BC7909138079887A98131ED232E38E14A
:10334000332EA73021F02CEC222E28E1322E1885C6
:1033500085E0C82EC10EFF24F394D12ED194EF2C1A
:10336000E11A94E6492E512C612C712C28852223D8
:1033700009F45DC03981373009F438C2A885A1301D
:1033800009F02DC290913B07913009F459C1809109
:103390007401811168C182E0B82EB1E0B80FB9871D
:1033A0002981273009F05EC020E030E0A9016B815F
:1033B0007C818D819E810E9437E4882309F452C06C
:1033C0008985988589132FC0A0919504AA8380913F
:1033D0003B07891311C0809122071092220788238E
:1033E00059F0AF25AA8383E0809374010E94B163F2
:1033F00080913A07811120C180917401882399F04E
:103400006885611B81E090913B07B8859B1380E044
:103410002A81222309F45DC122EB38E101E045EB6A
:1034200058E10E943B24B394B394B9861BC08091A9
:103430003B07882309F4F2C080917401882309F4C2
:1034400099CF81E090913B07911180E024E04FED0E
:1034500058E16D2D0E9469C68981873009F434C115
:1034600093E099878091970490919804A091990492
:10347000B0919A0480930D0790930E07A0930F07C5
:10348000B093100739858885381353C080913B0766
:10349000831709F421C180917401882309F449C07C
:1034A0003885311B3F8381E08A8380913B07988573
:1034B00089131A8280900D0790900E07A0900F0735
:1034C000B090100720E030E0A901C501B4010E94CE
:1034D00037E42DEB37E346E055EB87FD04C02DEBD9
:1034E00037E346E055E3C501B4010E9443EB4B01CD
:1034F0005C0120E030E0A9010E9437E420E030E0E8
:1035000040E05FEB87FD04C020E030E040E05FE397
:10351000C501B4010E9443EB0E9422ECCB010E9442
:103520000E7E00E09C0142EA58E16F818A810E9490
:103530003B2489858F5FA8858A1316C080913B073D
:103540008A1709F41EC180917401882369F0688587
:10355000611B81E090913B07B8859B1380E023E0DD
:1035600043E958E10E9469C689858E5F28858213E8
:1035700023C080913B07821709F414C18091740124
:103580008823D1F08FE893E89F938F9385E898E1A3
:103590009F938F938885811B8F9381E090913B0748
:1035A0003885931380E08F930E942B640F900F90C7
:1035B0000F900F900F900F9089858D5F98858913DC
:1035C00023C080913B07891709F4FBC080917401E7
:1035D0008823D1F086EF97E99F938F9386E798E150
:1035E0009F938F938885811B8F9381E090913B07F8
:1035F000A8859A1380E08F930E942B640F900F9000
:103600000F900F900F900F90B885BF5FB887CB12C7
:10361000ADCE29852C5F209339070EC080912207FB
:1036200010922207882309F407CF0E94908380918B
:103630003A07882309F400CF2996E2E10C9427EB9E
:103640008091220710922207882309F4A0CE20EA55
:103650003AE13093CA062093C90680913A0788233D
:1036600009F495CEE9CF81E0913009F080E020E2C5
:1036700045ED58E16E2D0E9469C68DCE90913B07B5
:103680003885931731F080917401811111C08885BC
:1036900083CE80912207109222078823A1F33092D3
:1036A000CA062092C90680913A07882361F3C4CFE5
:1036B0006885611B81E0A8859A1380E020E242ECD6
:1036C00058E10E9469C6E3CF32E03987BB24B39446
:1036D0006BCE2EEA38E1A2CE80912207109222070B
:1036E000882309F4D8CE0E943FC760910D077091DE
:1036F0000E0780910F07909110070E9427EC4B0155
:10370000F0923A070E94508C83E080937401A2EA01
:10371000B8E1B0933707A09336072DE037E0309338
:10372000350720933407109230071092310710921A
:1037300032071092330740922C0750922D07609267
:103740002E0770922F07B12CA12C80923D079092EA
:103750003E07A0923F07B09240078CE39CE890930D
:10376000432D8093422D86E094E690932B0780931F
:103770002A071092290780913A07882309F48BCEF3
:103780005BCF8091220710922207882309F4DBCEB9
:103790008BE89AE80E947A8C80913A07882309F492
:1037A000D2CE4ACF8091220710922207882309F4B3
:1037B000E5CE0E94838380913A07882309F4DECE08
:1037C0003BCF8091220710922207882309F4FECE76
:1037D000A5D980913A07882309F4F8CE2DCF3885F2
:1037E000323009F44BCF83E089873CCE9885913005
:1037F00009F444CFA2E0A98769CF0E94B57B8ED996
:103800000C943180A4E0B0E0E8E0FCE90C940CEB0F
:10381000382E80E090E0A0E2B1E489839A83AB8304
:10382000BC83C090172DD090182DE090192DF090EA
:103830001A2D20E030E0A901C701B6010E9437E44B
:1038400087FF0CC0A701960160E070E080E291E480
:103850000E9442EB69837A838B839C83CE0101961D
:103860000E94CCC24090A9125090AA126090AB1254
:103870007090AC128090AD129090AE12A090AF12EA
:10388000B090B012332009F448C00E94273C60E099
:1038900089EF9BE152D88091380590913905803AA3
:1038A00091050CF459C08091190790911A07C2979D
:1038B00044F482E390E090931A07809319070E94E2
:1038C0005E1820E030E040E05FE3609134057091E5
:1038D000350580913605909137050E9443EB0E9493
:1038E00022EC6F39710524F461E080E00E943668B3
:1038F00020E030E040E05FE360911507709116072B
:1039000080911707909118070E9443EB0E9422ECC8
:103910006133710524F440D802C00E94E63B19824D
:103920001A821B821C82E090B112F090B2120091B8
:10393000B3121091B412CE0101966C01A50194014D
:10394000C301B2010E94387930924D070E94A67BD4
:103950002496E1E10C9428EB80EA90E00E947A6BD7
:10396000A2CF2F923F924F925F926F927F928F924F
:103970009F92AF92BF92CF92DF92EF920F931F93DD
:10398000CF93DF93C82FC82ED12CF601EA50F44E06
:10399000D4918230A1F580914D07811102C081E060
:1039A00031DF0E94273C8111D0C082EF9BE10E9451
:1039B000962620E030E0A9010E9437E48823F9F040
:1039C0006D2FDD0F770B880B990B0E943DE44B01A7
:1039D0005C0182EF9BE10E9496262B013C0120E0D6
:1039E00030E040EA50E40E9437E4D1E087FF1CC099
:1039F000412C512C90EA692E90E4792E15C06D2F40
:103A0000DD0F770B880B990B0E943DE44B015C01A5
:103A1000C601880F991F880F991F8651944E0E94E6
:103A200096262B013C01D0E0A5019401C301B2010F
:103A30000E949CE42B013C011601220C331C220C39
:103A4000331CC1018252944E0E949626EE24E394C8
:103A5000ED2620E030E040EC5FE30E949CE4A5010D
:103A600094010E949CE4AB01BC0100E010E09801CD
:103A70008C2F0E94DE94C23009F096C00E94E63B73
:103A800020E030E0A901C301B2010E9437E400E068
:103A900010E020E830E4811194C081E090E00C2E29
:103AA00001C0880F0A94EAF790914C07982B9093E5
:103AB0004C079091AB05892B8093AB05C1018355D1
:103AC000944E0E949626F101E755FD4E6083718366
:103AD00082839383C230D1F42091172D3091182D19
:103AE0004091192D50911A2D6091B1127091B2121E
:103AF0008091B3129091B4120E9442EB6093B11284
:103B00007093B2128093B3129093B4121092840403
:103B1000109283040E948F7AF101EB57FB4FD10181
:103B2000A755BD4E8D919D910D90BC91A02D808388
:103B30009183A283B383C23041F40E949C2605C0C6
:103B40000E94273C882309F446C0DF91CF911F9142
:103B50000F91EF90DF90CF90BF90AF909F908F909C
:103B60007F906F905F904F903F902F900895F60157
:103B7000E552F44E6491611107C00E94D53989EB7A
:103B80009BE10E94BD336AE070E090E080E00E941B
:103B90003BE49B01AC0160E070E086E193E40E94AD
:103BA000BAEB8B019C0126C020E030E0A901C301E3
:103BB000B2010E9437E400E010E09801882309F484
:103BC0006CCFE12CB301A20170588C2F0E94DE94BF
:103BD000C23009F4B5CFA3019201C301B2010E9422
:103BE00043EB2B013C01C23009F0C1CF00E010E0F3
:103BF00020E030E4EE24E394B301A2018C2F0E9474
:103C0000DE94C23009F049CF0E94E63B46CFCF9305
:103C100080914805811109C08EE497E190938C054D
:103C200080938B0581E0809348050E94508C20E0B2
:103C300040E070E060E082E694E60E94187FC1E018
:103C4000C09376040E944D6C0E949083C0937604CA
:103C500060E083EC99E20E949D948AE497E190935E
:103C6000CA068093C906CF910895A5E0B0E0EBE3C2
:103C7000FEE90C940BEB90915B0780919C2E442401
:103C80004394913051F082FB442440F882FF05C0F8
:103C900087FB442440F891E0492684FB662460F8C1
:103CA000212C84FF03C00E940D2B282E0E944BC79D
:103CB000209138072C83522E2B5F298380E005ED5D
:103CC00019E191E0392E3518752C719497E0E92EA1
:103CD0009EE9F92E22EFC22E29E1D22E92E095190B
:103CE0009A8393E095199B8331E9832E39E1932ED2
:103CF00046EAA42E49E1B42E9C812981921709F449
:103D000007C2992349F141106AC00E942F318823CC
:103D100009F47CC19C81913009F446C122E02D83D5
:103D20002C818D81281361C180913B07281709F4EC
:103D300070C180917401882309F457C16C816519A1
:103D400081E090913B072C81921380E023E04EECC0
:103D500059E10E9469C649C180913B07882379F1E6
:103D600080917401882379F281E090913B07911151
:103D700080E024E04EEF59E1672D0E9469C644209F
:103D800021F224E02D839C812D8192134AC08091E1
:103D90003B07981709F44EC180917401882309F4F8
:103DA00040C06C81651981E090913B072C81921392
:103DB00080E023E042EC59E10E9469C632C0809164
:103DC000220710922207882359F20E949083809143
:103DD0003A07882329F22596E2E10C9427EB8C819F
:103DE000813009F481C0823009F4A8C09C819330ED
:103DF00041F680913B07833009F4C5C0809174017E
:103E0000882309F4BECF81E090913B07933009F0FD
:103E100080E023E042EE59E16B810E9469C684E0B4
:103E20008D838D818F5F9C81981316C080913B0795
:103E3000981709F410C180917401882369F06C818E
:103E4000651981E090913B072C81921380E023E07B
:103E500044EB59E10E9469C68D818E5F662009F4AA
:103E60002EC121103DC09C8198131DC080913B073D
:103E7000981709F401C1809174018823A1F01F9261
:103E8000BF92AF928C8185198F9381E090913B070F
:103E90002C81921380E08F930E942B640F900F90DF
:103EA0000F900F900F908D818D5F9C81981316C09D
:103EB00080913B07981709F4F1C080917401882321
:103EC00069F06C81651981E090913B072C81921318
:103ED00080E023E045E959E10E9469C68D818C5F4D
:103EE0009C819F5F9C8308CF80913B078130D1F0FC
:103EF00080917401882309F444CFFF92EF92DF92FE
:103F0000CF923F9281E090913B07913009F080E0A1
:103F10008F930E942B640F900F900F900F900F9033
:103F20000F902FCF8091220710922207882301F350
:103F30006EDE80913A078823D9F24DCF80913B07FE
:103F4000823091F080917401882309F41ACF81E0C6
:103F500090913B07923009F080E023E047EE59E171
:103F60006A810E9469C60DCF8091220710922207B4
:103F7000882341F38DE29AE80E947A8C80913A0777
:103F8000882301F328CF80912207109222078823EB
:103F900009F434CF88E89CE80E947A8C80913A0733
:103FA000882309F42BCF17CF80913B07813009F18B
:103FB00080917401882309F4B1CE81E59DE79F9338
:103FC0008F931F930F933F9281E090913B07913025
:103FD00009F080E08F930E942B640F900F900F9058
:103FE0000F900F900F9082E08D838D818F5F8D8376
:103FF000CACE80912207109222078823C9F20E941C
:10400000517D80913A07882399F2E5CE91E09D8316
:1040100087CE8091220710922207882309F489CE47
:1040200089EB9FE80E947A8C80913A07882309F4F3
:1040300080CED1CE8091220710922207882309F4E6
:10404000ABCE84E29EE80E947A8C80913A07882366
:1040500009F4A2CEC0CE80912207109222078823B5
:1040600009F4E9CE87EF97E90E947A8C80913A07AC
:10407000882309F4E0CEAFCE809122071092220768
:10408000882309F4F8CE80E899E10E940E7F8091A0
:104090003A07882309F4EFCE8C8122CF8091220742
:1040A00010922207882309F408CF89E39AEA0E9434
:1040B0007A8C80913A07882309F4FFCEEDCF9C815A
:1040C000981314C090913B072C81291791F080918F
:1040D0007401882359F06C81651981E02C812913C2
:1040E00080E020E244E859E10E9469C68D818D5F3D
:1040F000F7CE8091220710922207882341F39092F5
:10410000CA068092C90680913A07882301F3C4CF7A
:104110008093390760CE10927204109273010E944E
:104120000D2B90919C2E80FB97F990939C2E60E034
:104130008CE397E10E949D940C9431800F931F9320
:104140000E94DAC900916E0410916F0420917004EE
:1041500030917104601B710B820B930B97FD0CC0A7
:1041600089B183FB882780F991E089274A9B826087
:10417000309B846080936D0480916D048170909178
:104180006D0491FD826090914705981749F0813048
:1041900009F148F0823079F0833091F0809347053F
:1041A0001F910F910895913079F09230B9F7909165
:1041B0006C0491500CC0992339F09330C1F3EECFC9
:1041C0009130A9F3923051F790916C049F5F9093D6
:1041D0006C04E4CF992359F3933001F7F5CF1F9383
:1041E000CF93DF938091680190914D068F3708F44B
:1041F0008CC08F57917020913A05920F90934D0685
:10420000923008F47EC05D9A90914C069170209196
:104210001B07920F90934C06923008F474C05C9A7E
:1042200020914B06217090912A059695920F9093BC
:104230004B06923008F476C02C9A8E5F809368010A
:1042400080914A0691E0892780934A06811176DFA2
:104250008091670191E0980F85300CF090E08230FA
:1042600009F4AFC00CF060C0882309F475C0813038
:1042700009F49CC090936701C0912805D09129054D
:10428000209709F42DC0F89413B1147082E00E94B5
:10429000656B00C000C01C161D060CF0C0C02A9A39
:1042A00000C000C02B9A00C0000082E090E001979F
:1042B000F0F72B9800C000C0112309F4B2C02A9A6D
:1042C00000C000C0789480912805909129051C16A3
:1042D0001D060CF0A8C0019790932905809328052E
:1042E0000E94856E80919E0790919F07009729F00C
:1042F000019790939F0780939E07DF91CF911F9125
:1043000008955D9881CF5C988BCF891708F05D98F0
:1043100090914C06891708F05C9890914B0689178C
:1043200008F48BCF2C9889CF843009F461C00CF449
:104330005BC0853009F09ECF20914906211102C053
:1043400080934906809149068150809349068823CD
:1043500009F490CF95E08ECF809166018F5F803118
:104360001CF48093660186CF109266018091270528
:10437000811113C020913005309131053093330500
:1043800020933205209111073091120730931407C2
:104390002093130781E08093270510923105109236
:1043A0003005109212071092110764CF10927B0013
:1043B00087E480937C0080917A00806480937A0007
:1043C00059CF80917A0086FD26C0409178005091A7
:1043D00079002091300530913105240F351F30933D
:1043E00031052093300546CF10927B0086E4E1CF63
:1043F00080917A0086FD11C040917800509179003B
:104400002091110730911207240F351F30931207A6
:10441000209311072FCF92E02DCF94E02BCF2A9835
:104420003FCF2A984DCF019657CFA2E1B0E0EBE104
:10443000F2EA0C9417EB0E94E5788823D1F1EDB6EF
:10444000FEB642E752E082FF02C043E752E022E7B5
:1044500032E081FF02C025E732E080FD27C082E71D
:1044600092E05F934F933F932F939F938F938BE9AA
:104470009BE19F938F938E010F5F1F4F1F930F93AD
:104480000E94D0E30E94D539C8010E9462CD0E94EB
:104490005CCDC8010E9458B10FB6F894DEBF0FBEC4
:1044A000CDBF81E06296E6E00C9433EB87E792E0C3
:1044B000D8CF80E0F7CFCF92DF92EF92FF921F9399
:1044C000CF93DF93CDB7DEB72C970FB6F894DEBF4E
:1044D0000FBECDBF182F6B017A0180910C0783307E
:1044E00090F00E94D239C6010E94BD3386E994E261
:1044F0000E94BD331F3FA9F582E994E20E94BD33BB
:104500008AE00E946C330E94CC69A89580912E06A7
:10451000811139C081E080932E0682E080930C07E0
:104520000E94CC6987E081DF811111C08CE0E3E15A
:10453000F2E0DE01119601900D928A95E1F7BE013D
:104540006F5F7F4F80E00E94827E0E944D6C69E821
:1045500074E21F3F11F06DE874E240E0C7010E9471
:104560006E3C17FDCDCF80E994E20E94BD33612FF0
:10457000012E000C770B880B990B0E943DB18AE04D
:104580000E946C33BDCF2C960FB6F894DEBF0FBEE1
:10459000CDBFDF91CF911F91FF90EF90DF90CF9033
:1045A00008954F925F926F927F929F92AF92BF92C7
:1045B000CF92DF92EF92FF920F931F93CF93DF93EF
:1045C000EC016B015A01922E81E090E02FEF9216E0
:1045D00011F090E080E025E0289FF001299FF00D88
:1045E0001124E35EFA4F8481882309F456C01C82AB
:1045F0001D821E821F8218868C818230A1F083303A
:1046000009F47CC08130C9F52D813E814F815885E8
:10461000F60160817181828193810E9437E487FD78
:104620002CC082E08C830E94DAC92B013C01B701C7
:10463000FF0C880B990B0E943DE49B01AC016D813E
:104640007E818F8198850E9442EB9B01AC01F6012F
:1046500060817181828193810E94A6EC87FD42C0B6
:104660009801A8EEB3E00E94B3EA460E571E681EFA
:10467000791E488259826A827B82DF91CF911F9195
:104680000F91FF90EF90DF90CF90BF90AF909F90F1
:104690007F906F905F904F900895F501408051801A
:1046A00062807380A30192016D817E818F819885E4
:1046B0000E9437E4882309F49FCF4D825E826F8287
:1046C00078867724739420E030E0A901F5016081B9
:1046D0007181828193810E94A6EC18160CF0712CD6
:1046E0007C828ACF88819981AA81BB81481A590A24
:1046F0006A0A7B0A77FCC1CF83E08C834EE155E2E6
:104700006EE275E2892DD7DEB8CFCF93DF93A895FF
:1047100080913205909133050E942DB2609334054B
:104720007093350580933605909337058091130774
:10473000909114070E94E46960931507709316071F
:104740008093170790931807C0913205D0913305D5
:1047500080916D0190916E01C817D90734F440EE35
:1047600054E26DEE74E280E0A6DE8091380590910F
:104770003905181619066CF480916B0190916C0143
:104780008C179D0734F44FEF54E26CE075E280E043
:1047900092DE20911307309114078091C206909108
:1047A000C3062817390734F440EE54E26DEE74E284
:1047B0008FEF81DE8091190790911A07181619065C
:1047C0008CF4209113073091140780916901909126
:1047D0006A018217930734F44FEF54E26CE075E2FC
:1047E0008FEF69DEDF91CF910895A0E1B0E0EBEFAC
:1047F000F3EA0C940BEB80910C07811106C0A8958D
:104800006096E2E10C9427EB4EC38091480681113B
:10481000F7CF81E08093480680911C0581110FC07D
:1048200080911B05811172C18091270581110EC0F5
:10483000109248066096E2E10C9427EB34C341E005
:1048400070E060E082ED94E20E946E3C5EDF1092C8
:1048500027050E94DAC94B015C01609171017091DA
:104860007201072E000C880B990B0E943DE49B01FE
:10487000AC016091340570913505809136059091B9
:1048800037050E94A6EC18160CF499C280912105F8
:10489000882309F479C26091380570913905072E93
:1048A000000C880B990B0E943DE469837A838B830B
:1048B0009C8324E0E22EF12C08E210E020E0AE011F
:1048C0004F5F5F4F64E375E085ED9CE26ADEC09068
:1048D0003405D0903505E0903605F09037056091AD
:1048E0006F0170917001072E000C880B990B0E94CC
:1048F0003DE49B01AC01C701B6010E94A6EC18166D
:104900000CF410C160E060933A05809150069091DC
:104910005106A0915206B09153060097A105B1052A
:1049200069F1A5019401281B390B4A0B5B0BDA01D5
:10493000C901B7FD23C0C701B6010E9422EC209136
:104940004E0630914F06621773070CF46FC2209128
:104950003805309139052115310541F06E5F7F4FE3
:1049600024503109621773070CF46EC2109250067E
:1049700010925106109252061092530620E030E039
:104980004AEF52E46091150770911607809117075E
:10499000909118070E94A6EC18160CF422C2809180
:1049A000170590911805A0911905B0911A05009767
:1049B000A105B10599F1A5019401281B390B4A0BFA
:1049C0005B0BDA01C901B7FD29C060911507709131
:1049D000160780911707909118070E9422EC2091EA
:1049E000150530911605621773070CF418C2209153
:1049F000190730911A072115310541F06E5F7F4F7D
:104A000024503109621773070CF431C21092170554
:104A1000109218051092190510921A0580914406FB
:104A200090914506A0914606B0914706A5019401D4
:104A3000281B390B4A0B5B0BDA01C901B7FDF8CE15
:104A4000D501C40188579C4EAF4FBF4F8093440699
:104A500090934506A0934606B0934706809126059D
:104A6000882309F4C5C16091190770911A07072EB0
:104A7000000C880B990B0E943DE469837A838B8339
:104A80009C8382E0E82EF12C04E110E02FEFAE01D0
:104A90004F5F5F4F65E177E08EED9CE282DD8091B4
:104AA000260581119AC1C0901507D0901607E09095
:104AB0001707F090180720E030E040EA50E4C70103
:104AC000B6010E94A6EC87FD88C120E030E04AEFE5
:104AD00052E4C701B6010E9437E418160CF47DC1F8
:104AE0006091190770911A07072E000C880B990B1B
:104AF0000E943DE49B01AC01C701B6010E9437E46E
:104B000087FFA0C18FE780931B0792CE10921B05F1
:104B10000E94C6780E944D6C8EEF0E94077A0E9418
:104B20008F7A82CE6091710170917201072E000C14
:104B3000880B990B0E943DE49B01AC01C701B601B3
:104B40000E9437E487FFDECE609138057091390509
:104B50006115710509F471C1072E000C880B990BC2
:104B60000E943DE4A70196010E9442EB2B013C010B
:104B700020E030E040E251EC0E9437E487FD5DC167
:104B800080912105811159C120E030E040E251E4DB
:104B9000C301B2010E94A6EC18160CF47BC18091EF
:104BA0004306882391F010923F061092400610921F
:104BB00041061092420610923B0610923C0610925B
:104BC0003D0610923E061092430680913B0690915E
:104BD0003C06A0913D06B0913E068D839E83AF8337
:104BE000B887A701960160912F06709130068091D9
:104BF0003106909132060E9442EB2091430530919C
:104C0000440540914505509146050E949CE42D8144
:104C10003E814F8158850E9442EB20ED3CEC4CE4F4
:104C20005DE30E949CE42D813E814F8158850E9466
:104C300043EB6D837E838F83988760933B067093ED
:104C40003C0680933D0690933E0620913F053091AF
:104C50004005409141055091420529873A874B878D
:104C60005C8720913F06309140064091410650916B
:104C70004206C301B2010E9443EB162F072F382EC4
:104C8000292E20E030E0A9010E9437E487FD06C10B
:104C900029853A854B855C8560E070E08FE793E479
:104CA0000E94BAEB6D877E878F87988B212F302FDC
:104CB000432D522D0E9437E487FF04C01D850E85C9
:104CC0003F842888812F902FA32DB22D80933F06FB
:104CD00090934006A0934106B093420620913B0575
:104CE00030913C0540913D0550913E05C301B20114
:104CF0000E949CE42B013C01409233065092340602
:104D00006092350670923606212F302F432D522D9A
:104D100069857A858B859C850E949CE49B01AC010A
:104D200020933706309338064093390650933A065D
:104D3000C301B2010E9443EB2D813E814F81588512
:104D40000E9443EB20E030E0A9010E9443EB2B01DD
:104D50003C0120E030E0A9010E9437E487FD70C0EB
:104D600020E030E04FE753E4C301B2010E94A6EC1B
:104D7000181664F56FE7C0922F06D0923006E092C5
:104D80003106F0923206BFCD80911D0590911E052F
:104D9000A0911F05B09120050097A105B10509F468
:104DA0007ACDA5019401281B390B4A0B5B0BDA0164
:104DB000C901B7FD70CD81E0809321056CCD40EE37
:104DC00054E26DEE74E280E076DB60CDC301B201A7
:104DD0000E9422EC75956795CECF10921B075C98C8
:104DE00027CD40EE54E26DEE74E28FEF64DBD7CD59
:104DF0008091220590912305A0912405B09125056D
:104E00000097A105B10509F42ECE881A990AAA0ABD
:104E1000BB0AB7FC28CE81E08093260524CE44EB64
:104E200054E263EC74E28FEF46DBF8CD44EB54E2DE
:104E300063EC74E280E03FDBA1CD81E08093430628
:104E400060E099CF80E05FCE70934F0660934E068E
:104E50000E94DAC9605E714B8F4F9F4F609350067E
:104E600070935106809352069093530687CD7093AA
:104E70001605609315050E94DAC9605A75418F4F77
:104E80009F4F6093170570931805809319059093B1
:104E90001A05C4CD81E0809343066CCF10E000E09A
:104EA000312C212C0FCFA0E2B0E0E9E5F7EA0C9419
:104EB0000BEB80913E01882309F4BEC08091AB05C5
:104EC000082F10E080FF3CC0C0904001D09041010D
:104ED000E0904201F09043012091850430918604D6
:104EE0004091870450918804C701B6010E94A6EC46
:104EF000181644F4C0928504D0928604E092870488
:104F0000F0928804C0904C01D0904D01E0904E0189
:104F1000F0904F01209185043091860440918704E0
:104F200050918804C701B6010E9437E487FF08C08A
:104F3000C0928504D0928604E0928704F09288049F
:104F400001FF3CC0C0904401D0904501E090460173
:104F5000F09047012091890430918A0440918B049C
:104F600050918C04C701B6010E94A6EC181644F4B7
:104F7000C0928904D0928A04E0928B04F0928C044F
:104F8000C0905001D0905101E0905201F090530137
:104F90002091890430918A0440918B0450918C04B3
:104FA000C701B6010E9437E487FF08C0C092890498
:104FB000D0928A04E0928B04F0928C0402FF3CC0F1
:104FC000C0904801D0904901E0904A01F0904B0117
:104FD00020918D0430918E0440918F045091900463
:104FE000C701B6010E94A6EC181644F4C0928D04C5
:104FF000D0928E04E0928F04F0929004C0905401FD
:10500000D0905501E0905601F090570120918D0409
:1050100030918E0440918F0450919004C701B601E5
:105020000E9437E487FF08C0C0928D04D0928E049E
:10503000E0928F04F09290048091601283FD32C060
:105040002091B5123091B6124091B7125091B8121A
:1050500060919104709192048091930490919404D2
:105060000E9437E48823F1F00E94BD6B8823D1F0C1
:105070000E94D53980E89BE10E94BD338091910464
:1050800090919204A0919304B09194048093B512EE
:105090009093B612A093B712B093B81281E994E03E
:1050A0000E9485772AE037ED43E25CE360913801A6
:1050B0007091390180913A0190913B010E949CE4EA
:1050C0006B017C016091360170913701072E000C55
:1050D000880B990B0E943DE49B01AC01C701B6010E
:1050E0000E949CE4698B7A8B8B8B9C8B80919504BE
:1050F000882309F18090970490909804A0909904D7
:10510000B0909A04C0908D04D0908E04E0908F04EB
:10511000F090900420E030E0A901C501B4010E94A4
:1051200037E48823F9F0A5019401C701B6010E9474
:1051300037E487FD17C020E030E0A901BE016F5EB3
:105140007F4F85E894E00E94F3C180E1E5E8F4E058
:10515000A9EAB2E101900D928A95E1F7A096E2E109
:105160000C9427EB2091A9123091AA124091AB1216
:105170005091AC12609185047091860480918704EF
:10518000909188040E9442EB6D8B7E8B8F8B988F61
:105190002091AD123091AE124091AF125091B012E9
:1051A0006091890470918A0480918B0490918C04A1
:1051B0000E9442EB698F7A8F8B8F9C8F2091B11266
:1051C0003091B2124091B3125091B412C701B6019E
:1051D0000E9442EB6D8F7E8F8F8F98A32091B51226
:1051E0003091B6124091B7125091B812609191046B
:1051F0007091920480919304909194040E9442EBE8
:105200006B017C0120E030E0A9016D897E898F89E6
:10521000988D0E9437E481110CC020E030E0A90194
:10522000698D7A8D8B8D9C8D0E9437E4882309F4DB
:1052300082CF2D893E894F89588DCA01B9010E94BC
:105240009CE44B015C01298D3A8D4B8D5C8DCA012C
:10525000B9010E949CE49B01AC01C501B4010E940C
:1052600043EB4B015C012D8D3E8D4F8D58A1CA0142
:10527000B9010E949CE49B01AC01C501B4010E94EC
:1052800043EB4B015C01A7019601C701B6010E94E7
:105290009CE49B01AC01C501B4010E9443EB0E9458
:1052A000DFEC4B015C012DEB37E346E855E30E9450
:1052B00037E487FF0FC020E030E0A901C701B60145
:1052C0000E94A6EC4601570187FF04C0B7FAB094CC
:1052D000B7F8B0942DEB37E346E855E3C501B401C8
:1052E0000E9437E487FD31CF20E030E040EA50E40F
:1052F000C501B4010E94BAEB0E9427EC1B01672B89
:1053000019F422242394312CB10190E080E00E9412
:105310003BE49B01AC0160E070E080E89FE30E9409
:10532000BAEB2B013C01AC019B01C501B4010E9409
:105330009CE44B015C01A30192016D897E898F89F8
:10534000988D0E949CE46D8B7E8B8F8B988FA30130
:105350009201698D7A8D8B8D9C8D0E949CE4698F62
:105360007A8F8B8F9C8FA30192016D8D7E8D8F8D97
:1053700098A10E949CE46D8F7E8F8F8F98A3A301CC
:105380009201C701B6010E949CE46B017C0180E19F
:10539000E9EAF2E18E010F5F1F4FD80101900D92F3
:1053A0008A95E1F70E94DAC92B013C0128EC420EF4
:1053B000511C611C711C81E0281A310809F454C089
:1053C0000E94DAC99B01AC01241935094609570925
:1053D00057FD4DC02B013C0128EC420E511C611CB5
:1053E000711C80E00E94183D2D893E894F89588D9F
:1053F00069817A818B819C810E9443EB69837A83E6
:105400008B839C83298D3A8D4B8D5C8D6D817E8144
:105410008F8198850E9443EB6D837E838F8398876D
:105420002D8D3E8D4F8D58A169857A858B859C8504
:105430000E9443EB69877A878B879C87A701960137
:105440006D857E858F8598890E9443EB6D877E8769
:105450008F87988BA5019401BE016F5E7F4FC801B5
:105460000E94F3C18111A7CFA501940167CEBDD9D8
:10547000BBCFACE3B0E0EFE3FAEA0C940BEB809126
:105480003C07882369F180919C2E10E000E084FFA6
:1054900023C08FE99CE20E943FD18BE1EFE9FCE25F
:1054A000DE01919601900D928A95E1F710E000E0FF
:1054B000BE016F5F7F4FCE0181960E9419D01816F2
:1054C0003CF4CE0101960E947FCE080F111DF0CF53
:1054D000CE0181960E94B2CE10938F0500938E0567
:1054E0000E944BC710913807312E85E0810F8CAF99
:1054F000212E21948CE2A82E80E6B82E9BE3892EE3
:105500009AE1992E01E0011B20E4622E2AE1722E1D
:10551000111113C080913B07882391F18091740190
:10552000882359F081E090913B07911180E024E0BD
:1055300049E45AE1622D0E9469C680919C2E86FF43
:105540003EC01130D9F480913B07813049F1809100
:105550007401882309F43DC11F927F926F920F93CB
:1055600081E090913B07913009F080E08F930E9499
:105570002B640F900F900F900F900F9082E04FC010
:105580008091220710922207882341F20E94908383
:1055900080913A07882311F2EC96E2E10C9427EB14
:1055A0008091220710922207882389F210923807EF
:1055B0000E9423CE80913A07882349F2EDCF84FFE1
:1055C0002DC01130D9F680913B078130D1F0809108
:1055D0007401882309F4FDC0BF92AF929F928F920D
:1055E0000F9381E090913B07913009F080E08F9319
:1055F0000E942B640F900F900F900F900F900F90C0
:10560000BDCF8091220710922207882301F30E94C8
:105610002C6080913A078823D1F2BECF81E090912F
:105620007401992309F4D6C0582ED12CC12C412ED7
:105630004318852DE0908E05F0908F05CE14DF0481
:1056400008F0C8C05112A4C091E0E91AF108EC18A2
:10565000FD088FE99CE20E943FD18BE1EFE9FCE27B
:10566000DE01919601900D928A95E1F7F12CBE0131
:105670006F5F7F4FCE0181960E9419D018167CF47F
:10568000CE0101960E947FCE882389F3EF106AC075
:10569000BE016F5F7F4F8EE497E00E949ACECE01ED
:1056A00081960E94B2CE80919C2E90913B0785FFFF
:1056B00074C0911362C08091220710922207882340
:1056C00009F45BC019821C828091A22C6AEB7CE2F7
:1056D000882311F06FE97CE24EE457E0CE01019699
:1056E0000E9417D2882309F43FC08BE1FE01319656
:1056F000AFE9BCE201900D928A95E1F780919C2E72
:105700008F7B80939C2EA091912EAA3080F481E013
:105710008A0F8093912E8BE18A9FD0011124AD577F
:10572000B24DEFE9FCE201900D928A95E1F7CE01CE
:1057300001960E94B2CE1092380782E090E0A0E07D
:10574000B0E080933D0790933E07A0933F07B0934E
:10575000400781E080933A071092750483E08093BC
:1057600074011ACFF39483CF0E94D5396EE477E0A9
:1057700085E29AE10E9483CDDACF8091740188237B
:1057800039F081E0911380E041E0642D0E94A7C6CA
:105790008FEFC81AD80A53944CCF911759F08091C3
:1057A00074018823A9F381E090913B07911380E075
:1057B00040E0EBCF8091220710922207882379F3F3
:1057C00089EE99E80E947A8C80913A07882339F310
:1057D000E3CE82E01F5F9CAD91139ACE8093390790
:1057E000DBCEFC0120818091822C9091832C92272A
:1057F00028E0AC01880F991F57FD07C02150C9F759
:105800009093832C8093822C0895F1E28F27F0E10E
:105810009F27F4CFFC01808108953FB7F8948091D1
:10582000A72E9091A82EA091A92EB091AA2E26B5B0
:10583000A89B05C02F3F19F00196A11DB11D3FBFC8
:10584000BA2FA92F982F8827BC01CD01620F711D97
:10585000811D911D42E0660F771F881F991F4A9591
:10586000D1F70895B0E0A0E0E8E3FCEA0C9413EB74
:105870006C017B018B01040F151FEB015E01AE185B
:10588000BF08C017D10759F06991D601ED91FC917D
:105890000190F081E02DC6010995892B79F7C501AA
:1058A000CDB7DEB7EAE00C942FEB089580E00895C1
:1058B000FC018491882321F0823011F083E0089567
:1058C00086E00895EF92FF920F931F93CF93DF939B
:1058D000EC01162FEC80FD80F7010491C701E8DF91
:1058E000A82F013039F10FEF2C813D81F9013A9653
:1058F0004491319654913397649131968491113645
:10590000D8F070E0762F6627860F972F911D0097AD
:1059100099F08E0D9F1D41E6511720F5188A1B8ABC
:105920001C8A198A1A8A90E080E0CDB7DEB7E6E0DB
:105930000C9433EB0FE0D8CFF90136966491319691
:105940008491113460F070E0762F6627860F972FD0
:10595000911D009721F08E0D9F1D41E4DDCFC70101
:105960004196DACF5417D0F2B0E0FC0164916F3F5A
:1059700029F40196451791F24F5FF7CF411333C0D9
:10598000F9012491AC014F5F5F4FFC01222311F01C
:10599000223091F424912B8BFA0144914C8BFC0121
:1059A0003396E491E88BFC013496E491E98BFC0199
:1059B0003596E491EA8BB9CF2491322F3F70325063
:1059C0003A8B22952F70298BFA014491242F2F7046
:1059D0002C8B42954F704B8BFC013296E491E295F3
:1059E000EF70E88BA2CF3296649160236A0F7B2F11
:1059F000711D860F971FBECF81E008950F93FC01A4
:105A00000150040F84A996A9941788F0081710F480
:105A1000041778F42150260F83A995A9961758F0FA
:105A2000281760F481E0261720F40F9108950817D5
:105A300078F780E0FACF2817A8F7FBCF81E0F5CF01
:105A40008BE1EAEBFCE2AFE9BCE201900D928A95B2
:105A5000E1F780919C2E806480939C2E1092912E71
:105A60000895CF92DF92EF92FF92C090F630D090DF
:105A7000F730E090F830F090F930C616D706E80617
:105A8000F90601F16B017C018091FA309091FB30B5
:105A9000DC01ED91FC910088F189E02D26EF3EE2DA
:105AA000B701A6010995882341F0C092F630D09243
:105AB000F730E092F830F092F930FF90EF90DF90FD
:105AC000CF90089581E0F9CF8F929F92AF92BF92CD
:105AD000CF92DF92EF92FF920F931F93CF93909309
:105AE000FB308093FA301092133182E090E0A0E016
:105AF000B0E08093FC309093FD30A093FE30B093E3
:105B0000FF308FEF9FEFDC018093F6309093F730FA
:105B1000A093F830B093F930662309F46FC040E0E9
:105B200060E070E0CB019DDF81110EC0C0E08C2FE2
:105B3000CF911F910F91FF90EF90DF90CF90BF908A
:105B4000AF909F908F9008958091B4308F7771F7C8
:105B50008091C0309091C130A091C230B091C330DB
:105B600084369105A105B10508F3C090BC30D090F2
:105B7000BD30E090BE30F090BF30C114D104E104DC
:105B8000F104A1F240E0C701B6016BDFC82F882302
:105B900069F28091012F9091022F8115924031F688
:105BA000A091062FAA2309F4C1CF6091042F709110
:105BB000052F6115710509F4B9CF8091032F882352
:105BC00009F4B4CFA0930E3180930031F0E0E0E00F
:105BD00090E041E050E09A010E2E02C0220F331FE8
:105BE0000A94E2F78217930769F021E02E0F3196AD
:105BF000E930F10581F72093093198CFC12CD12CE0
:105C00007601C0CFE093093120910C2F30910D2FF8
:105C100050E040E02115310541F420911A2F3091D8
:105C20001B2F40911C2F50911D2F20930131309339
:105C30000231409303315093043146015701860EDF
:105C4000971EA11CB11C80920F3190921031A0922E
:105C50001131B09212310091072F1091082F10933B
:105C6000153100931431B0E00E94A3EADC01CB01AE
:105C7000880D991DAA1DBB1D809316319093173175
:105C8000A0931831B093193125E0000F111F2A9508
:105C9000E1F701501E4F012F11270695800F911F2C
:105CA000A11DB11D80930A3190930B31A0930C314B
:105CB000B0930D310091092F10910A2F30E020E0B0
:105CC0000115110541F40091162F1091172F209105
:105CD000182F3091192FC81AD90AEA0AFB0AC00EE8
:105CE000D11EE21EF31E04C0F694E794D794C79425
:105CF000EA95D2F7C0920531D0920631E092073191
:105D0000F092083185EFC8168FE0D806E104F1045F
:105D100020F48CE08093133109CF80E125EFC21687
:105D20002FEFD206E104F10488F08091222F9091A8
:105D3000232FA091242FB091252F8093163190937B
:105D40001731A0931831B093193180E28093133149
:105D5000EECEB0E0A0E0EFEAFEEA0C9415EBFC0119
:105D600081859285A385B4850196A11DB11D8417F7
:105D70009507A607B70730F480E0CDB7DEB7E8E0B7
:105D80000C9431EB87898031A9F5BB27A72F962F7B
:105D9000852FC388D488E588F6888C0D9D1DAE1D9F
:105DA000BF1DE9016A017B018F014091F6305091DE
:105DB000F7306091F8307091F93084179507A60795
:105DC000B70749F5F8018789803161F5B701A60168
:105DD000552766277727440F551F4A50514DFA0122
:105DE00080819181B0E0A0E088839983AA83BB83FE
:105DF00081E0C3CF803209F0BFCFC388D488E58863
:105E0000F688DB01CA01C7E0B695A79597958795F7
:105E1000CA95D1F7C2CF40E0BC01CD0122DE81118D
:105E2000D1CFAACFB701A6014F775527662777278D
:105E3000440F551F440F551F4A50514DFA018081A0
:105E40009181A281B381BF70CFCF4F925F926F9249
:105E50007F92AF92BF92CF92DF92EF92FF920F9319
:105E60001F93CF93DF9300D000D0CDB7DEB78C0166
:105E700049835A836B837C835901C12CD12C7601D1
:105E8000412C82E0582E612C712C49815A816B8102
:105E90007C819E012F5F3F4FC8015BDF882319F192
:105EA000F8018585A301920104C0220F331F441F0E
:105EB000551F8A95D2F7DA01C901C80ED91EEA1E0C
:105EC000FB1E49815A816B817C8187898031F1F485
:105ED00081E0483F5F4F61057105B8F2F501C0826E
:105EE000D182E282F3820F900F900F900F90DF919A
:105EF000CF911F910F91FF90EF90DF90CF90BF90C7
:105F0000AF907F906F905F904F90089581E0483FF1
:105F10005F4F6F4F7F4008F4B8CFE0CF0F931F93D0
:105F2000CF93DF93FC012381222331F080E0DF91C6
:105F3000CF911F910F9108958B01EC01FB0187898F
:105F4000803139F582E08B831D8A1E8A1F8A188E64
:105F5000808D918DB0E0A0E025E0880F991FAA1FE9
:105F6000BB1F2A95D1F7898B9A8BAB8BBC8B1A8F71
:105F7000098F81E08983188619861A861B861C8200
:105F80001D821E821F82188A1C861D861E861F8601
:105F9000CECF803259F683E08B83428D538D648D52
:105FA000758D4D8B5E8B6F8B788F9E012F5E3F4F73
:105FB000C8014BDF8111DBCFB9CF80E0089580E0CD
:105FC000089580E0089580E008951F93CF93DF93B4
:105FD000EC018F81833039F089E0440F551F661F33
:105FE000771F8A95D1F79A01AB0162E1CE010E9439
:105FF000846411E0882319F010E085E08C83CE01E1
:106000000E947C64812FDF91CF911F9108951F938F
:10601000CF93DF93EC010E946F6420E030E0A90190
:106020006CE0CE010E94846411E0882319F010E036
:1060300083E08C83CE010E947C64812FDF91CF911D
:106040001F910895A9E1B0E0E8E2F0EB0C940BEBAE
:106050004C012A013B013F8B2E8B198F088F198A27
:106060001A8A1D861E861F86188ADB01CA0137E040
:10607000B695A795979587953A95D1F79A87898789
:10608000842F8F778B8B80588B878C879FEF491657
:10609000510461047104C1F1B8F10091802C109198
:1060A000812CE0917E2CF0917F2CFD8BEC8B0115E7
:1060B000110551F1AA24A394B12C7501E00EF11E33
:1060C000F694E7946701F1E0CF1AD108160193E046
:1060D000220C331C9A95E1F76C897D89620D731D42
:1060E00048E050E0CE0101960E9460E329813A81A8
:1060F00089859A8528173907A8F457018FEFA81AC0
:10610000B80A0A151B05C8F6498AB401AE014F5EEC
:106110005F4F8E899F89E88DF98D09956996E2E137
:106120000C9427EB8217930700F19C818B859817BD
:1061300020F39B818C858917C0F060917E2C709133
:106140007F2C620D731D48E050E0CE0109960E943D
:1061500060E36F85788961157105B1F2861697063F
:10616000A9F28B898068898BD1CF8601CACFA4E040
:10617000B0E0EDEBF0EB0C940FEB6C017B013A011E
:106180005901480119821A821B821C82AE014F5F9D
:106190005F4FB301C7010E947F207C0149815A8172
:1061A0006B817C81411551056105710529F08401E0
:1061B0009501C60147DFE6CF2496EEE00C942BEB69
:1061C0008F929F92AF92BF92FF920F931F93CF93A4
:1061D000DF93CDB7DEB7A0970FB6F894DEBF0FBE42
:1061E000CDBF6115710581059105A1F120E03AE06F
:1061F000832E912CA12CB12CFF24F394F20E01E0FC
:1062000010E00C0F1D1F020F111D27FD1A95A5018F
:1062100094010E9465EAF8016083CA01B9012F2D3B
:10622000611571058105910539F7FA94FFEFFF16A5
:10623000A1F0E1E0F0E0EC0FFD1FEF0DF11DF7FC28
:10624000FA95908187E39A3008F480E3890F0E94E1
:106250006C33EBCF80E30E946C33A0960FB6F894BA
:10626000DEBF0FBECDBFDF91CF911F910F91FF9089
:10627000BF90AF909F908F900895CF92DF92EF9252
:10628000FF926B017C01F7FE0BC0F094E094D09478
:10629000C094C11CD11CE11CF11C8DE20E946C3326
:1062A000C701B6018DDFFF90EF90DF90CF9008958A
:1062B000CF93DF9320917D2C21111CC0FC01019014
:1062C0000020E9F73197EF01C81BD90BC535D1057F
:1062D0002CF02291207C2038E1F3F5CFBC01DD27A2
:1062E000AE0188E29CE20E9481EDC85DD34D188228
:1062F0001092272CDF91CF9108959091A41321E65D
:10630000929FF0011124EB5FFB4E80839F5F9034DE
:1063100040F49093A4138091A2138F5F8093A213F3
:1063200008951092A413F7CFCF92DF92EF92FF92CD
:10633000E9EBF2E180818183C0903B13D0903C1364
:10634000E0903D13F0903E138FEFC81AD80AE80A88
:10635000F80A84EC9AE20E94BD33C701B6010E949C
:1063600038258AE00E946C3380EC9AE20E94BD33AB
:10637000FF90EF90DF90CF900895CF92DF92EF9251
:10638000FF920F931F93CF938C01C62F0E94D23997
:10639000C0903B13D0903C13E0903D13F0903E131F
:1063A000C8010E94BD33C701B6010E9438258AE0AA
:1063B0000E946C330E94043D0196E1F78C2FB4DFFC
:1063C0001092401310923F13CF911F910F91FF90A5
:1063D000EF90DF90CF9008954F925F926F927F92EF
:1063E0008F929F92AF92BF92CF92DF92EF92FF92E5
:1063F000E9EAF2E144805580668077808084918468
:10640000A284B384C484D584E684F7844081518116
:10641000628173818DEB9AE20E947D34B301A20107
:1064200089EB9AE20E947D34B501A40185EB9AE2E2
:106430000E947D34B701A60181EB9AE20E947D346F
:10644000FF90EF90DF90CF90BF90AF909F908F9094
:106450007F906F905F904F900895B0E0A0E0E3E3ED
:10646000F2EB0C9411EBB0E4A0E06A2F70E0AB010A
:106470004B0F511D55954795411111C0E2EAF6E2C7
:1064800065917491072E000C880B990B0E943DE4D6
:10649000CDB7DEB7ECE00C942DEBB42FE8CF4A1764
:1064A00011F0B41303C0EEE9F7E2EACF9A012150EC
:1064B0003109220F331F220F331FF901E056F94D26
:1064C000E590F490F901EC55F94DC591D4918E15F4
:1064D0009F051CF3A42FC817D9070CF4C6CFF901E8
:1064E000EE55F94D05911491F901EA55F94DC59014
:1064F000D490BC016E197F09072E000C880B990BF4
:106500000E943DE44B015C01B601601B710B072E3C
:10651000000C880B990B0E943DE49B01AC01C50166
:10652000B4010E949CE44B015C01BE016E197F091D
:10653000072E000C880B990B0E943DE49B01AC01D7
:10654000C501B4010E94BAEB6B017C01B801012EB8
:10655000000C880B990B0E943DE49B01AC01C70124
:10656000B6010E9443EB94CFA0E1B0E0EAEBF2EB7E
:106570000C941BEB80E1E9EAF2E1DE011196019057
:106580000D928A95E1F7CE0101960E946F6CCE01C3
:1065900001960E94D1776096E2E00C9437EBA7E871
:1065A000B0E0E5EDF2EB0C940BEB8C017B01A596D2
:1065B0005FAF4EAFA597DC012D913D914D915C9160
:1065C000AB962CAF3DAF4EAF5FAFAB97209175123E
:1065D000309176124091771250917812AB966CAD53
:1065E0007DAD8EAD9FADAB970E949CE40E94ABEC5D
:1065F000EF966CAF7DAF8EAF9FAFEF97D80114963B
:106600002D913D914D915C911797AF962CAF3DAF79
:106610004EAF5FAFAF972091791230917A124091CF
:106620007B1250917C12AF966CAD7DAD8EAD9FAD5F
:10663000AF970E949CE40E94ABECC158DF4F688387
:1066400079838A839B83CF57D040D80118962D91A8
:106650003D914D915C911B97E3962CAF3DAF4EAFB2
:106660005FAFE39720917D1230917E1240917F12AF
:1066700050918012E3966CAD7DAD8EAD9FADE397EA
:106680000E949CE40E94ABECCD57DF4F6883798376
:106690008A839B83C358D040D8011C962D913D918D
:1066A0004D915C911F9767962CAF3DAF4EAF5FAF9A
:1066B00067972091811230918212409183125091FC
:1066C000841267966CAD7DAD8EAD9FAD67970E94CD
:1066D0009CE40E94ABECA3966CAF7DAF8EAF9FAFF6
:1066E000A39780E1F801DE01919601900D928A95C1
:1066F000E1F78091601283FF1CC0A3962CAD3DADE5
:106700004EAD5FADA39720933E2D30933F2D409328
:10671000402D5093412D67968CAD9DADAEADBFAD74
:10672000679780932E2D90932F2DA093302DB093AB
:10673000312DD7012D913D914D915C912F962CAF2C
:106740003DAF4EAF5FAF2F978091202D9091212DBF
:10675000891B80958F7119F40E94183DF5CFB09177
:10676000202DC957DF4FB883C758D0400091202D46
:1067700080919E0790919F07892B11F00C94E7C19F
:106780008091322D9091332DA091342DB091352DE3
:10679000EF964CAC5DAC6EAC7FACEF97481A590AE3
:1067A0006A0A7B0A8091362D9091372DA091382D61
:1067B000B091392DC158DF4FC880D980EA80FB8065
:1067C000CF57D040C81AD90AEA0AFB0A80913A2D5D
:1067D00090913B2DA0913C2DB0913D2DCD57DF4F99
:1067E000288139814A815B81C358D040281B390BED
:1067F0004A0B5B0B2BAB3CAB4DAB5EAB80913E2DA4
:1068000090913F2DA091402DB091412DA3962CAD9C
:106810003DAD4EAD5FADA397281B390B4A0B5B0B0B
:106820002B962CAF3DAF4EAF5FAF2B97232B242B76
:10683000252B61F10E94BD6B882341F1A3968CAD9D
:106840009DADAEADBFADA39780933E2D90933F2DF0
:10685000A093402DB093412D67962CAD3DAD4EAD2C
:106860005FAD679720932E2D30932F2D4093302DC1
:106870005093312D0E94D53986E99AE20E94BD33AA
:106880002B961CAE1DAE1EAE1FAE2B97D301C201C0
:106890008827B7FD83959927AA27BB27182FF7FCD0
:1068A00012608BA99CA9ADA9BEA9B7FD14602B9657
:1068B0002CAD3DAD4EAD5FAD2B9757FD18602B96BF
:1068C0006CAD7DAD8EAD9FAD2B970E943DE42091C8
:1068D0007A0130917B0140917C0150917D010E94B1
:1068E0009CE423966CAF7DAF8EAF9FAF239720E0E3
:1068F00030E0A9010E94A6EC87FFB6C723966CADD5
:106900007DAD8EAD9FAD23979058202E312C46E55E
:10691000049F90011124D901A056B84FBCAFABAF72
:1069200020E030E040E05FE30E9443EB0E9427EC70
:106930006FAB78AF89AF9AAFEBADFCAD108215AB02
:106940002BA93CA94DA95EA96B962CAF3DAF4EAFCC
:106950005FAF6B9757FF0DC05095409530952195CF
:106960003F4F4F4F5F4F6B962CAF3DAF4EAF5FAF7A
:106970006B972796CCAEDDAEEEAEFFAE2797F7FE57
:106980000DC088279927DC018C199D09AE09BF0924
:1069900027968CAF9DAFAEAFBFAF279763964CAE37
:1069A0005DAE6EAE7FAE639777FE0DC022273327B4
:1069B000A901241935094609570963962CAF3DAF43
:1069C0004EAF5FAF639763968CAD9DADAEADBFAD7F
:1069D0006397EBADFCAD858B968BA78BB08F27961D
:1069E0002CAD3DAD4EAD5FAD2797218F328F438FDC
:1069F000548F6B962CAD3DAD4EAD5FAD6B97258F33
:106A0000368F478F50A3C301B2010E943DE420910D
:106A10008E0730918F0740919007509191070E9407
:106A20009CE46F966CAF7DAF8EAF9FAF6F97698B15
:106A30007A8B8B8B9C8BC701B6010E943DE4209121
:106A400092073091930740919407509195070E94C7
:106A50009CE44B015C018D8A9E8AAF8AB88E6BA93B
:106A60007CA98DA99EA90E943DE4209196073091B2
:106A7000970740919807509199070E949CE46B01F9
:106A80007C01C98EDA8EEB8EFC8E20919A073091B4
:106A90009B0740919C0750919D0723966CAD7DAD5F
:106AA0008EAD9FAD23970E949CE423966CAF7DAF83
:106AB0008EAF9FAF23976D8F7E8F8F8F98A3639636
:106AC0002CAD3DAD4EAD5FAD639726303105410530
:106AD00051050CF0D7C627968CAD9DADAEADBFADC0
:106AE00027970697A105B1050CF0CCC66B962CAD87
:106AF0003DAD4EAD5FAD6B9726303105410551057B
:106B00000CF0C0C620E030E0A90123966CAD7DAD4D
:106B10008EAD9FAD23970E94A6EC87FFACC623964F
:106B20008CAD9DADAEADBFAD2397B05826E5229D8F
:106B3000F001239DF00D1124E056F84F85879687CC
:106B4000A787B08B86E5829DF001839DF00D11240F
:106B5000E056F84F8FA998ADA9ADBAAD81A392A325
:106B6000A3A3B4A36B968CAD9DADAEADBFAD6B973B
:106B700027962CAD3DAD4EAD5FAD2797821793079D
:106B8000A407B50710F4DA01C90163962CAD3DAD39
:106B90004EAD5FAD639782179307A407B50710F456
:106BA000DA01C9012FA938AD49AD5AAD8217930753
:106BB000A407B50710F4DA01C90126E5229DF0010A
:106BC000239DF00D1124E056F84F85A396A3A7A3AB
:106BD000B0A70697A105B10510F40C94DFC1EF5AD8
:106BE000FF4F80918D07808345284628472819F05C
:106BF00080E00E94656B86E5829DF001839DF00D2B
:106C00001124E056F84F818D928DA38DB48D892B80
:106C10008A2B8B2B19F081E00E94656B86E5829DA3
:106C2000F001839DF00D1124E056F84F858D968D6F
:106C3000A78DB0A1892B8A2B8B2B19F082E00E94A3
:106C4000656B8FA998ADA9ADBAAD892B8A2B8B2B1B
:106C500011F40C94E9C10E94276BC090A112D0904E
:106C6000A212E090A312F090A412A70196012F9611
:106C70006CAD7DAD8EAD9FAD2F970E9437E487FD43
:106C800006C02F96CCACDDACEEACFFAC2F9786E502
:106C9000829DF001839DF00D1124E056F84F25856B
:106CA00036854785508960E070E080E89FE30E9468
:106CB000BAEB2F966CAF7DAF8EAF9FAF2F97A7012A
:106CC00096010E949CE46B017C018091202D9091A3
:106CD0001E2D891B8F7168968FAF6897A70196014B
:106CE00060E074E284E799E40E94BAEB0E94ABECA6
:106CF0004B015C0168968FAD689782508E30B0F57D
:106D0000609171127091721280917312909174124D
:106D1000681979098A099B091616170618061906B3
:106D20002CF5660F771F881F991F6896AFAD68977F
:106D30002A2F30E050E040E00E9487EACA01B90102
:106D40000E943DE40E9422EC860E971EA81EB91EEA
:106D5000C501B4010E943DE49B01AC0160E074E216
:106D600084E799E40E94BAEB6B017C010E94566EA5
:106D70004091890750918A0760918B0770918C0729
:106D8000480D591D6A1D7B1D4093890750938A0742
:106D900060938B0770938C0796E5929DF001939D0D
:106DA000F00D1124EE50F84F80829182A282B382BE
:106DB00081110E94636E86E5829D8001839D100D86
:106DC00011240056184FF8012585368547855089CE
:106DD000C701B6010E949CE49B01AC010E949CE4A7
:106DE0006F966CAF7DAF8EAF9FAF6F97D801119646
:106DF0006D937D938D939C93149795962D913D91D2
:106E00004D915C9198972BAB3CAB4DAB5EABCA01FF
:106E1000B9010E943BE427966CAF7DAF8EAF9FAF68
:106E200027979B01AC01C701B6010E949CE40E9418
:106E3000A7EB0E9427ECA7966CAF7DAF8EAF9FAFFC
:106E4000A797F801EF5BFF4F608371838283938381
:106E50008E010F5E1F4FFE0131966196FFAFEEAFC0
:106E6000619725E832E1E9963FAF2EAFE997AE0191
:106E7000435E5F4F5AAB49ABEB96FFAFEEAFEB977C
:106E8000412C512C80E8682E8FE3782ED8012D916B
:106E90003D914D915D918D01C701B6010E949CE429
:106EA0004B015C01EB96EEADFFADEB9781929192B9
:106EB000A192B192EB96FFAFEEAFEB9720E030E0FE
:106EC000A9010E94A6EC87FF04C0B7FAB094B7F8F6
:106ED000B094E996AEADBFADE9972D913D914D913E
:106EE0005D91E996BFAFAEAFE997E7962CAF3DAFA6
:106EF0004EAF5FAFE797A5019401E7966CAD7DAD0E
:106F00008EAD9FADE7970E9437E487FF14C0A501BF
:106F10009401E7966CAD7DAD8EAD9FADE7970E9475
:106F2000BAEB4B015C01A30192010E9437E487FF99
:106F300002C024013501E9A9FAA9E017F10709F017
:106F4000A5CFA701960123966CAD7DAD8EAD9FAD0B
:106F500023970E949CE46B017C01CD86DE86EF8640
:106F6000F88A20E030E0A9010E94A6EC4601570112
:106F700087FF04C0B7FAB094B7F8B094209191128B
:106F800030919212409193125091941223962CAF0B
:106F90003DAF4EAF5FAF2397A501940123966CAD33
:106FA0007DAD8EAD9FAD23970E9437E487FF14C05F
:106FB000A501940123966CAD7DAD8EAD9FAD239759
:106FC0000E94BAEB4B015C01A30192010E9437E4DD
:106FD00087FF02C02401350120E030E040E85FE394
:106FE000C301B2010E9437E487FF62C0A30192018E
:106FF00069817A818B819C810E949CE469837A8378
:107000008B839C83A30192016D817E818F81988502
:107010000E949CE46D837E838F839887A3019201F5
:1070200069857A858B859C850E949CE469877A872F
:107030008B879C87A3019201C701B6010E949CE443
:107040006D877E878F87988B26E5229DC001239DC3
:10705000900D1124AC014056584F7A018A010F5B04
:107060001F4FA7966CAD7DAD8EAD9FADA7970E94CB
:107070003BE4A30192010E949CE40E9427ECD8010A
:107080006D937D938D939C931397A3019201C301FC
:10709000B2010E949CE46F962CAD3DAD4EAD5FAD4C
:1070A0006F970E949CE4F7016183728383839483CA
:1070B00027962CAD3DAD4EAD5FAD27972F966CADAD
:1070C0007DAD8EAD9FAD2F970E949CE42F966CAF47
:1070D0007DAF8EAF9FAF2F9786E5829D8001839D08
:1070E000100D11240056184FD80155962D913D9141
:1070F0004D915C91589723962CAF3DAF4EAF5FAF4B
:107100002397232B242B252B09F01CC459968D91F2
:107110009D910D90BC91A02D892B8A2B8B2B09F072
:1071200011C4F801858D968DA78DB0A1892B8A2B6E
:107130008B2B09F007C42091991230919A1240913B
:107140009B1250919C122F966CAD7DAD8EAD9FAD74
:107150002F970E949CE40E94A7EB0E9427EC2B0132
:107160003C01D801D6961C9286E5829D8001839DC4
:10717000100D11240056184FF801E35BFF4F4082B9
:10718000518262827382C301B2010E943BE46B01AF
:107190007C012F962CAD3DAD4EAD5FAD2F970E947B
:1071A000BAEB2B966CAF7DAF8EAF9FAF2B97D8010C
:1071B00051966D937D938D939C9354972DEB37E36C
:1071C00046E051E4C701B6010E949CE40E9427EC0E
:1071D000F80161AB72AB83AB94AB86A9882381F1D4
:1071E000FD962081318142815381609185077091A4
:1071F000860780918707909188070E949CE42B96D0
:107200002CAD3DAD4EAD5FAD2B970E949CE420911F
:1072100081123091821240918312509184120E9407
:107220009CE49B01AC0160E074E284EF99E40E946D
:10723000BAEB0E9427ECD801D8967C936E93D7972F
:1072400086E5829DF001839DF00D1124E056F84FF4
:10725000218132814381548123962CAF3DAF4EAFC3
:107260005FAF2397CA01B9010E94DFEC4B015C01BB
:1072700045E757E02D965FAF4EAF2D9761968EADE7
:107280009FAD6197409665969FAF8EAF65972596A7
:107290005FAF4EAF259761960EAD1FAD61978FAA78
:1072A00098AEA9AEBAAE1BAAF801C190D190E190F8
:1072B000F1908F0120E030E0A901C701B6010E94E2
:1072C000A6EC87FF04C0F7FAF094F7F8F09425963F
:1072D000AEADBFAD25976D917D918D919D91259618
:1072E000BFAFAEAF259720E030E0A9010E9443EB8D
:1072F0002B013C01A70196010E9437E487FF26C0BD
:10730000BBA9BB2309F416C6A3019201C501B401B0
:107310000E949CE42B013C012FA938AD49AD5AAD28
:10732000C701B6010E949CE49B01AC01C301B201FC
:107330000E9437E487FF0AC0A7019601C301B2018A
:107340000E94BAEB6FAB78AF89AF9AAF65962EAD5E
:107350003FAD65972017310709F0A6CF68963FAD7E
:107360006897332309F437C6C0901A31D0901B3187
:10737000E0901C31F0901D312DEB37E346E855E3EA
:10738000C701B6010E9437E487FD25C6C701B601D3
:107390000E94DFEC2B013C01AC019B01C501B40153
:1073A0000E9437E487FFDBC5A3019201C501B40148
:1073B0000E94BAEB67966CAF7DAF8EAF9FAF6797B9
:1073C000240135010EE111E320E030E040E85FE305
:1073D0002BAB3CAB4DAB5EAB24961FAE2497D801D4
:1073E0006D917D918D919D918D0167962CAD3DADF7
:1073F0004EAD5FAD67970E949CE44B015C016196C6
:10740000EEADFFAD6197C190D190E190F1906196A2
:10741000FFAFEEAF61972496FFAD2497FF2391F065
:107420002BA93CA94DA95EA90E949CE44B015C01DB
:107430002BA93CA94DA95EA9C701B6010E949CE4F5
:107440006B017C01A7019601C501B4010E94A6EC65
:1074500020E030E0A90118160CF09CC5C701B60168
:107460000E94A6EC18164CF020E030E0A901C501FE
:10747000B4010E9437E487FF7DC5A7019601C501CD
:10748000B4010E9442EB6B017C012D96AEADBFAD05
:107490002D976D917D918D919D912D96BFAFAEAF42
:1074A0002D9720E030E0A9010E9443EB4B015C01E5
:1074B000A70196010E9437E487FF19C0A701960132
:1074C000C501B4010E94BAEB9B01AC016BA97CA978
:1074D0008DA99EA90E949CE46BAB7CAB8DAB9EAB4F
:1074E0002496BFAD2497BF5F2496BFAF2497EEE2EA
:1074F000F1E3E017F10709F072CF2496FFAD24976E
:10750000FF2351F02BA93CA94DA95EA9C301B201EB
:107510000E949CE42B013C0124EA30E74DE75FE345
:10752000C301B2010E949CE46B017C012091AC2E4E
:107530003091AD2E4091AE2E5091AF2E0E9437E487
:1075400087FF0AC02FA938AD49AD5AADC701B601B2
:107550000E9437E487FD3FC52FA938AD49AD5AAD2C
:107560002093AC2E3093AD2E4093AE2E5093AF2E81
:1075700086E5829D8001839D100D11240056184FD1
:10758000A3019201C301B2010E949CE4D8011996A3
:107590006D937D938D939C931C972B966CAD7DADD5
:1075A0008EAD9FAD2B9790589B01AC010E9443EB91
:1075B000EBADFCAD25853685478550890E949CE45E
:1075C0009B01AC016BE077ED83E29BE30E9442EB11
:1075D0009B01AC018BE097EDA3E2BBE3F80185834F
:1075E0009683A783B087108123966CAD7DAD8EAD59
:1075F0009FAD23970E9437E418160CF4F1C483E082
:10760000182B86E5829DF001839DF00D1124E05634
:10761000F84F108380E1FE013196AEE1B1E30190B5
:107620000D928A95E1F723962CAD3DAD4EAD5FAD41
:10763000239720931A3130931B3140931C31509380
:107640001D31EF968CAD9DADAEADBFADEF97809384
:10765000322D9093332DA093342DB093352DC158F6
:10766000DF4F288139814A815B81CF57D0402093F9
:10767000362D3093372D4093382D5093392DCD57DB
:10768000DF4F88819981AA81BB81C358D040809304
:107690003A2D90933B2DA0933C2DB0933D2DA39676
:1076A0002CAD3DAD4EAD5FADA39720933E2D3093F5
:1076B0003F2D4093402D5093412D80E1FE01B19626
:1076C000A2E2BDE201900D928A95E1F79091202D02
:1076D0008091212D981303C084E680931D2DC957F6
:1076E000DF4F8881C758D0408F5F8F718093202DE6
:1076F0008091202D90911F2D81508F71891709F451
:1077000017C53090202D20901F2D8091202D2816F8
:1077100009F479C43A94332D3F71332E10E000E020
:10772000321409F470C4A32CB12C46E54A9DF00133
:107730004B9DF00D1124E056F84F8081480183FDE8
:1077400083C04F01C184D284E384F4844580568091
:1077500067807084A3019201C701B6010E9437E4DB
:10776000811108C00115110509F46EC0F80180816E
:1077700080FF6AC026E52A9DF0012B9DF00D1124A3
:10778000E056F84F808181FD41C00115110509F4D3
:107790002BC4D80115968D919D910D90BC91A02D73
:1077A0008BAF9CAFADAFBEAF36E53A9DF0013B9DD0
:1077B000F00D1124E056F84F61897289838994890C
:1077C00090589B01AC010E9443EBD4011D962D9172
:1077D0003D914D915C9150970E949CE49B01AC01BE
:1077E0006BAD7CAD8DAD9EAD0E9442EB6BAF7CAFBF
:1077F0008DAF9EAF9B01AC01C701B6010E9437E47B
:1078000087FD04C0CBACDCACEDACFEACA7019601AF
:10781000C301B2010E9437E48823B1F0B6E5BA9DF6
:107820008001BB9D100D11240056184FF801808176
:1078300081608083C4010E94A06A882309F4DDC3AB
:10784000D8018C918E7F8C933A94F32DFF713F2E4B
:10785000822D20901F2D281609F4C4C3381609F470
:10786000D2C38F5F8F71F5CF23966CAD7DAD8EAD9A
:107870009FAD23974AC823968CAD9DADAEADBFADED
:10788000239754C9A596AEADBFADA5978D919D9197
:107890000D90BC91A02D8BAB9CABADABBEAB20E0F3
:1078A00030E0A901BC01CD010E9437E4882389F0B2
:1078B00086E5829DF001839DF00D1124E056F84F7E
:1078C0002BA93CA94DA95EA9258736874787508BF0
:1078D00039C96F962CAD3DAD4EAD5FAD6F97CA0106
:1078E000B9010E949CE46BAB7CAB8DAB9EABA50158
:1078F0009401C501B4010E949CE49B01AC016BA9F9
:107900007CA98DA99EA90E9443EB4B015C01A701B4
:107910009601C701B6010E949CE49B01AC01C50120
:10792000B4010E9443EB0E94DFEC26E5229DF001AA
:10793000239DF00D1124E056F84F658776878787E1
:10794000908B00C92FA938AD49AD5AAD232B242BFC
:10795000252B09F417C12091951230919612409170
:107960009712509198122F966CAD7DAD8EAD9FAD54
:107970002F970E949CE40E94A7EB0E9427EC2B010A
:107980003C018FA998ADA9ADBAAD892B8A2B8B2B61
:1079900019F1209185073091860740918707509112
:1079A00088072FAB38AF49AF5AAF20E030E0A901CC
:1079B0006FA978AD89AD9AAD0E9437E4882361F054
:1079C0002B968CAD9DADAEADBFAD2B97181619069D
:1079D0001A061B060CF4DFC086E5829DF001839D2C
:1079E000F00D1124E056F84F16AA8091710790917E
:1079F0007207A0917307B0917407EBADFCADC18C19
:107A0000D28CE38CF48C258D368D478D50A12FAB15
:107A100038AF49AF5AAF21A132A143A154A12B964F
:107A20002CAF3DAF4EAF5FAF2B972BA93CA94DA913
:107A30005EA982179307A407B50708F471C12396BE
:107A40008CAD9DADAEADBFAD2397892B8A2B8B2B13
:107A5000F1F06091610770916207809163079091E6
:107A60006407641575058605970588F40E9456EA33
:107A700023962CAD3DAD4EAD5FAD23970E9465EAD8
:107A8000241535054605570510F429013A01C1149E
:107A9000D104E104F104F1F060916507709166078B
:107AA00080916707909168076415750586059705AD
:107AB00088F42BA93CA94DA95EA90E9456EAA7010A
:107AC00096010E9465EA241535054605570510F410
:107AD00029013A012FA938AD49AD5AAD232B242BEA
:107AE000252B01F16091690770916A0780916B07FE
:107AF00090916C07641575058605970598F42BA978
:107B00003CA94DA95EA90E9456EA2FA938AD49ADFE
:107B10005AAD0E9465EA241535054605570510F44F
:107B200029013A012B968CAD9DADAEADBFAD2B9723
:107B3000892B8A2B8B2B09F417CB60916D077091E1
:107B40006E0780916F079091700764157505860523
:107B5000970508F009CB2BA93CA94DA95EA90E9465
:107B600056EA2B962CAD3DAD4EAD5FAD2B970E94E6
:107B700065EA241535054605570508F0F5CA2901BB
:107B80003A01F2CA20919D1230919E1240919F12AB
:107B90005091A012E8CE86E5829D8001839D100D54
:107BA00011240056184F81E0D801D6968C9320916D
:107BB000222D3091232D4091242D5091252DAB96CF
:107BC0006CAD7DAD8EAD9FADAB970E9442EB2B9619
:107BD0006CAF7DAF8EAF9FAF2B972091262D30914C
:107BE000272D4091282D5091292DAF966CAD7DAD5C
:107BF0008EAD9FADAF970E9442EB4B015C0120918F
:107C00002A2D30912B2D40912C2D50912D2DE39626
:107C10006CAD7DAD8EAD9FADE3970E9442EB6B01E5
:107C20007C012B962CAD3DAD4EAD5FAD2B97CA01BF
:107C3000B9010E949CE42B966CAF7DAF8EAF9FAFD5
:107C40002B97A5019401C501B4010E949CE49B01FE
:107C5000AC012B966CAD7DAD8EAD9FAD2B970E9488
:107C600043EB4B015C01A7019601C701B6010E94DD
:107C70009CE49B01AC01C501B4010E9443EB0E944E
:107C8000DFEC6B017C0120912E2D30912F2D409146
:107C9000302D5091312D67966CAD7DAD8EAD9FAD81
:107CA00067970E9442EBA70196010E94BAEB6B0115
:107CB0007C01F801FD96C082D182E282F38220E04D
:107CC00030E040E450E40E94A6EC181614F4F801E9
:107CD0008BCEA70196016FA978AD89AD9AAD0E94B0
:107CE0009CE49B01AC0160918107709182078091B7
:107CF0008307909184070E94BAEB2F962CAD3DAD7F
:107D00004EAD5FAD2F970E949CE40E9427EC641556
:107D100075058605970508F068CE2B013C0165CEF8
:107D200023962CAD3DAD4EAD5FAD2397232B242B79
:107D3000252BD9F1609161077091620780916307EB
:107D400090916407641575058605970570F50E9486
:107D50003BE427962CAD3DAD4EAD5FAD27970E941D
:107D60009CE44B015C0123966CAD7DAD8EAD9FAD67
:107D700023970E943BE49B01AC01C501B4010E9422
:107D8000BAEB4B015C01C301B2010E943BE49B01D1
:107D9000AC01C501B4010E9437E487FF06C0C501EC
:107DA000B4010E9427EC2B013C01C114D104E10471
:107DB000F104B9F1609165077091660780916707DA
:107DC00090916807641575058605970550F50E9422
:107DD0003BE427962CAD3DAD4EAD5FAD27970E949D
:107DE0009CE44B015C01C701B6010E943BE49B018E
:107DF000AC01C501B4010E94BAEB6B017C01C30167
:107E0000B2010E943BE49B01AC01C701B6010E9494
:107E100037E487FF06C0C701B6010E9427EC2B019B
:107E20003C018FA998ADA9ADBAAD892B8A2B8B2BBC
:107E3000C9F16091690770916A0780916B07909111
:107E40006C07641575058605970560F50E943BE48F
:107E500027962CAD3DAD4EAD5FAD27970E949CE4BB
:107E60006B017C016FA978AD89AD9AAD0E943BE4AE
:107E70009B01AC01C701B6010E94BAEB6B017C010A
:107E8000C301B2010E943BE49B01AC01C701B601F2
:107E90000E9437E487FF06C0C701B6010E9427ECA5
:107EA0002B013C012B962CAD3DAD4EAD5FAD2B971C
:107EB000232B242B252B09F457C960916D07709152
:107EC0006E0780916F0790917007641575058605A0
:107ED000970508F049C90E943BE427962CAD3DADBB
:107EE0004EAD5FAD27970E949CE46B017C012B9601
:107EF0006CAD7DAD8EAD9FAD2B970E943BE49B0199
:107F0000AC01C701B6010E94BAEB6B017C01C30151
:107F1000B2010E943BE49B01AC01C701B6010E9483
:107F200037E487FF21C9C701B6010E9427EC2B0166
:107F30003C011AC9A7019601C301B2010E94BAEB24
:107F40009B01AC016FA978AD89AD9AAD0E949CE40C
:107F50006FAB78AF89AF9AAFE1E0EBABF7C980E0E8
:107F600090E0A0E8BFE367968CAF9DAFAEAFBFAF28
:107F7000679728CAF7FAF094F7F8F094A7019601EA
:107F8000C501B4010E94A6EC18160CF07ECA75015A
:107F900064017BCAC701B6010E9437E487FD09C0AE
:107FA00020E030E0A901C501B4010E94A6EC18163A
:107FB0002CF4A5019401C701B60163CAB7FAB094C5
:107FC000B7F8B094A5019401C701B6010E9437E447
:107FD00087FF5BCADCCF4FA858AC69AC7AACBCCA8F
:107FE00081E00ECB84019CCB2BE037ED43E25BE3D9
:107FF0002BAF3CAF4DAF5EAFD7CBF801C582D68279
:10800000E782F08621CC10911F2DD12CC12C06E5E2
:108010008091202D811709F48BC0812E912C089D11
:10802000C001099D900D11249C012056384F190163
:10803000D9018C91560183FD6FC05901C114D1043F
:1080400009F46AC0C6010E94A06A811165C0D60108
:108050008C9181FD4CC0D10115964D905D906D9035
:108060007C901897D60115962D913D914D915C917C
:1080700018972BAF3CAF4DAF5EAFA30192016BAD34
:108080007CAD8DAD9EAD0E9437E487FF30C0F60118
:10809000618972898389948990589B01AC010E94FF
:1080A00043EBD6011D962D913D914D915C915097DA
:1080B0000E949CE49B01AC016BAD7CAD8DAD9EAD8F
:1080C0000E9442EB6B017C01A30192010E9437E404
:1080D00087FF0DC0F101808181608083C5010E940E
:1080E000A06A8823E9F0D1018C918E7F8C93089D42
:1080F000F001099DF00D1124E056F84F21853285DD
:108100004385548565817681878190850E9437E417
:10811000811102C010931F2D1F5F1F71650178CF61
:10812000F101C582D682E782F08610931F2DDFCF42
:10813000F091212DFBAF2091202D2FAB26E53BADFB
:108140004FA9341709F4BCC0842F81508F71289F28
:10815000F0011124E056F84F908193FDAFC0412CFF
:10816000512C3201312C212C10E000E08BAD9FA965
:10817000891709F4A8C0A6E58A9FC0011124FC0153
:10818000E056F84F1F0180817301620183FD8FC0AB
:1081900065817681878190850E94DFEC6B017C018F
:1081A0000115110509F482C0D8018C9180FD04C02D
:1081B000F101808180FF7AC0D8018C9181608C931D
:1081C000C8010E94A06A81116DC0F80161817281AD
:1081D000838194810E94DFEC4B015C01AC019B0127
:1081E00060E070E080E89FE30E94BAEB6BAB7CAB91
:1081F0008DAB9EAB9B01AC01C701B6010E949CE414
:1082000069837A838B839C83A30192016BA97CA9E8
:108210008DA99EA90E949CE4698B7A8B8B8B9C8B89
:10822000AE014F5F5F4FBE016F5E7F4FC8010E947E
:10823000A56CD801D6968C918823A1F12091850751
:10824000309186074091870750918807F801FD9685
:1082500060817181828193810E949CE420918112CE
:108260003091821240918312509184120E949CE4BA
:108270002B013C01AC019B01C501B4010E949CE4AF
:108280000E9427ECF80172AF61AFA3019201C70110
:10829000B6010E949CE40E9427ECD801DC967C93F6
:1082A0006E93DB97F80180818E7F808381018BAD97
:1082B0008F5F8F718BAF2601370158CF8FAB3FCFC8
:1082C0005BAD5FAB4CCF2114310409F478C0D10110
:1082D0008C9181608C93C8010E94A06A81116BC04F
:1082E000F10161817281838194810E94DFEC6B01D5
:1082F0007C01AC019B0160E070E080E89FE30E949C
:10830000BAEB4B015C012DEC3CEC4CE45DE30E94CC
:108310009CE469837A838B839C83A5019401C301C8
:10832000B2010E949CE4698B7A8B8B8B9C8BAE0193
:108330004F5F5F4FBE016F5E7F4FC1010E94A56C12
:10834000D101D6968C918823B1F120918507309187
:1083500086074091870750918807F101FD9660815B
:108360007181828193810E949CE4209181123091DD
:10837000821240918312509184120E949CE44B011E
:108380005C01AC019B01C701B6010E949CE40E9404
:1083900027ECF10172AF61AF2DEC3CEC4CE45DE3F6
:1083A000C501B4010E949CE40E9427ECD101DC9637
:1083B0007C936E93DB97F10180818E7F80830E9496
:1083C000636E81E0C957DF4FE2E10C9427EB80E058
:1083D000F9CFC090A512D090A612E090A712F0900D
:1083E000A8120C9435B6A4E1B0E0E9EFF1EC0C94DE
:1083F00019EBFC018B01298B3A8B4B8B5C8B90E149
:10840000DE01119601900D929A95E1F7CE01019649
:108410000E946F6C80919E0790919F07892B61F459
:10842000AE014F5E5F4FB801CE0101960E94CFB200
:108430006496E4E00C9435EB80E0FACFA1E0B0E084
:10844000E4E2F2EC0C9416EB8C01D42E7C01E60EE7
:10845000F71E80915F07909160070E9440EA898330
:10846000DD2011F0F8018083CE0101960E94F1AB6E
:1084700080915F07909160070196909360078093C9
:108480005F070F5F1F4F0E151F0519F780E021963C
:10849000E7E00C9432EB90E0FC01E45AF54D2491B6
:1084A000845C954DFC018491882399F090E0880FBD
:1084B000991FFC01EE5CF54DA591B491FC01E85DBE
:1084C000F54D859194918FB7F894EC91E22BEC9354
:1084D0008FBF0895E4E8FCE291E0908313828091DD
:1084E0009C2E8D7F8E7F80939C2E1092982E1092C2
:1084F000992E10929A2E10929B2E9093822D089571
:10850000CF93DF93811110C0EB010E94D53980EF2A
:1085100099E20E94BD33CE010E94BD338AE30E94DE
:108520006C338AE00E946C33DF91CF910895CF9332
:10853000C82FE6DF8C2F0E94D839CF910895CF93B2
:10854000DF9361EE79E2F3DFC1E6D2E14C895D8928
:108550006E897F8989ED99E20E947D34488D598D1D
:108560006A8D7B8D86ED99E20E947D344C8D5D8D08
:108570006E8D7F8D83ED99E20E947D3448A159A1D3
:108580006AA17BA180ED99E20E947D348AE00E947D
:108590006C33DF91CF9108958F929F92AF92BF92EB
:1085A000CF92DF92EF92FF92CF93DF9300D000D073
:1085B000CDB7DEB7FC01C080D180E280F38080902F
:1085C000B1129090B212A090B312B090B412A50163
:1085D0009401C701B6010E9437E487FF02C075010C
:1085E000640120E030E04AE753E4C701B6010E948D
:1085F00037E487FD06C0C12CD12C8AE7E82E83E43E
:10860000F82EC982DA82EB82FC8261E472E0CE014C
:1086100001960E94E9790F900F900F900F90DF91D3
:10862000CF91FF90EF90DF90CF90BF90AF909F9051
:108630008F9008950E942F3181111AC080919C2E35
:1086400082FF0DC087FD0BC08091E52B811104C016
:108650008EE497E00C9458B185EE9BE2FBCF8091BD
:108660005B07813041F088EA99E26FEF0C949D94AA
:1086700083EC99E2FACF87EB99E2F7CF4F925F92C2
:108680006F927F928F929F92AF92BF92CF92DF9222
:10869000EF92FF92CF93DF93CDB7DEB728970FB657
:1086A000F894DEBF0FBECDBF5C01DB01CD90DD9045
:1086B000ED90FC90E0911B2DF0911C2DFE83ED833D
:1086C00084819581A681B78189839A83AB83BC839A
:1086D0009C01AD01C701B6010E9442EB2B013C0198
:1086E000F50180809180A280B380AD81BE818D91A3
:1086F0009D910D90BC91A02D8D839E83AF83B887F3
:1087000027E137EB41ED58EBC301B2010E94A6EC23
:1087100087FDD1C027E030E04BE653E4C301B2014E
:108720000E9437E418160CF4C6C02D813E814F819B
:108730005885C501B4010E9442EB2B013C0127E1A1
:1087400037EB41ED58EB0E94A6EC87FDB4C027E063
:1087500030E04BE653E4C301B2010E9437E418163F
:108760000CF4A9C020E030E0A9016D817E818F81E9
:1087700098850E9443EB2B013C0120E030E040E271
:1087800051E40E9437E487FF06C0412C512C30E2AF
:10879000632E31E4732E27E137EB41ED58E3C3013B
:1087A000B2010E9442EB9B01AC01C501B4010E94E1
:1087B000A6EC87FD80C020E030E04BE653E46D81FD
:1087C0007E818F8198850E9443EB2B013C0120E044
:1087D00030E041E653E40E94A6EC181634F4412C34
:1087E000512C21E6622E23E4722E27E137EB41ED76
:1087F00058E3C301B2010E9443EB9B01AC01C501E8
:10880000B4010E9437E418160CF455C020E030E0A3
:10881000A90169817A818B819C810E9443EB4B0184
:108820005C0120E030E040E251E40E9437E487FF41
:1088300006C0812C912C90E2A92E91E4B92E27E15B
:1088400037EB41ED58E3C501B4010E9442EB9B01B7
:10885000AC01C701B6010E94A6EC87FD2CC020E048
:1088600030E04BE653E469817A818B819C810E94E0
:1088700043EB4B015C0120E030E041E653E40E9411
:10888000A6EC181634F4812C912C81E6A82E83E4F2
:10889000B82E27E137EB41ED58E3C501B4010E9442
:1088A00043EB9B01AC01B1E0B983C701B6010E9463
:1088B00037E418160CF41982898128960FB6F894BB
:1088C000DEBF0FBECDBFDF91CF91FF90EF90DF9065
:1088D000CF90BF90AF909F908F907F906F905F9060
:1088E0004F900895ACE1B0E0E8E7F4EC0C940BEBAA
:1088F0001C017B8F6A8F498F2C8FFC014080518037
:108900006280738049825A826B827C82FB01C080C4
:10891000D180E280F380CD82DE82EF82F886809083
:10892000B1129090B212A090B312B090B412898696
:108930009A86AB86BC86BE016B5F7F4FCE010196E7
:108940009DDE882309F458C100911B2D10911C2D28
:10895000F8012081318142815381C301B2010E941B
:1089600042EB2B013C0149825A826B827C82F801E6
:108970002481358146815781C701B6010E9442EBAF
:108980009B01AC012D833E834F83588780917601F4
:1089900090917701A0917801B09179018D879E87A0
:1089A000AF87B88BCE010D966C0185017401C301B0
:1089B000B2010E94387980914D07811103C081E096
:1089C0000E94029CC090172DD090182DE090192D78
:1089D000F0901A2D80914C0782FFEBC0A701960101
:1089E00060E070E080E090EC0E9442EB6D8B7E8B4B
:1089F0008F8B988F20E030E0A901C701B6010E945B
:108A000037E487FFDBC0A701960160E070E080E7F4
:108A100091E40E9442EB698B7A8B8B8B9C8B20912B
:108A2000B1123091B2124091B3125091B4120E941F
:108A300037E487FF26C00E94CC940E94273C811116
:108A400020C06DE372E0CE0141960E94917A8111BF
:108A500018C020E030E040EA50E46091B11270911B
:108A6000B2128091B3129091B4120E9443EB6D87C1
:108A70007E878F87988B6DE372E0CE010D960E9402
:108A8000E97980E090E0A0E0B0E48D879E87AF8731
:108A9000B88B0E94CC940E94273C182F811108C0EB
:108AA000BE01635F7F4FCE0145960E94917A182FD9
:108AB0004090B1125090B2126090B3127090B41204
:108AC000C090172DD090182DE090192DF0901A2DF0
:108AD000A701960160E070E080EA90E40E9442EB1A
:108AE0009B01AC01C301B2010E94A6EC18160CF068
:108AF0008AC060E070E080EC9FE7A70196010E94C9
:108B000043EB6B017C01AC019B010E941DED8111C7
:108B10003DC0998D943009F456C0933009F058C087
:108B200060E070E080EA90E4A30192010E9443EBD0
:108B3000698B7A8B8B8B9C8B6DE372E0CE014196B7
:108B40000E94E979EC8DE33070F1F10140815181AF
:108B50006281738180EA99E20E947D34EA8DFB8D07
:108B600040815181628173818BE999E20E947D3459
:108B7000B701A60186E999E20E94BC34A7019601DB
:108B8000C701B6010E941DED882369F00E949C2652
:108B900060E087E899E20E949D940E94D23987E7BD
:108BA00099E20E94BD33C701B6016C96E2E10C94D4
:108BB00027EB60E070E080E291EC18CF60E070E0BD
:108BC00080E791E428CF60E070E088EC91E4ACCFDE
:108BD000898D8150823008F0B5CF0E949C26882371
:108BE00009F4B0CFFC8DC12CD12C80ECE82E8FE79E
:108BF000F82EF33058F2A9CFC12CD12C90ECE92EED
:108C00009FE7F92ED0CFC301B201112309F475CF2C
:108C100070CFB0E0A0E0EFE0F6EC0C9415EB8B0128
:108C2000C42F41FB662760F90E942621882309F49E
:108C30004BC0F12CE12C0115110539F0C8010E943F
:108C4000632096E0899F70011124C0FF19C080E85D
:108C500090E08E199F096CE070E00E94EFEA6B01D2
:108C6000C0E8D0E081E0C81AD108D7FC0BC060E2B0
:108C700070E080E090E00E945D21C81BD90BF2CF2C
:108C8000C0E8D0E0E114F10499F0CE0166E070E0B4
:108C90000E94DBEA40914A0750914B07262F6091D2
:108CA0004907C8010E94CE2296E0899FE001112465
:108CB000C730D10548F060E270E080E090E00E94AB
:108CC0005D21C81BD90BF4CFCDB7DEB7E8E00C941B
:108CD00031EB0F931F93CF93982F862F8A01C22FCA
:108CE000692F0E942621882371F140914A075091F3
:108CF0004B0724E160914907C8010E94CE2296E00B
:108D0000899F800111240730110548F060E270E06E
:108D100080E090E00E945D21081B190BF4CF809148
:108D200048079AE790937F2D8093802D6C2FCC0F6E
:108D3000770B880B990B0E945D2160E270E080E068
:108D400090E00E945D21CF911F910F910895EF92C5
:108D5000FF920F931F93CF93DF93082F162FD42FDB
:108D6000682F812F0E942621882309F451C0C5E174
:108D7000CD1BDD2331F062E070E080E090E00E94E6
:108D80005D21EC2EF12C86E0C89FE001112480913A
:108D9000E52B81112DC08EE497E0BE010E9489234E
:108DA000C81BD90BC730D10598F160E270E080E0B4
:108DB00090E00E945D21F4CF8091AB2E181791F0C6
:108DC0001093AB2E85EE9BE20E94712090E08E19ED
:108DD0009F0997FD80E0809347071092460788E03F
:108DE000809375018091460790E08B51944DD5CFCB
:108DF00085EE9BE2002389F28DE08150E8F2110FAD
:108E0000111DE82FF0E0E25BF84F90811927F5CFB4
:108E1000CDB7DEB7E6E00C9433EBEF92FF920F9301
:108E20001F93CF93DF93FB01D081DD2331F17B01D1
:108E30008C016D2F0E9462ACF801C189C195FFEFD2
:108E4000EF1AFF0AF70181917F01F801882341F0B1
:108E50009089C90FD82F682FC8010E9462ACF2CF49
:108E6000D03249F083899189890F8C0FCDB7DEB755
:108E7000E6E00C9433EB8089F8CF80E0F7CF81E017
:108E800080934507109241071092420710924307C2
:108E90001092440708951092450780913D079091E4
:108EA0003E07A0913F07B0914007B7FF08C010925E
:108EB0003D0710923E0710923F07109240078091A5
:108EC0003C07882331F080913D0780933B07109247
:108ED0003A07809139071816D4F4082E000C990B24
:108EE000019720913B07022E000C330B28173907FE
:108EF00074F080933B07092E000CAA0BBB0B8093E8
:108F00003D0790933E07A0933F07B09340078091A1
:108F10003B0790913807891714F480933807209104
:108F20003807022E000C330B2C5F3F4F482F082EC2
:108F3000000C550B241735071CF484508093380718
:108F40000895B0E0A0E0E7EAF7EC0C940BEB1C010D
:108F5000EB017901BA01550F880B990B0E943DE492
:108F60004B015C0120E030E040E05FEC0E94A6ECA9
:108F700018162CF0812C912CA12C9FECB92EC50138
:108F8000B4010E9422EC2B013C01B701FF0C880BBD
:108F9000990B0E943DE44B015C0120E030E040E091
:108FA0005FE40E9437E487FD05C0812C912CA12C41
:108FB0008FE4B82E68817981072E000C880B990BFD
:108FC0000E943DE46B017C01C301B2010E943DE4BB
:108FD0009B01AC01C701B6010E9442EB0E9427EC45
:108FE0006B01C501B4010E9422EC4B015C018418A5
:108FF0009508A608B70881E080933A070E94508C34
:1090000083E0809374013092370720923607D09323
:109010003507C09334074092300750923107609271
:1090200032077092330780922C0790922D07A092FE
:109030002E07B0922F07F12CE12CC0923D07D09261
:109040003E07E0923F07F09240078BE49CE8909344
:10905000432D8093422D10932B0700932A071092E3
:109060002907CDB7DEB7E2E10C9427EBB0E0A0E032
:10907000ECE3F8EC0C9413EB5C018B01EA0120E0CB
:1090800030E040E251E4FB01608171818281938193
:109090000E949CE420E030E048E452E40E9442EB6D
:1090A0000E9427EC6B0181E080933A070E94508C6C
:1090B00083E080937401B0923707A0923607109333
:1090C00035070093340782E390E0A0E0B0E080939E
:1090D000300790933107A0933207B093330784E6AB
:1090E00096E8A1E0B0E080932C0790932D07A09321
:1090F0002E07B0932F07F12CE12CC0923D07D092A0
:109100003E07E0923F07F092400781E49CE890938D
:10911000432D8093422DD0932B07C0932A071092A2
:109120002907CDB7DEB7EAE00C942FEBB0E0A0E062
:10913000ECE9F8EC0C9415EB8C01CDE0D7E06881FC
:1091400070E090E080E00E943BE429EC38EC48ECD1
:109150005EE30E949CE420E030E040E05FE30E9498
:1091600043EB0E9427EC6B0181E080933A070E9459
:10917000508C83E080937401109337070093360777
:10918000D0933507C09334071092300710923107FF
:10919000109232071092330784E690E0A0E0B0E02E
:1091A00080932C0790932D07A0932E07B0932F0741
:1091B000F12CE12CC0923D07D0923E07E0923F0790
:1091C000F092400787E39CE89093432D8093422DD3
:1091D00083E290E690932B0780932A071092290749
:1091E000CDB7DEB7E8E00C9431EB90E0FC01E05144
:1091F000F74D2491FC01E45AF54D3491845C954D72
:10920000FC018491882359F12223C1F021502A3096
:10921000A8F4E22FF0E0E15FF6430C9402EB34C9CE
:1092200038C919C930C91EC91EC93BC941C945C978
:109230004BC9909180009F7790938000E82FF0E0D9
:10924000EE0FFF1FE85DF54DA591B4918FB7F8942F
:10925000EC91611124C030953E233C938FBF08955B
:10926000909180009F7DE8CF94B59F7794BDE6CF25
:1092700094B59F7DFBCF9091B0009F779093B00005
:10928000DDCF9091B0009F7DF9CF909190009F77B6
:1092900090939000D3CF909190009F7DF9CF3E2B7B
:1092A000DCCF8F929F92AF92BF92CF92DF92EF92DC
:1092B000FF926B017C010E940DAC4B015C01C1145B
:1092C000D104E104F104B9F00E940DAC68197909E8
:1092D0008A099B09683E73408105910580F321E06E
:1092E000C21AD108E108F10888EE880E83E0981EC2
:1092F000A11CB11CE4CFFF90EF90DF90CF90BF9006
:10930000AF909F908F900895A1E0B0E0EAE8F9EC6B
:109310000C9412EB8C016C01C60ED71EF12CE12CC3
:10932000C016D10609F444C0A0905F07B090600752
:10933000F80191908F019982C5010E9440EA981628
:1093400049F1692DC5010E9448EAFFEFEF1AFF0AB3
:10935000C7018F779927892BB1F062E070E080E038
:1093600090E09FDFC5010E9440EA9981891791F042
:109370000E94D5398CE79AE20E94BD3381E02196A4
:10938000EBE00C942EEB62E070E080E090E00E9455
:10939000E82AE8CFCE0101960E94F1AB80915F07E9
:1093A0009091600701969093600780935F07B8CF14
:1093B00080E0E5CF2FB7F8946091A32E7091A42E92
:1093C0008091A52E9091A62E2FBF08951F920F92E7
:1093D0000FB60F9211242F933F938F939F93AF93C8
:1093E000BF938091A32E9091A42EA091A52EB09111
:1093F000A62E3091A22E23E0230F2D3758F501968B
:10940000A11DB11D2093A22E8093A32E9093A42E74
:10941000A093A52EB093A62E8091A72E9091A82E52
:10942000A091A92EB091AA2E0196A11DB11D8093E5
:10943000A72E9093A82EA093A92EB093AA2EBF91E9
:10944000AF919F918F913F912F910F900FBE0F90F1
:109450001F90189526E8230F0296A11DB11DD2CFAB
:10946000FC01DB0111968C9111972281821770F11A
:109470009381981758F14C919581491738F51496B6
:109480005C910680F781E02D821B883018F0E90F8F
:10949000F11D8770969596959695642F677020E8D4
:1094A00030E002C0359527956A95E2F7989F802DA8
:1094B0001124469546954695840F9927991FE80FE4
:1094C000F91F8081552319F0282B208308952095BA
:1094D0002823FBCFDB01ED91FC91099508950F93B3
:1094E0001F93CF93DF938C01C4E4DDE2EDA9FEA9C5
:1094F00082E00995EDA9FEA981E0099530E020E020
:1095000044E1B80188E49DE2E5DF2BE73DE247E175
:10951000B80188E49DE2DEDFEDA9FEA980E00995AF
:10952000DF91CF911F910F910895A1E0B0E0EBE999
:10953000FAEC0C9419EB00914A2D10914B2DE0910F
:10954000792DF0917A2D82E0099530E020E04AE013
:10955000B80188E49DE2BEDF182FE091792DF091EB
:109560007A2D83E00995E091792DF0917A2D80E0B4
:109570000995112399F160914A2D70914B2D9E010F
:109580002F5F3F4F46E488E49DE2A4DF898180930A
:10959000482D60914A2D70914B2D9E012F5F3F4FBA
:1095A00047E488E49DE296DF89818093492D6091AC
:1095B0004A2D70914B2D30E020E048E488E49DE294
:1095C00089DF8093532D60914A2D70914B2D2BE7AD
:1095D0003DE247E188E49DE27DDF11E0812F2196A5
:1095E000E4E00C9435EBFF920F931F93CF93DF933E
:1095F000182FC42FD62FD40F01E0FF24FA948D2FFB
:109600008C1BC83020F5CC23E9F097E0C927609186
:109610004A2D70914B2D1093642D8093652D81E020
:109620008093672DCF5FC7708FEF90E001C0880FE8
:10963000CA95EAF78093662D24E63DE24BE388E481
:109640009DE248DFCDB7DEB7E5E00C9434EB6091E6
:109650004A2D70914B2D1093642D8093652D0093AE
:10966000672DF092662D24E63DE24BE388E49DE20F
:1096700031DFC850C4CFB0E0A0E0E1E4FBEC0C94D3
:1096800011EBA82EC62FB42ED22F7801242F220F33
:10969000220F220F0D2F462F682F88E49DE20E9493
:1096A000FEAC882331F1DC0F8B2C912CCB2CDA2CE7
:1096B0008701F801849160914A2D70914B2DD092D1
:1096C000642DC093652D1092672D8093662D24E63E
:1096D0003DE24BE388E49DE2FDDE0F5F1F4FCA943D
:1096E000F8E0DF0EC110E5CFE80CF91CCF5FDC130A
:1096F000DDCFCDB7DEB7ECE00C942DEBB0E0A0E011
:10970000E4E8FBEC0C9415EBEC01F42E122F062F81
:10971000020FEE24EA946C018CE1C80ED11C802F5C
:10972000811B1830F0F41123B9F097E019276A81F2
:109730007B818C8FFD8E1F8E1F5F17708FEF90E0E7
:10974000012E01C0880F0A94EAF78E8F9E01245ED5
:109750003F4F4BE3CE01BEDECDB7DEB7E8E00C9461
:1097600031EB6A817B818C8FFD8E1F8EEE8E960190
:109770004BE3CE01AFDE1850D2CF0F93CF93C82F5B
:1097800001E020E8482F60E088E49DE20E94FEAC02
:10979000882331F020E84C2F60E088E49DE2AEDFC2
:1097A000CF910F910895FF920F931F93CF93DF9363
:1097B000D82F162FF42EC22F022F242F462F682FBA
:1097C00088E49DE20E94FEAC8823C1F02F2D412F3A
:1097D0006D2F88E49DE292DF4C2F612F8D2F03DFE8
:1097E0008FEF8F0D4C2F612F8D0FFDDE4FEF4C0F44
:1097F000410F2F2D6D2F88E49DE280DFCDB7DEB7BE
:10980000E5E00C9434EBB0E0A0E0E9E0FCEC0C9473
:1098100016EB7C01162FC42FD22ED02F0E94FEAC47
:10982000882349F0DC0F2D2D4C2F612FC70166DFF7
:10983000CF5FDC13F8CFCDB7DEB7E7E00C9432EBA7
:10984000EF92FF920F931F93CF93DF93C82F7B016B
:10985000142FCB010E94632026E0C29FE001112457
:10986000112381F091E09093682D829F9001112443
:109870002E5F0CE042E36C2F615088E49DE2C3DF71
:109880001092682DC0937F2D8CE38093802D6FEF15
:109890007FEFC7010E948522112319F081E0809398
:1098A000682DCDB7DEB7E6E00C9433EBEF92FF9274
:1098B0001F93CF93DF93EC01EE85FF85309709F07E
:1098C0000995EA80FB80E9A9FAA982E00995E9A94E
:1098D000FAA981E0099530E020E045E1B701CE0129
:1098E000F9DD182F882339F09E012D5C3F4F47E1A9
:1098F000B701CE01EFDDE9A9FAA980E00995812F32
:10990000DF91CF911F91FF90EF900895DC011496A5
:109910008D919C9115978617970709F43CC0159671
:109920007C936E9314976115710579F157968C911C
:109930005797FB01811130C03596E4915896EC930E
:109940005897645F7F4FFB01649159966C935997C8
:1099500058968C915897082E000C990B59962C917B
:109960005997821B910927FD93955A962C915A97E6
:10997000203441F0829FC001112426E096958795FE
:109980002A95E1F75B968C935B9786E59CEA569661
:109990009C938E9355970895813041F43F96E491BE
:1099A0005896EC935897605F7F4FCDCF3D96E491EA
:1099B0005896EC935897625F7F4FC5CFB0E0A0E018
:1099C000E4EEFCEC0C940EEBEC01E62E142F622F6F
:1099D0000E9462AC6C0180E0C114D104B1F08C81B2
:1099E0009D810E9458ACA82EFB88BC888989E80E0E
:1099F0001B198A89181B0B2D2F2D412F6E2DCE017F
:109A00000E94FEAC811106C08889CDB7DEB7EFE0B9
:109A10000C942AEB87E0F80EF694F694F6948F2CCB
:109A2000912CCA0CD11C012F0B0D3E01ECE16E0EE6
:109A3000711C5601101741F35E2C11C0F501849181
:109A40006A817B815C8E1D8F1F8E8E8F93014BE30D
:109A5000CE0140DDFFEFAF1ABF0A88E0580E8A2D15
:109A60008C198F1558F31F5FC80CD91CE2CFFF92D9
:109A70000F931F93CF93DF93D82FF62E8A01E09197
:109A80005D2DF0915E2D88E49DE20995F80EC0E011
:109A9000F8012491222351F04F2D6D2F88E49DE28F
:109AA0008DDFD80FC80F0F5F1F4FF2CF8C2FCDB7B0
:109AB000DEB7E5E00C9434EB8DE00E946C338AE075
:109AC0000C946C33CF93DF93EC018991882319F0C8
:109AD0000E946C33FACFDF91CF910895CF93DF933B
:109AE0000E94D539C0915D07D0915E0785E19AE269
:109AF0000E94BD33CE01E6DF82E19AE20E94BD33CF
:109B0000DF91CF910895CF93DF93EB010E94BD3396
:109B1000CE01D8DF8AE00E946C33DF91CF910895A7
:109B20001F93CF93DF93182FEB010E94D53981E962
:109B300096E20E94BD338DE796E2113011F483E87E
:109B400096E20E94BD33BE0189E896E2DCDFDF9138
:109B5000CF911F910895CF93DF93EC018AED95E2A9
:109B60000E94BD33CE01AEDF87ED95E20E94BD338A
:109B7000DF91CF91089580919C2E8F7780939C2EBA
:109B80000E940D2B882329F081E08093842C109271
:109B9000872C089580919C2E84FF04C08460877F69
:109BA00080939C2E0895B0E0A0E0E9EDFDEC0C94CC
:109BB00015EBEDB6FEB6FC0101900020E9F79F0120
:109BC000281B390B285F3F4F4DB75EB7421B530B25
:109BD0000FB6F8945EBF0FBE4DBF0DB71EB70F5F37
:109BE0001F4F9F938F9380ED95E29F938F931F93C9
:109BF0000F930E94D0E3680154E0C50ED11C0F9072
:109C00000F900F900F900F900F90F60181916F01C0
:109C1000882349F0082E000C990B0E9429EDF601CB
:109C200031978083F2CF6BEC75E2C8010E9469E343
:109C3000C8010E940E7F0FB6F894FEBE0FBEEDBEA7
:109C4000E8E00C9431EBCF93DF9380919C2E8F7ED4
:109C500080939C2E8091BD2C882329F081E08093F5
:109C6000BA2C1092BD2C8091363190913731DC01A5
:109C7000ED91FC910190F081E02D4FE160E00995BC
:109C8000811111C00E94D5398FEB95E20E94BD333E
:109C900080919C2E84FD0E9420AD83E0809374010E
:109CA000DF91CF910895C0913631D091373161E085
:109CB000CE010E9464AD81110BC060E0CE010E9414
:109CC00064AD811105C00E94D2398BEA95E2DECFE6
:109CD0006CEF70E38AEB9CE20E948EAF811105C0AD
:109CE0000E94D2398AE995E2D1CF80919C2E806181
:109CF00080939C2E0E94D5398EE895E2C7CFFC0157
:109D0000938591FD13C0987121E0903109F020E016
:109D100080919C2E20FB85F980939C2E903141F000
:109D20008085873419F481858E3711F480E0089599
:109D300081E008959C01FC0190E08EE2DB014D91F1
:109D4000BD01403249F0983011F480833196DB0137
:109D500011974C91408331969F5F9B3079F7108229
:109D6000C90108950895B0E0A0E0E9EBFEEC0C9481
:109D700011EBEC018B81811106C080E0CDB7DEB71D
:109D8000ECE00C942DEB09891A892B893C89041786
:109D900015072607370788F34A015B01823031F443
:109DA00088869986AA86BB8681E0E8CF81149104D3
:109DB000A104B10449F4188619861A861B861C82F0
:109DC0001D821E821F82F0CF088519852A853B855A
:109DD000E98DFA8D858590E00996B901A801415079
:109DE000510961097109082E04C076956795579548
:109DF00047950A94D2F775016401E1E0CE1AD108C3
:109E0000E108F10804C0F694E794D794C7948A95C2
:109E1000D2F7C416D506E606F70620F0012B022B72
:109E2000032B11F58D899E89AF89B88D8C839D8315
:109E3000AE83BF838E010C5F1F4FC114D104E104B8
:109E4000F10409F4ADCF4C815D816E817F81980171
:109E5000898D9A8D0E94A9AE91E0C91AD108E108B6
:109E6000F1088111EACF89CFC41AD50AE60AF70AA8
:109E7000E1CFB0E0A0E0EFE3FFEC0C940BEBEC01E2
:109E80004B018A018B81811107C08FEF9FEFCDB706
:109E9000DEB7E2E10C9427EB898180FFF6CF898958
:109EA0009A89AB89BC89488559856A857B85841BDD
:109EB000950BA60BB70BA80170E060E0841795071F
:109EC000A607B70708F48C0168011E0124E0220EE2
:109ED000311CC114D10409F4AAC0488559856A858A
:109EE0007B855A0181E0B822898D9A8D2A013B0138
:109EF00039E076946794579447943A95D1F72B813B
:109F0000FC01223089F5628D738D848D958D640DF1
:109F1000751D861D971DE12C22E0F22EEA18FB0824
:109F2000CE14DF0408F47601E114E2E0FE0671F4D9
:109F30004090F6305090F7306090F8307090F930E3
:109F4000641575058605970509F04EC040E00E942E
:109F500031AD882309F499CFB5016A50714DA7013D
:109F6000C4010E943EED52C0F480FA94F420A11482
:109F7000B10471F4F1100CC0452B462B472B51F561
:109F80008D899E89AF89B88D8C839D83AE83BF8375
:109F9000E98DFA8D4C805D806E807F8022E0421AD0
:109FA000510861087108858504C0440C551C661C65
:109FB000771C8A95D2F786859785A089B189480E46
:109FC000591E6A1E7B1EC301B2016F0D711D811DDA
:109FD000911DA1CF4C815D816E817F8191010E9495
:109FE000A9AE8111D5CF51CFA091FA30B091FB30FD
:109FF000ED91FC9111970088F189E02D9401AB015E
:10A00000BC01CD010995882309F43FCF8E0C9F1C1C
:10A0100088859985AA85BB858E0D9F1DA11DB11DC3
:10A0200088879987AA87BB87CE18DF0852CFC801D7
:10A030002ECFB0E0A0E0EFE1F0ED0C9414EBEB01DB
:10A04000FC012381223008F497C040855185628548
:10A0500073854F71552766277727452B462B472B4E
:10A0600009F08AC08C011092E62B1092E52BC12CCE
:10A07000DD24DA947E01FBE0EF0EF11C8DE0B82EBA
:10A0800040E250E0BE01C801F4DE8032910559F093
:10A0900021E0892B09F420E0822F8195CDB7DEB72E
:10A0A000E9E00C9430EB2881222309F467C0253EB7
:10A0B00011F02E3229F41092E62B1092E52BE0CF0E
:10A0C0003B853F733F3009F042C04A8D5B8D452B85
:10A0D00061F52F713FEF320F353038F52150330BDA
:10A0E000B29EC001B39E900D11242D85009709F1F9
:10A0F000C21222C0DC01AB51B44DFE0120E02B3076
:10A10000F0F0468157814F3F510519F010F04FE5AF
:10A1100050E04D932F5F32962D3089F7288126FF2E
:10A1200004C0FC01EE50F44D10822B8523FDA8CF16
:10A13000B5CFC22ED12CDECFDD24D394DBCF25309A
:10A1400018F044815581DFCF41815281DCCFD1109D
:10A150000EC0FE0120E020FB279527F93191230F47
:10A16000EE16FF06C1F7C21601F3DD24D394109258
:10A17000E62B1092E52BD9CF8FEF90CF80E08ECFDA
:10A180000F931F93CF93DF93EB01DC0113962C9178
:10A19000211106C080E0DF91CF911F910F910895AA
:10A1A0002250223028F48FE28883198281E0F3CF95
:10A1B0008C01FC01648575858685978540E00E9449
:10A1C00031AD882339F3D8015096EC91B0E2EB9F82
:10A1D000F0011124EA50F14D3097E1F290E020E0D7
:10A1E0003EE24191403291F0283029F4DE01A90F7E
:10A1F000B11D3C939F5FBE01690F711DAF014150BE
:10A200005109DA014C91DB014C939F5F2F5F2B309A
:10A2100041F7C90FD11D1882BECFCF93DF93EC0158
:10A22000CB01E881F98160817181AADF28813981C0
:10A23000D901ED91FC91AA81BB818C9190819923E8
:10A2400059F08936C8F4CF010196F90191838083D2
:10A250008C918F5F8C93EACF893670F48FE2808384
:10A26000E881F98180819181019691838083EA81DF
:10A27000FB8180818F5F8083DF91CF91089540E0E3
:10A2800050E0BA0170CDA1E0B0E0E9E4F1ED0C944A
:10A2900011EB8C016B015A01FB01818D928DF8014C
:10A2A000928F818FCB01EBDF912CF6018085918518
:10A2B000A285B3854189528963897489841795077A
:10A2C000A607B70710F080E093C035E0B695A795D4
:10A2D000979587953A95D1F7F82FFF708F2EF60155
:10A2E0008381823080F341E050E0BE016F5F7F4F99
:10A2F000C601BFDD019739F7F60180859185A285FA
:10A30000B3854F96A11DB11D80879187A287B38722
:10A31000F0E28F9EC00111249C012A50314D790139
:10A320002115310581F2F9018081882309F467C084
:10A33000853E19F4911078C064C04BE050E0B9013B
:10A34000C5010E9431ED892B09F0AFCFF801818D55
:10A35000928D4091F6305091F7306091F8307091C5
:10A36000F9304487558766877787808AF701848824
:10A370009588B12CA12C540199248824F801858A50
:10A38000968AA78AB08EF701428D538D70E060E007
:10A39000482959296A297B29F801458B568B678BF7
:10A3A000708FF7012385287161F0203129F598011C
:10A3B0002F5E3F4F0E9425AF8823F1F084E0F80123
:10A3C0000BC0F701848D958DA68DB78DF801818B1B
:10A3D000928BA38BB48B81E0838381E0F80181832E
:10A3E00014821582168217821086118612861386B1
:10A3F0002196ECE00C942DEBF801138264CF9110C0
:10A4000062CF8091F6309091F730A091F830B09102
:10A41000F930F80184879587A687B787808AF70186
:10A420008081882309F44FCF992493943ECFA1E4EF
:10A43000B0E0EDE1F2ED0C940BEB4C015B017A0125
:10A440001C8E1F8E19821C826115710531F480E00B
:10A45000CF5BDF4FE2E10C9427EBFC01838181119C
:10A46000F6CFFA0180818F3269F18B016E01FCE138
:10A47000CF0ED11C260180E2382E222423943601EF
:10A4800022963FAE229721963FAE21973FAE3EAE39
:10A490003DAE3CAE3BAE3AAE39AE38AE3FAA9701C8
:10A4A00090E047E0D9018D91882309F447C08F32AD
:10A4B00009F444C08E3209F54A3049F298E04AE086
:10A4C0009D01F0CFFB01838182508230A0F0618D2D
:10A4D000728DCE0101960E948EAF882309F4B7CF0A
:10A4E0008E010F5F1F4FC7017C010196F70120818C
:10A4F0002F32D1F3BBCF8B01F6CFEDECFAE22491F2
:10A50000222321F031968213FACFA1CF491708F404
:10A510009ECF813208F49BCF8F3709F498CF3FE963
:10A52000380F3A3108F420EEE7E3F0E0EC0FFD1FBE
:10A53000E90FF11D820F80839F5FC2CF8FA9803208
:10A5400009F485CF7901F90180812F5F3F4F8F3268
:10A55000C9F3AE01495C5F4FB8018823A1F0C60181
:10A5600092DE882309F473CFA016B10619F0F80122
:10A5700020821382CE010196C414D50409F0C301D0
:10A5800086016C017DCFC4017EDE62CFA4E0B0E025
:10A59000ECECF2ED0C940BEB382E6B012DB73EB7C3
:10A5A0003C832B838091EE2E811107C01092D32E15
:10A5B0001092D62E81E08093EE2E8091CB2E8111C9
:10A5C00007C01092B02E1092B32E81E08093CB2E54
:10A5D000DA018C918F3209F079C08AEB9CE2F601A6
:10A5E000918380834F5F5F4F31101092912EF6015F
:10A5F0000190F081E02DFA83E9838A0123EDE22EB8
:10A600002EE2F22E3BE1232E01151105E1F14DB6AC
:10A610005EB66FE270E0C8010E9461ED4C01081760
:10A62000190760F53C01601A710A7724C30101968D
:10A630002DB73EB7281B390B0FB6F8943EBF0FBE9F
:10A640002DBF8DB79EB701965C01A301B8010E9492
:10A6500081EDF501E60DF71D1082E1E0D701EC93E5
:10A6600013961C92D6016D917C91A501C701DFDE86
:10A67000811132C0C5016FDA10E000E00FB6F89426
:10A680005EBE0FBE4DBE3320A9F0D601ED91FC9108
:10A690008BE1AFE9BCE201900D928A95E1F791E080
:10A6A0008091912E811190E080919C2E90FB86F9F3
:10A6B00080939C2EC801EB81FC810FB6F894FEBFFD
:10A6C0000FBEEDBF2496E2E10C9427EB8FE99CE2EC
:10A6D000D6018D939C938BCFD601ED91FC9129816E
:10A6E0003A812E173F0719F031E030831382D601EB
:10A6F000ED92FC92332099F0A091912EAA3078F43B
:10A7000081E08A0F8093912E2A9ED0011124AD57AB
:10A71000B24DF701822D01900D928A95E1F7B3EDCC
:10A72000EB16BEE2FB0669F490EBE92E9EE2F92EF1
:10A7300084010F5F1F4F0FB6F8945EBE0FBE4DBE73
:10A7400063CF83EDE82E8EE2F82EF2CFA7E2B0E0E1
:10A75000ECEAF3ED0C9418EB80919C2E84FF73DAF5
:10A7600080919C2E84FF40C08091922E90E08F9625
:10A770009F938F9386E996E29F938F938E01045E59
:10A780001F4F1F930F930E94D0E380919C2E0F9038
:10A790000F900F900F900F900F9084FBFF24F0F814
:10A7A00084FF22C01FA21EA2A801BE016A5D7F4FC6
:10A7B00080E0ECDE0097C1F019821C826EA17FA1BF
:10A7C000AC01CE01019633DE882371F00E9420ADEA
:10A7D000C801E9D98091922E8F5F8093922E8F2DA0
:10A7E000A796E5E00C9434EB1092922EF12CF7CF63
:10A7F000A6E5B0E0EEEFF3ED0C940FEB5C017B010E
:10A800006DB67EB6BE016F5F7F4FC50112DC1816B4
:10A810000CF05AC08C858871803109F05FC08DB60C
:10A820009EB610E000E0E114F10439F0F701019068
:10A830000020E9F78F010E191F09C8010D962DB7E9
:10A840003EB7281B390B0FB6F8943EBF0FBE2DBF85
:10A850008DB79EB701966C01080F191FE114F10422
:10A8600039F0B7010E946CED8FE2F80131978083D7
:10A87000BE016F5F7F4FC8015DDA19A21CA2A8015B
:10A88000B501CE018196D3DD882399F08BE1FE01DD
:10A89000B196DE01DC9601900D928A95E1F7B60142
:10A8A000CE01CC96A5DF0FB6F8949EBE0FBE8DBE2E
:10A8B000A9CF0E94D539B8018AE795E224D90FB60D
:10A8C000F8949EBE0FBE8DBE0FB6F8947EBE0FBE2E
:10A8D0006DBECA5ADF4FEEE00C942BEBCE01019611
:10A8E0000EDA882309F48ECFE114F10429F0C701B0
:10A8F000E9D88FE20E946C33BE016F5F7F4F8EE418
:10A9000097E018DADFD880E20E946C336D8D7E8D7F
:10A910008F8D98A10E94E0B0CFD874CFAFE3B0E0A4
:10A92000E4E9F4ED0C9415EB20919C2E24FF8BC0F0
:10A93000F62E8C0181E0681709F48FC0681708F4BF
:10A9400086C092E0691709F41CC180919C2E877F14
:10A950008B7F80939C2E0FD9A801BE01625C7F4F34
:10A9600081E014DE8C01009709F46DC06EAD7FADFF
:10A97000AC0184E89CE25BDD882309F409C1809185
:10A98000952C9091962CA091972CB091982C809317
:10A99000942E9093952EA093962EB093972E10926E
:10A9A000982E1092992E10929A2E10929B2E85E03E
:10A9B00096E20E94BD33C80185D8C090942ED090F5
:10A9C000952EE090962EF090972E8DEF95E20E94B6
:10A9D000BD33C701B6010E94E0B08AE00E946C332B
:10A9E0008EEE95E20E94BD338FE99CE248DC8BE15C
:10A9F000EFE9FCE2DE01919601900D928A95E1F774
:10AA0000BE016F5F7F4FCE01819613DB181694F461
:10AA1000CE01019674D9882399F3BE016F5F7F4FF1
:10AA20008EE497E087D96EE477E0C8010E944EED8E
:10AA3000892B31F78091E52B882311F005EE1BE27D
:10AA4000C8010E9458B1EF96E8E00C9431EBB801D0
:10AA500082E066D81092932E78CF0E940D2B811140
:10AA600004C0B80181E05CD870CFE090932EEE2056
:10AA700091F00E94D23961E070E08EE596E20E948A
:10AA8000BC3B8AE00E946C3340E070E060E08DE403
:10AA900096E20E946E3C89E596E09DAF8CAF8FE216
:10AAA00080935806F9A2CE01CC969A8389834B975E
:10AAB0009C838B838BE1F82E8091912EE81650F4C5
:10AAC000EF9CB00111246D57724DCE010196A5DBAC
:10AAD000E394F2CF89A18B3550F464E87CE2CE0197
:10AAE00001969BDB8CAD9DAD01979DAF8CAFECAD1E
:10AAF000FDAD1082E091932E84E0E89FF0011124D7
:10AB0000EC5AF94F8091982E9091992EA0919A2EFF
:10AB1000B0919B2E80839183A283B3830E94D53909
:10AB200084E396E20E94BD33C8010E9462CDE090AA
:10AB3000932E99E6E99E70011124C701885A994F16
:10AB40007C0189E296E20E94BD33C7010E9462CD7A
:10AB5000C090982ED090992EE0909A2EF0909B2E37
:10AB600083E296E20E94BD33C701B6010E94E0B0C5
:10AB70008AE00E946C338091932E8F5F8093932E96
:10AB8000E4CE0E94D53983E196E20E94BD33DDCE4A
:10AB9000C8010E94ABCD57CF8F929F92AF92BF92C8
:10ABA000EF92FF920F931F93CF93DF938C01EB01F2
:10ABB0007A010E94DAC94B015C012CE2820E21E08D
:10ABC000921EA11CB11C0E94AB47F80186838F3FE7
:10ABD00069F40E94DAC9681979098A099B0997FD05
:10ABE000F2CF81E1F8018483C0E021C08E3F71F58E
:10ABF000F1E0EF1AF1088FEF8EBDFE012FEF0DB4DB
:10AC000007FEFDCF8EB581932EBDCF018C1B9D0B12
:10AC10008E159F05A0F30DB407FEFDCF8EB5CE0DAA
:10AC2000DF1D88830E94AB470E94AB47C1E0C8018B
:10AC30000E947C648C2FDF91CF911F910F91FF9028
:10AC4000EF90BF90AF909F908F9008958FE0CACF04
:10AC50000F931F93CF93DF93EC018B010E946F64DE
:10AC600040E052E0B801CE0197DFDF91CF911F9114
:10AC70000F9108950F931F93CF93DF93EC018901F8
:10AC80008F81833039F089E0440F551F661F771F8D
:10AC90008A95D1F79A01AB0161E1CE010E948464EB
:10ACA000882359F084E08C83CE010E947C6480E08C
:10ACB000DF91CF911F910F91089540E052E0B801CC
:10ACC000CE016ADFF5CFA0E2B0E0E9E6F6ED0C9444
:10ACD0000BEB8F8F70932807609327070E944BC759
:10ACE000D0903807FD2C85E0C82EEE24E39491E146
:10ACF000A92E99E2B92ECE0101964C015C2C5D186B
:10AD000084E08D1988A383E0382E3D1882E0282E38
:10AD10002D184D2C41949F8D913009F469C008F491
:10AD20003DC0923009F48FC08091B5129091B61257
:10AD3000A091B712B091B812809323079093240783
:10AD4000A0932507B0932607F110EEC0EE20D9F0AE
:10AD500080913B071816BCF040913D0750913E078B
:10AD600060913F07709140074F5F5F4F6F4F7F4F7C
:10AD700040933D0750933E0760933F077093400711
:10AD80008F5F80933B0780917401882369F143E0D2
:10AD900063E479E2842D0E9409C626C0F110C4C084
:10ADA000EE20D9F080913B071816BCF040913D078A
:10ADB00050913E0760913F07709140074F5F5F4F92
:10ADC0006F4F7F4F40933D0750933E0760933F077F
:10ADD000709340078F5F80933B078091740143E03D
:10ADE0006FE579E28111D6CF9F8D923051F554C035
:10ADF000F1109AC0EE20D9F080913B071816BCF0F4
:10AE000040913D0750913E0760913F077091400788
:10AE10004F5F5F4F6F4F7F4F40933D0750933E070B
:10AE200060933F07709340078F5F80933B0780914B
:10AE30007401882331F043E068E579E2842D0E94B3
:10AE400009C685E06AC0F1106FC0EE20D9F080918C
:10AE50003B071816BCF040913D0750913E076091AA
:10AE60003F07709140074F5F5F4F6F4F7F4F409399
:10AE70003D0750933E0760933F07709340078F5FF5
:10AE800080933B0780917401882331F043E061E5B2
:10AE900079E2842D0E9409C66DB67EB68E010B5EE6
:10AEA0001F4F23E041E06DEC7CEC8CEC9CE30E94B6
:10AEB000B8DF9F938F93BF92AF929F928F920E9421
:10AEC000D0E30F900F900F900F900F900F9085E0B0
:10AED000F8120AC080913B07853009F4ABC080911D
:10AEE00074018111BDC0E12C80917401882379F037
:10AEF00095E0F9120CC010927F2D84EFC89E802D32
:10AF00001124885B8093802DC4010E94D2230FB648
:10AF1000F894DEBF0FBECDBF86E0F394CA94C11093
:10AF2000FACE8093390726C081E0F81227C08091BD
:10AF30003B07813099F080917401882369F061E0CA
:10AF40006D1981E090913B07913009F080E024E099
:10AF500049E359E20E9469C6E12C46CF809122075D
:10AF600010922207882339F30E94908380913A0738
:10AF7000882309F3A096E2E10C9427EB92E0F91202
:10AF80007CC080913B07823079F0809174018823E6
:10AF900019F381E090913B07923009F080E023E0C3
:10AFA0004FE259E2622DD6CF8091220710922207FC
:10AFB000882359F38CE190E80E947A8C80913A07BB
:10AFC000882319F3D7CF8091220710922207882374
:10AFD00009F45BC087E090E80E947A8C80913A0780
:10AFE000882309F452C0C6CF84E0F812FDCE8091C8
:10AFF0003B07843081F080917401882309F4ACCF41
:10B0000081E090913B07943009F080E023E04BE130
:10B0100059E268A19FCF80912207109222078823CE
:10B0200051F382EF9FE70E947A8C80913A07882340
:10B0300011F3A0CF8091220710922207882309F4F0
:10B040004ECF8DED9FE70E947A8C80913A0788233E
:10B0500009F445CF0FB6F894DEBF0FBECDBF8ACF3F
:10B0600081E090913B07953009F080E023E040E1DA
:10B0700059E2652D0E9469C636CF83E0F812B4CF3D
:10B0800080913B07833009F49ECF8091740188231F
:10B0900009F462CF81E090913B07933009F080E0A2
:10B0A00023E046E259E2632D55CFCF93DF93C82FBB
:10B0B000D62F87FD2AC026E08202F0011124E45E2B
:10B0C000F84F808191811816190644F4853021E0EB
:10B0D000920714F084E091E00E947A6BD7FF17C0CA
:10B0E00086E0C802F0011124E45EF84F8481958166
:10B0F0008F3F910519F010F08FEF90E080938D074E
:10B100000E943180DF91CF91089567FDF9CF26E04D
:10B11000D202F0011124E45EF84F82819381181667
:10B1200019065CF48337910514F083E790E090935F
:10B130001A07809319070E945E18C7FFD1CFE0CF8E
:10B14000EF92FF920F931F93CF93DF93182F8BEA09
:10B1500097E00E94BD33D0E0C0E0E12EF12CC701A2
:10B160000C2E02C0959587950A94E2F780FF0AC0DD
:10B17000FE01EA56FE4F008180E20E946C33802F70
:10B180000E946C332196C330D10549F713FF09C0E3
:10B1900080E20E946C3385E40E946C3380E30E945D
:10B1A0006C3388EA97E00E94BD33CDB7DEB7E6E0A6
:10B1B0000C9433EB1092BA2C1092BD2C10929F2C51
:10B1C0001092A22CE3E8FDE2108213827B964EE2FD
:10B1D000E139F407C9F789E492E090932F31809325
:10B1E0002E311092303189E1809332311092353115
:10B1F000109213311092842C1092872C1092D52C1F
:10B200001092D62C1092D72C1092D82C1092D92CA8
:10B210001092DE2C1092DF2C1092E02C1092E12C78
:10B220001092E22C80910B2D8C3008F0CEC091E072
:10B23000980F90930B2D80930C2D90E0FC01EE0F56
:10B24000FF1FE80FF91FE951F34D88EB9BE0928354
:10B2500081838FE09DE290931C2D80931B2D109293
:10B260003E2D10923F2D1092402D1092412D1092A4
:10B270003A2D10923B2D10923C2D10923D2D1092A4
:10B28000362D1092372D1092382D1092392D1092A4
:10B29000322D1092332D1092342D1092352D1092A4
:10B2A0002E2D10922F2D1092302D1092312D1092A4
:10B2B0002A2D10922B2D10922C2D10922D2D1092A4
:10B2C000262D1092272D1092282D1092292D1092A4
:10B2D000222D1092232D1092242D1092252D1092A4
:10B2E0002A3110922B3110922C3110922D31109264
:10B2F0002631109227311092283110922931109264
:10B300002231109223311092243110922531109263
:10B310001E3110921F311092203110922131109263
:10B320001A3110921B3110921C3110921D31109263
:10B33000212D1092202D10921F2D10921E2D109253
:10B340001D2D8BE19BE29093432D8093422D109213
:10B35000472D1092462D87E692E09093452D8093DD
:10B36000442D91E09093822D2EE231E330933731DA
:10B370002093363180919C2E847E8B7F80939C2EEF
:10B380001092982E1092992E10929A2E10929B2E17
:10B390001092942E1092952E1092962E1092972E17
:10B3A0001092932E1092922E1092912EE3E8FDE2CD
:10B3B0002EE031E0DF01A9011D9241505040E1F73C
:10B3C00090939E2E10929F2E08958FEF80930C2DB8
:10B3D00040CFA0E2B0E0EFEEF9ED0C940BEB7894E7
:10B3E00084B5826084BD84B5816084BD85B582608A
:10B3F00085BD85B5816085BD80916E00816080933B
:10B400006E001092810080918100826080938100A3
:10B4100080918100816080938100809180008160B3
:10B42000809380008091B10084608093B10080910E
:10B43000B00081608093B000809191008260809321
:10B4400091008091910081608093910080919000A3
:10B4500081608093900080917A00846080937A006C
:10B4600080917A00826080937A0080917A00816076
:10B4700080937A0080917A00806880937A0010929D
:10B48000C10010913E311092C0008091C0008260D6
:10B490008093C0001092C50080E18093C400809129
:10B4A000C10080618093C1008091C1008860809359
:10B4B000C1008091C10080688093C1008091C1006B
:10B4C0008F7D8093C1000E94DAC96B017C0128EE58
:10B4D000C20E23E0D21EE11CF11C8EE99EE20E9406
:10B4E0004D31811108C00E94DAC96C197D098E099D
:10B4F0009F0997FDF8CF89E798E20E94BD330C9A27
:10B50000149810FF04C080E798E20E94BD3311FF39
:10B5100004C08FE598E20E94BD3312FF04C08DE4A1
:10B5200098E20E94BD3313FF04C08CE398E20E94AE
:10B53000BD3315FF04C08BE298E20E94BD338BE15E
:10B5400098E20E94BD330E94D5398EED97E20E94A9
:10B55000BD330E94D53986EC97E20E94BD330E942C
:10B56000D53980913831909139318E010F5F1F4F5D
:10B57000B801009709F47CC0681B790B87EB97E250
:10B580000E94BC3B80EA97E20E94BD3360EC7AE007
:10B5900080E090E00E94E0B08AE00E946C330E945C
:10B5A000F11F0E941AC38091A02E811107C00E9432
:10B5B0008383882319F081E08093A02E0E948F7AE4
:10B5C0001092C406559A5D98549A5C98249A2C9AC5
:10B5D000E4EFF8E2E491E73030F0E93008F44BC0F2
:10B5E000EB3008F4AEC087ED80937A0010927E00B5
:10B5F00080917E00806880937E0080917E008064D0
:10B6000080937E0080E888BD80916E008460809386
:10B610006E00EEE9F7E2C590D490F5E0CF16D104C4
:10B620001CF485E0C82ED12CD0927001C0926F011D
:10B630000D2C000CEE08FF0800916B0110916C01BD
:10B64000C8010E942DB24B015C01C701B6010E94E6
:10B650003DE49B01AC01C501B4010E9437E487FFC2
:10B6600027C10051110910936C0100936B01E4CFC5
:10B670006E53714383CF32E0388F40EB50E05A8FE6
:10B68000498F81EB90E09F8B8E8B18A21F8EEFEF7E
:10B69000F0E0FB8BEA8B80E1EBE2F2E0D801019075
:10B6A0000D928A95E1F788248394912C11E000E0B3
:10B6B000EE24EA94F12C2DEF30E03D8B2C8B412CC5
:10B6C00094E2592E94EF692E712C898A388D32308C
:10B6D00009F448C0482D433009F4A7C0453009F4A7
:10B6E000A4C0F401EE0FFF1F81E090E08C0F9D1FBE
:10B6F000E80FF91F80819181ECE8FAE78E9F9001B5
:10B700008F9F300D9E9F300D112450E040E0C3010B
:10B71000B2010E9487EAC901019736952795CC248A
:10B72000C394D12C009731F0CA88DB888C159D0515
:10B7300008F46C0121153105D1F422242394312C15
:10B740001CC0F3E0F88F20E930E03A8F298F41E9FF
:10B7500050E05F8B4E8B86E990E098A38F8FEFEFE0
:10B76000FFEF97CFCC24CA94D12C2FEF30E02A885A
:10B770003B882215330508F41901F401EE0FFF1F71
:10B7800021E030E02C0F3D1FE20FF31FA080B180BD
:10B79000C60101968A9D90018B9D300D9A9D300DBA
:10B7A000112450E040E0C301B2010E9487EA2B8FD0
:10B7B0003C8F4D8F5E8FAA0CBB1CA29C9001A39C5A
:10B7C000300DB29C300D112450E040E0C301B201B5
:10B7D0000E9487EAEC89FD89EC58FA47F7FF03C01D
:10B7E000F195E195F1096B8D7C8D6C587A4777FF67
:10B7F00003C0719561957109C9018C589A4797FFEB
:10B8000003C09195819591096E177F07ECF5861716
:10B810009707D4F1388D323009F443C04B8D5C8DDD
:10B820005D8B4C8B098976011EE0FFEF8F1A9F0A12
:10B8300028E08216910409F048CFE98DFA8D8081C5
:10B840008C7F912F9370892B8083EE89FF892081D3
:10B85000812F90E0959587959595879543E0880F82
:10B86000991F4A95E1F7277E822B80838081887F0C
:10B870000770082B0083F88DF23009F4B4CEEF8DF9
:10B88000F8A1F182E082AFCE8E179F0774F6888D03
:10B890003D8B2C8B098971011AE0823031F613E05F
:10B8A000C4CFEB8DFC8DFD8BEC8B09897601F7CF36
:10B8B000E2EAF6E2C590D49021E0C21AD10834E160
:10B8C000C31631E0D30624F003E1C02EDD24D39467
:10B8D000D0927201C09271010D2C000CEE08FF088D
:10B8E00000916D0110916E01C8010E942DB24B01B3
:10B8F0005C01C701B601C1D79B01AC01C501B40110
:10B900000E94A6EC18163CF4005F1F4F10936E01C6
:10B9100000936D01E5CF8091690190916A010E94C9
:10B92000E46920E030E040EA50E4A1D787FF0AC094
:10B930008091690190916A01409790936A01809388
:10B940006901E9CF8091C2069091C3060E94E46923
:10B9500020E030E04AEF52E40E94A6EC181654F4BE
:10B960008091C2069091C30640969093C30680933F
:10B97000C206E8CF0E94147D3A98429A3B98439AB7
:10B980003C98449A1092C6061092C5060E94A67B67
:10B990003D9A3F9A229A209A569A5E9A569A5E9AB1
:10B9A0000D9A159A569A5E9A579A5F985E9A809168
:10B9B0004C078E7F80934C073E9A46985E9A809102
:10B9C0004C078D7F80934C07239A2B98159A809172
:10B9D0004C078B7F80934C07219A29985E9A80911F
:10B9E00080008C7F8093800080918100877E8860BA
:10B9F00080938100809180008F738093800080917C
:10BA00008100887F82608093810080E090E4909341
:10BA100089008093880010928500109284000E9413
:10BA2000636E789483E08093C7060E94F36A8091E6
:10BA30000C2D8C3008F042C090E0FC01EE0FFF1F8F
:10BA4000E80FF91FE951F34D808180788B61808385
:10BA50008BE10E944BC210920D2D10920E2D809101
:10BA60000C2D2CE0622F0E94C2EA829FB0011124AB
:10BA700030E020E0AB01420F531FFA01EE0FFF1F31
:10BA8000E40FF51FE951F34D908197FD09C02F5F39
:10BA90003F4F2C30310571F7811102C00E945E3199
:10BAA000E0910C2D8E2F90E0FC01EE0FFF1FE80FB0
:10BAB000F91FE951F34D8081806880838CE09DE21D
:10BAC0000E944F316AE570E08CE09DE20E946E3189
:10BAD00010924D070E94A67B0E9496320E9451321E
:10BAE0008091C80681112AC00E94683276E9C72E6B
:10BAF000D12CE12CF12CC982DA82EB82FC82BE01CE
:10BB00006F5F7F4F8CE80E943432C982DA82EB8209
:10BB1000FC82BE016F5F7F4F82E80E943432C9828F
:10BB2000DA82EB82FC82BE016F5F7F4F8CE80E945D
:10BB300034320E94513281E08093C80688E198E255
:10BB40000FB6F894A895809360000FBE90936000A4
:10BB500083E080930C0721E6D22E3DE0432E4AE09D
:10BB6000542E50E8A52E58E2B52E63E0C62E80E094
:10BB70000E94183D80919C2E87FF23C01092922E28
:10BB8000877F8B7F80939C2E0E94BBCD1092A41345
:10BB90001092A3131092A2130E94C6780E944D6CBB
:10BBA0008EEF0E94077A0E948F7A0E94627D0E9427
:10BBB000CC6910928D0710927301B092CA06A092C0
:10BBC000C90680910C078DB69EB610E000E0843067
:10BBD00009F441C08DB69EB66091C9067091CA063F
:10BBE00010E000E06115710509F078C08091CB0686
:10BBF000882309F414C1EBECF6E08F010B5C1640CE
:10BC0000F190FF2019F09AE0F912F7CF0115110514
:10BC100059F0F801E553F94F10828BEC96E00E9441
:10BC20003A2580E00E946A4981E0F11001C080E07D
:10BC3000800F982FE92FF0E0E553F94F2081E92F8D
:10BC4000E81BF0E0E553F94F2083222309F480C07C
:10BC50009F5FF0CF8C01F801EA57F74DE491C801DE
:10BC60000196EE2311F0EA30A9F74DB75EB7481BF5
:10BC7000590B0FB6F8945EBF0FBE4DBF8DB79EB780
:10BC800001967C01A80166E878E21AD5F701E00F79
:10BC9000F11F1082F70180818B33C9F08091A213CC
:10BCA0008034A8F48091A4138D9DC0011124B701A4
:10BCB0008B559C4E0E946CED81E00E947DB10FB6C9
:10BCC000F8949EBE0FBE8DBEC0920C0783CF0FB6F8
:10BCD000F8949EBE0FBE8DBE7DCF8301FB01E00FA9
:10BCE000F11F34903801FFEF6F1A7F0A332019F0EB
:10BCF0002AE03212F2CF4DB75EB7461957090FB698
:10BD0000F8945EBF0FBE4DBF8DB79EB701967C0104
:10BD1000A801D6D4F701E00FF11F1082332009F4F7
:10BD20007BC08091C9069091CA06680E791E7092F8
:10BD3000CA066092C906012B31F0C7010E943A255C
:10BD400080E00E946A490FB6F8949EBE0FBE8DBE79
:10BD500090910B078091A12E981709F408CF80913C
:10BD60000B078093A12E80910B07882309F4FFCE47
:10BD70000E94D53981EE98E20E94BD3380910B0775
:10BD800010E280FF0AC080E00E949C78AB01BC01F9
:10BD90008DED98E20E947D3418E580910B0700E25A
:10BDA00081FF0AC081E00E949C78AB01BC0189ED53
:10BDB00098E20E947D3409E580910B0782FFA4C0C0
:10BDC00082E00E949C78AB01BC0185ED98E20E9464
:10BDD0007D349AE5F92E8AE00E946C331F9280E24E
:10BDE0008F931F92FF921F920F931F921F938DEBC1
:10BDF00098E29F938F9386EC98E29F938F931F9284
:10BE00000E9480942DB73EB7235F3F4F0FB6F89442
:10BE10003EBF0FBE2DBFABCE712C612C88CF809161
:10BE2000A213882309F494CF80919C2E80FF66C0D2
:10BE3000E090A313ED9C70011124F701EB55FC4E2B
:10BE40007F0169EB78E2CF0191D4009729F0FC01E2
:10BE5000838180538A30E8F5F70101900020E9F7EB
:10BE600031978F010E191F096EE470E0C7010E941F
:10BE700061ED009739F501501109F701E00FF11F4D
:10BE800041825282138281E08093842C0E94D239B5
:10BE90008FE898E20E94BD3380919C2E81FD2EC0D8
:10BEA000E091A313DE9EF0011124EB5FFB4E808135
:10BEB000811117C08CE898E20E94BD338AE00E948D
:10BEC0006C330FC06AE270E00E9461EDFC013197B3
:10BED000D7CF0E946AC286EA98E20E94BD330E94D0
:10BEE0006C348091A3138F5F803458F48093A31334
:10BEF0008091A21381508093A2132ACF0E94775E73
:10BF0000F0CF1092A313F4CF80E2F82E64CFCF933A
:10BF1000C82F8FE30E946C338C2F0E946C338EEFFE
:10BF200099E20E94BD3386EF99E20E94BD3383EF10
:10BF300099E20E94BD33CF910895CF93DF9384E8B7
:10BF40009CE20E94B2CEC1E9DEE26B97CE010E9474
:10BF5000B2CE8DE2C338D807C1F78FE99CE20E94C8
:10BF6000B2CE8AEB9CE20E94B2CEDF91CF910895CF
:10BF7000EF920F931F93CF93DF93E80134E047FDD7
:10BF800034E1042E000C550B57FF03C05195419529
:10BF90005109E32E022F242FAE0127D7CE01DF91C6
:10BFA000CF911F910F91EF9008958F929F92AF9232
:10BFB000BF92CF92DF92EF92FF920F931F93CF9396
:10BFC000DF935C017B016115710519F0DB018D9335
:10BFD0009C9385010F5F1F4FF501D0818D2F90E05D
:10BFE00067D36C01892BA9F5DD32A9F50F5F1F4FCF
:10BFF000D5011196DC91C1E05801F1E0AF1AB1080A
:10C0000043E050E064E970E0C50189D3892B61F514
:10C01000680182E0C80ED11C45E050E06FE870E096
:10C02000C6017DD3892B21F4680197E0C90ED11C8C
:10C03000E114F10419F0D701CD92DC9260E070E0D8
:10C0400080E89FEFC111FAC060E070E080E89FE7F0
:10C05000F5C05801BECFDB3229F485010E5F1F4FBA
:10C06000F501D181C0E0C8CF43E050E06CE870E05A
:10C07000C50155D3892BE9F0F80110E000E020E07C
:10C0800030E0A9015F01B0ED8B2E8D0E89E088159F
:10C09000C8F19C2E689491F88C2F8870C2FF16C04E
:10C0A000811102C00F5F1F4F3196D501DC91C92D60
:10C0B000E9CFE114F10429F00E5F1F4FF70111835E
:10C0C000008360E070E080EC9FE7B8C0882311F047
:10C0D00001501109A5E0B0E00E94A3EA9B01AC0168
:10C0E000220F331F441F551F280D311D411D511DA7
:10C0F000283999E93907490799E15907A8F2C66033
:10C100009C2ED2CFAEEF8A1206C0C3FD3CC09C2E3F
:10C11000689493F8C9CFDF7DD534A9F580818D323D
:10C1200039F4C061DF011296818162E070E006C0DF
:10C13000DF018B32C1F3119661E070E080535D0145
:10C14000A61AB70A8A30F8F4E0E8CE16ECE0DE066C
:10C150005CF4B601660F771F660F771FC60ED71EF9
:10C16000CC0CDD1CC80ED11C5D01FFEFAF1ABF0A5D
:10C170008C9180538A3098F1C4FF03C0D194C1944C
:10C18000D1080C0D1D1DC1FF09C0E114F10431F0EF
:10C1900081E0A81AB108D701AD92BC92CA01B901D9
:10C1A0006AD3C370C33009F490584B015C0120E09E
:10C1B00030E0A9015CD3882309F43EC0C3ECD0E091
:10C1C00017FF05C0119501951109CBEAD0E06E016A
:10C1D000B8E1CB1AD10880E2E82EF12C0EC0D501CF
:10C1E000B3CFFE0125913591459154910E191F0948
:10C1F000C501B401A1D34B015C01D501C4010E15E9
:10C200001F057CF72497F594E794CC16DD06A9F773
:10C210008A2F880F8B2F881F8F3F41F020E030E05E
:10C22000A901C501B40123D3811106C082E290E0C7
:10C2300090933D3180933C31C501B401DF91CF91A2
:10C240001F910F91FF90EF90DF90CF90BF90AF9034
:10C250009F908F9008953F924F925F926F927F923E
:10C260008F929F92AF92BF92CF92DF92EF92FF9206
:10C270000F931F93CF93DF935C016B017A016115DC
:10C28000710519F0FB0191838083E114F10451F0F1
:10C29000C7010297839730F040E030E020E090E063
:10C2A0006AC05E01E5012196F5011081812F90E0C1
:10C2B000FFD1892BB1F71D3201F52196F5011181CE
:10C2C00001E0E114F10409F4E6C0F0E1EF16F10435
:10C2D00009F088C0103359F488818F7D883509F0C2
:10C2E0007CC0198122960260F0E1EF2EF12C812CA6
:10C2F000912CA12C88E0B82E92C01B3221F4E501CC
:10C300002296F501118100E0DCCFEAE0EE16F1049F
:10C3100009F4C7C0F0E1EF16F10409F073C0E7CFEC
:10C3200078E0E72EF12C812C912CA12C60E1B62E27
:10C3300076C021E0ADC0302F3170C114D10431F08E
:10C34000222371F12197F601D183C08327FF2EC0EC
:10C3500060E070E080E090E8311104C06FEF7FEFA3
:10C360008FEF9FE722E230E030933D3120933C3164
:10C37000462F372F282F642F732F822FDF91CF91D5
:10C380001F910F91FF90EF90DF90CF90BF90AF90F3
:10C390009F908F907F906F905F904F903F90089507
:10C3A00001FF04C02297F601D183C083332341F0FB
:10C3B00090958095709561957F4F8F4F9F4FD8CF07
:10C3C00097FFD6CF82E290E090933D3180933C314D
:10C3D0006FEF7FEF8FEF9FE7CBCF10E3E114F10416
:10C3E00009F49ECF28E0E216F10409F49CCF0CF08A
:10C3F0008CCF812C912CA12CE0E4BE2E82E0E8169B
:10C40000F10469F060E070E080E090E897010F2CA3
:10C41000000C440B550B0E9465EA49015A0120E0CB
:10C4200060E070E0CB0127010F2C000C6608770854
:10C43000FE0150ED352E310E39E0331570F43FEB2F
:10C44000310F49EC342E3A3138F03FE9310F3A31AF
:10C4500008F071CF39EA332E310E3E141F040CF070
:10C460006ACF27FD15C086169706A806B90678F08C
:10C47000A30192010E9456EA630D711D811D911D59
:10C4800061307105810520E8920708F452CF2FEF43
:10C4900021961081CDCF103309F41ECF2AE0E22E71
:10C4A000F12C9CEC892E982CA82C9CE0B92EB7CFAF
:10C4B0003F924F925F926F927F928F929F92AF9234
:10C4C000BF92CF92DF92EF92FF920F931F93CF9381
:10C4D000DF935C016B017A016115710519F0FB01B5
:10C4E00091838083E114F10449F0C7010297839797
:10C4F00028F060E070E0CB0199C05E01E501219673
:10C50000F5011081812F90E0D3D0892BB1F71D3236
:10C5100009F05BC02196F501118101E0E114F104FD
:10C5200009F4B9C0F0E1EF16F10409F09AC0103334
:10C5300041F488818F7D883509F08EC0198122965B
:10C540000260E0E1EE2EF12C88248A94982CA82C2D
:10C55000FFE0BF2E20E060E070E0CB0127010F2C50
:10C56000000C66087708FE0150ED352E310E39E0DB
:10C57000331568F43FEB310F49EC342E3A3130F08B
:10C580003FE9310F3A31A8F539EA332E310E3E1426
:10C590001F047CF52F3FB1F086169706A806B90652
:10C5A00030F1A301920182D7232D30E050E040E02A
:10C5B000620F731F841F951F621773078407950707
:10C5C000B0F021E021961081CECF1B3221F4E5019D
:10C5D0002296F501118100E0A1CF78E0E72EF12C41
:10C5E00088248A94982CA82C6FE1B62EB3CF2FEF15
:10C5F000E9CFC114D10431F0222351F12197F60182
:10C60000D183C08300FF07C0909580957095619598
:10C610007F4F8F4F9F4F2F3F49F482E290E09093DE
:10C620003D3180933C316FEF7FEFCB01DF91CF91B4
:10C630001F910F91FF90EF90DF90CF90BF90AF9040
:10C640009F908F907F906F905F904F903F90089554
:10C6500001FFD8CF2297D3CF10E3E114F10409F4FE
:10C66000BCCF3AE0E316F104E1F080E1E816F10412
:10C6700009F467CFE8E0EE16F10409F4B1CF6FEFEB
:10C680007FEFCB0197010F2C000C440B550B1DD7EE
:10C6900049015A015FCF103309F44BCF9AE0E92EDC
:10C6A000F12C89E9882E982CA82C89E1B82E52CF3C
:10C6B0009111EEC5803219F089508550D0F7089558
:10C6C000FB01DC0102C005900D9241505040D8F7AB
:10C6D0000895FB01DC010D900020E9F7119705900A
:10C6E0000D920020E1F70895FC010590061621F057
:10C6F0000020D9F7C00108953197CF010895FB01BB
:10C70000DC0105900D920020E1F70895FC010590F1
:10C710000020E9F7809590958E0F9F1F0895FB01EB
:10C72000DC014150504088F08D9181341CF08B35F4
:10C730000CF4805E659161341CF06B350CF4605E26
:10C74000861B611171F3990B0895881BFCCFFB01C7
:10C75000DC014150504048F005900D920020C9F78F
:10C7600001C01D9241505040E0F70895FB015591E2
:10C770005523A9F0BF01DC014D9145174111E1F7A7
:10C7800059F4CD010590002049F04D91401541111B
:10C79000C9F3FB014111EFCF81E090E001970895CB
:10C7A0000F931F93CF93DF93CDB7DEB72E970FB6BE
:10C7B000F894DEBF0FBECDBF0D891E898EE08C833D
:10C7C0001A8309838FEF9FE79E838D83AE01475EB7
:10C7D0005F4F6F89788DCE01019611D12F813885F9
:10C7E000020F131FF80110822E960FB6F894DEBFC9
:10C7F0000FBECDBFDF91CF911F910F9108950F9381
:10C800001F93CF93DF93CDB7DEB72E970FB6F89473
:10C81000DEBF0FBECDBF8C01FA018EE08C831A8380
:10C82000098377FF02C060E070E8615071097E8380
:10C830006D83A901BF01CE010196E1D04D815E81DA
:10C8400057FD0AC02F813885421753070CF49A010F
:10C85000020F131FF80110822E960FB6F894DEBF58
:10C860000FBECDBFDF91CF911F910F91089540D0A2
:10C8700008F481E00895E89409C097FB3EF4909590
:10C880008095709561957F4F8F4F9F4F9923A9F0A9
:10C89000F92F96E9BB279395F69587957795679538
:10C8A000B795F111F8CFFAF4BB0F11F460FF1BC07C
:10C8B0006F5F7F4F8F4F9F4F16C0882311F096E90F
:10C8C00011C0772321F09EE8872F762F05C06623BD
:10C8D00071F096E8862F70E060E02AF09A95660F76
:10C8E000771F881FDAF7880F9695879597F908952F
:10C8F000990F0008550FAA0BE0E8FEEF1616170671
:10C90000E807F907C0F012161306E407F50798F0D8
:10C91000621B730B840B950B39F40A2661F0232BF1
:10C92000242B252B21F408950A2609F4A140A6956D
:10C930008FEF811D811D08950BD068C559D528F052
:10C940005ED518F0952309F04AC54FC5112492C54C
:10C950006ED5A0F3959FD1F3950F50E0551F629FC0
:10C96000F001729FBB27F00DB11D639FAA27F00D48
:10C97000B11DAA1F649F6627B00DA11D661F829F6F
:10C980002227B00DA11D621F739FB00DA11D621F54
:10C99000839FA00D611D221F749F3327A00D611D71
:10C9A000231F849F600D211D822F762F6A2F112453
:10C9B0009F5750408AF0E1F088234AF0EE0FFF1FA6
:10C9C000BB1F661F771F881F91505040A9F79E3FDD
:10C9D000510570F004C54EC55F3FECF3983EDCF3A3
:10C9E000869577956795B795F795E7959F5FC1F71A
:10C9F000FE2B880F911D9695879597F908952F9294
:10CA00003F924F925F926F927F928F929F92AF92DE
:10CA1000BF92CF92DF92EF92FF920F931F93CF932B
:10CA2000DF93CDB7DEB72B970FB6F894DEBF0FBEFE
:10CA3000CDBF7C013B018A01FC01178216828381F4
:10CA400081FFD0C1CE0101965C01F7019381F30112
:10CA500093FD859193FF81913F01882309F449C19A
:10CA6000853239F493FD859193FF81913F018532A1
:10CA700021F4B70190E025D4E8CF912C212C312C62
:10CA8000FFE1F31538F08B3211F190F4803209F1A7
:10CA9000833229F137FC3CC020ED280F2A3050F5B5
:10CAA00036FE20C08AE0989E200D1124922E06C0EA
:10CAB0008D3291F0803371F7689430F8F30193FD73
:10CAC000859193FF81913F018111DACF21C0689454
:10CAD00031F8689432F8F2CF689433F8EFCF689465
:10CAE00034F8ECCFEAE02E9E200D1124222E68941B
:10CAF00035F8E4CF8E3229F436FCFBC0689436F862
:10CB0000DDCF8C3619F4689437F8D8CF8836B1F277
:10CB1000982F9F7D95549330D8F0833691F18337C9
:10CB2000B1F1833509F05EC02801F2E04F0E511CCF
:10CB3000F801C080D180692D70E036FC02C06FEF33
:10CB40007FEFC601A8D34C01689437F882010AC070
:10CB50000C5F1F4FFFE3F98388248394912C6501B8
:10CB6000E89437F833FE2AC0522C8114910459F509
:10CB7000552009F46ACFB70180E290E0A2D35A941D
:10CB8000F7CFF801808189830E5F1F4FE5CF280121
:10CB9000F2E04F0E511CF801C080D180692D70E089
:10CBA00036FC02C06FEF7FEFC60180D34C018201DB
:10CBB000D7CFB70180E290E084D32A9428141904D7
:10CBC00009F0B8F7D1CFF60137FC859137FE819196
:10CBD0006F01B70190E075D351105A94F1E08F1AAC
:10CBE0009108C3CF843619F0893609F073C0F80173
:10CBF00037FE67C060817181828193810C5F1F4F16
:10CC0000F32DFF763F2E97FF09C090958095709584
:10CC100061957F4F8F4F9F4F689437F82AE030E03F
:10CC2000A5017FD3C82ECA188C2C432C36FE0CC00D
:10CC3000E89440F8C91440F434FE05C032FC03C047
:10CC4000F32DFE7E4F2E892C44FEA6C0FE01EC0D76
:10CC5000F11D8081803309F098C0242D297E422E59
:10CC6000842D8870582E43FCA5C040FE9FC09C2C8C
:10CC7000821418F42C0C922C981844FEA1C0B70111
:10CC800080E390E01ED342FE08C088E790E041FEBA
:10CC900002C088E590E0B70114D3C91408F49CC021
:10CCA000CA94D12C9FEFC91AD90ACA0CDB1CF60111
:10CCB00082916F01B70190E004D3AC14BD04B9F7C1
:10CCC00057CF60817181072E000C880B990B0E5F86
:10CCD0001F4F96CFD32CE894D4F82AE030E0853764
:10CCE000E1F1232D297FD22E8F36A9F1F0F488357A
:10CCF00051F1F701868197812B960FB6F894DEBF2C
:10CD00000FBECDBFDF91CF911F910F91FF90EF909C
:10CD1000DF90CF90BF90AF909F908F907F906F905B
:10CD20005F904F903F902F900895803749F088375B
:10CD300001F7D4FE02C06894D2F820E130E00DC0C3
:10CD40006894D4F8F6CF34FE03C0822F8660D82EC4
:10CD500020E132E002C028E030E0F801D7FE0EC04A
:10CD600060817181828193810C5F1F4FA501D9D2AF
:10CD7000C82ECA183D2CE89437F856CF60817181CF
:10CD800090E080E00E5F1F4FF1CF42FC02C0839421
:10CD900067CF8394839464CF842D867809F460CF21
:10CDA000F6CFB70180E290E08CD283948214C8F36E
:10CDB000512C63CF522C5818821408F45ECFF8CF50
:10CDC000842D867809F469CF8BE241FE80E247FC2E
:10CDD0008DE2B70190E060CFB70180E390E071D2BF
:10CDE0009A945BCF8FEF9FEF87CF8F929F92AF92F6
:10CDF000BF92CF92DF92EF92FF920F931F93CF9348
:10CE0000DF93CDB7DEB729970FB6F894DEBF0FBE1C
:10CE1000CDBF6A01F22EB02E102FFBE3AF2EA0166D
:10CE200008F41BE31F5F012F27E0AE014F5F5F4F48
:10CE300057D1BC018981982F9970913009F44EC067
:10CE40009BE2E1FC04C09E2D9170E0FC49C05E2D88
:10CE50005071E82FE87083FF55C084E0911101C044
:10CE600083E0EF2DE81B8F1508F0E0E0D6018E2F50
:10CE700020E25523C9F1992329F0D6019C93C601DC
:10CE800001966C0196012D5F3F4FE2FE33C08EE4A8
:10CE9000D6018C9391E411969C93119712968C93E2
:10CEA000D9018E2F90E281112AC0E20FF32FF11DDC
:10CEB00010828EEF9FEF29960FB6F894DEBF0FBE5B
:10CEC000CDBFDF91CF911F910F91FF90EF90DF9039
:10CED000CF90BF90AF909F908F9008959DE2B7CF75
:10CEE00090E2B5CF2D9381508111FCCFCE0ED11C95
:10CEF000E0E0C1CF8EE6D6018C9391E6CCCF9D9336
:10CF00008150D1CF482F447082FF3DC084E0911101
:10CF100001C083E08F1510F4EF2DE81BD6018E2F92
:10CF200020E2552309F1992329F0D6019C93C601EB
:10CF300001966C0196012D5F3F4FE2FE1BC089E414
:10CF4000D6018C938EE411968C93119786E41296F9
:10CF50008C93D9018E2F90E2882309F4A6CF9D935C
:10CF60008150FACF2D9381508111FCCFCE0ED11C70
:10CF7000E0E0D9CF89E6D6018C938EE611968C93AA
:10CF8000119786E6E4CF9B0177FF02C030E020E0F6
:10CF9000A1E0B0E0911102C0B0E0A0E0F90131964B
:10CFA000AE0FBF1F8B2C912CBB2009F461C0540124
:10CFB000EFEFAE1ABE0AAA0DBB1DFA161B0619F03A
:10CFC00014F04F2D4A1B511188C0E3FC59C0760163
:10CFD000A42FB0E2A1114FC0C40ED11C992309F4B3
:10CFE0005BC040E0D6011196F60190836D01552398
:10CFF00009F448C0012F060F9A81582F507184FF01
:10D0000003C0913309F4015010160CF047C00930E9
:10D0100008F008E0EEE2FE2E5B01A01AB1088501DF
:10D020009194819491082F3F320729F4D601FC9204
:10D03000F60131966F016217730794F10217130717
:10D040007CF5DB01A21BB30BAA24A394B12CAC0E7C
:10D05000BD1EAA0DBB1D11968C9121503109D60120
:10D06000119628153905F4F0F60180836D01DBCFA8
:10D07000B12CA12CA0CFF701B1937F01A150AACF71
:10D080009111B0CFD601942F50E302C05D9391501F
:10D090009111FCCFC40ED11C40E0ACCF01E0BACF5F
:10D0A00080E3DBCF6217730731F4963388F495334E
:10D0B00011F4552369F0F6018083FD01842F90E27D
:10D0C000811108C0A40FB11D1C9290E080E0F3CE46
:10D0D00081E3F1CF91938150F3CF911183CF8ACF28
:10D0E000283008F027E03327DA01990F311D87FD3A
:10D0F000916000966105710539F432602E5F3D93B1
:10D1000030E32A95E1F708959F3F30F080387105AC
:10D11000610509F03C5F3C5F3D93913008F0806809
:10D12000911DDF93CF931F930F93FF92EF92192FCF
:10D13000987F9695E92F96959695E90FFF27EF5DD5
:10D14000FE4F99273327EE24FF24A701E70105901E
:10D150000894079428F4360FE71EF81E491F511D46
:10D16000660F771F881F991F0694A1F705900794F3
:10D1700028F4E70EF81E491F561FC11D770F881FA0
:10D18000991F661F0694A1F70590079428F4F80EDE
:10D19000491F561FC71FD11D880F991F661F771F74
:10D1A0000694A1F70590079420F4490F561FC71F56
:10D1B000D81F990F661F771F881F0694A9F78491BF
:10D1C0001095177041F0D695C79557954795F794E8
:10D1D000E7941A95C1F7E7ECF0E068941590159183
:10D1E00035916591959105907FE27395E118F10A6B
:10D1F000430B560BC90BD009C0F7E10CF11E431FBE
:10D20000561FC91FD01D7EF4703311F48A95E6CFE6
:10D21000E894015030F0080F0AF40027021708F4D0
:10D22000202F2395022F7A3328F079E37D932A95D6
:10D23000E9F710C07D932A9589F60694979567952E
:10D24000379517951794E118F10A430B560BC90B44
:10D25000D00998F023957E9173957A3308F070E3A6
:10D260007C932013B8F77E9170617D9330F08395A5
:10D2700071E37D9370E32A95E1F71124EF90FF901D
:10D280000F911F91CF91DF91992787FD9095089578
:10D29000992788270895FC0105906150704001107E
:10D2A000D8F7809590958E0F9F1F0895FC016150CF
:10D2B000704001900110D8F7809590958E0F9F1FB8
:10D2C00008950F931F93CF93DF93182F092FEB012E
:10D2D0008B8181FD09C01FEF0FEF812F902FDF9110
:10D2E000CF911F910F91089582FF14C02E813F812D
:10D2F0008C819D81281739073CF4E881F981CF01A1
:10D3000001969983888310838E819F8101969F83E4
:10D310008E83E3CFE885F985812F0995892BA1F3C9
:10D32000DACFFA01AA27283051F1203181F1E894AF
:10D330006F936E7F6E5F7F4F8F4F9F4FAF4FB1E008
:10D340003ED0B4E03CD0670F781F891F9A1FA11D03
:10D35000680F791F8A1F911DA11D6A0F711D811D04
:10D36000911DA11D20D009F468943F912AE0269FC9
:10D3700011243019305D3193DEF6CF010895462F28
:10D380004770405D4193B3E00FD0C9F7F6CF462F09
:10D390004F70405D4A3318F0495D31FD4052419372
:10D3A00002D0A9F7EACFB4E0A6959795879577952F
:10D3B0006795BA95C9F700976105710508959B01B6
:10D3C000AC010A2E06945795479537952795BA953F
:10D3D000C9F7620F731F841F951FA01D089597F949
:10D3E0009F6780E870E060E008959FEF80EC08950B
:10D3F00000240A9416161706180609060895002434
:10D400000A9412161306140605060895092E0394AD
:10D41000000C11F4882352F0BB0F40F4BF2B11F421
:10D4200060FF04C06F5F7F4F8F4F9F4F089557FD80
:10D430009058440F551F59F05F3F71F04795880F82
:10D4400097FB991F61F09F3F79F087950895121619
:10D4500013061406551FF2CF4695F1DF08C01616C5
:10D4600017061806991FF1CF869571056105089476
:10D470000895E894BB2766277727CB0197F908958D
:10D48000F999FECF92BD81BDF89A992780B508958C
:10D49000262FF999FECF1FBA92BD81BD20BD0FB6D0
:10D4A000F894FA9AF99A0FBE01960895DB018F93CA
:10D4B0009F9349D0BF91AF91A29F800D911DA39FD3
:10D4C000900DB29F900D11240895A1E21A2EAA1B6F
:10D4D000BB1BFD010DC0AA1FBB1FEE1FFF1FA21724
:10D4E000B307E407F50720F0A21BB30BE40BF50B21
:10D4F000661F771F881F991F1A9469F760957095AA
:10D50000809590959B01AC01BD01CF010895052E3A
:10D5100097FB16F400940FD057FD05D0D6DF07FC1B
:10D5200002D046F408C050954095309521953F4F64
:10D530004F4F5F4F089590958095709561957F4FFF
:10D540008F4F9F4F08950FD0A59F900DB49F900DC2
:10D55000A49F800D911D11240895B7FFF4CFF3DF30
:10D56000821B930B0895A29FB001B39FC001A39F9C
:10D57000700D811D1124911DB29F700D811D11240C
:10D58000911D0895991B79E004C0991F961708F022
:10D59000961B881F7A95C9F78095089587FB082EFA
:10D5A000062687FD819567FD6195ECDF0EF4919568
:10D5B00007FC81950895AA1BBB1B51E107C0AA1F58
:10D5C000BB1FA617B70710F0A61BB70B881F991F24
:10D5D0005A95A9F780959095BC01CD01089597FBC8
:10D5E000072E16F4009406D077FD08D0E4DF07FC80
:10D5F00005D03EF4909581959F4F08957095619563
:10D600007F4F0895EE0FFF1F0024001C0BBE0790F4
:10D61000F691E02D09942F923F924F925F926F9274
:10D620007F928F929F92AF92BF92CF92DF92EF92B2
:10D63000FF920F931F93CF93DF93CDB7DEB7CA1B33
:10D64000DB0B0FB6F894DEBF0FBECDBF09942A885E
:10D65000398848885F846E847D848C849B84AA8406
:10D66000B984C884DF80EE80FD800C811B81AA8193
:10D67000B981CE0FD11D0FB6F894DEBF0FBECDBF5E
:10D68000ED0108955058BB27AA270ED0BFCEB0DEBB
:10D6900030F0B5DE20F031F49F3F11F41EF4A5CE3A
:10D6A0000EF4E095E7FB9BCEE92FC1DE80F3BA17BD
:10D6B000620773078407950718F071F49EF5D9CEB9
:10D6C0000EF4E0950B2EBA2FA02D0B01B90190019D
:10D6D0000C01CA01A0011124FF27591B99F0593FE1
:10D6E00050F4503E68F11A16F040A22F232F342F29
:10D6F0004427585FF3CF469537952795A795F04077
:10D700005395C9F77EF41F16BA0B620B730B840B8B
:10D71000BAF09150A1F0FF0FBB1F661F771F881F43
:10D72000C2F70EC0BA0F621F731F841F48F487959B
:10D7300077956795B795F7959E3F08F0B3CF93958A
:10D74000880F08F09927EE0F979587950895E7D0F1
:10D7500080F09F3740F491110EF48CCE60E070E0C1
:10D7600080E89FE3089526F01B16611D711D811D41
:10D77000ADC0C7C00CD04ACE42DE40F039DE30F03A
:10D7800021F45F3F19F02BCE511174CE2ECE4FDE17
:10D7900098F39923C9F35523B1F3951B550BBB2778
:10D7A000AA2762177307840738F09F5F5F4F220F25
:10D7B000331F441FAA1FA9F333D00E2E3AF0E0E81E
:10D7C00030D091505040E695001CCAF729D0FE2F6A
:10D7D00027D0660F771F881FBB1F261737074807FC
:10D7E000AB07B0E809F0BB0B802DBF01FF279358B2
:10D7F0005F4F2AF09E3F510568F0F1CD3BCE5F3F71
:10D80000ECF3983EDCF3869577956795B795F79599
:10D810009F5FC9F7880F911D9695879597F9089591
:10D82000E1E0660F771F881FBB1F6217730784072D
:10D83000BA0720F0621B730B840BBA0BEE1F88F73C
:10D84000E095089504D06894B11114CE0895F7DDE1
:10D8500088F09F5790F0B92F9927B751A0F0D1F0D9
:10D86000660F771F881F991F1AF0BA95C9F712C063
:10D87000B13081F0FEDDB1E00895FBCD672F782F48
:10D880008827B85F39F0B93FCCF3869577956795CF
:10D89000B395D9F73EF490958095709561957F4F3B
:10D8A0008F4F9F4F08953BD080F09F3740F49111E8
:10D8B0000EF0E0CD60E070E080E89FEB089526F484
:10D8C0001B16611D711D811D01C01BC0882371F4D1
:10D8D000772321F09850872B762F07C0662311F409
:10D8E00099270DC09051862B70E060E02AF09A9540
:10D8F000660F771F881FDAF7880F9695879597F937
:10D9000008959F3F31F0915020F487957795679562
:10D91000B795880F911D9695879597F908958FDD96
:10D92000A0F0BEE7B91788F4BB279F3860F416163D
:10D93000B11D672F782F8827985FF7CF8695779549
:10D940006795B11D93959639C8F308950E9478E4C0
:10D9500008F48FEF089573DD58F19E5758F19851F0
:10D96000A0F0E9F0983020F5092E9927660F771F6F
:10D97000881F991F0A94D1F712C0062E672F782F9F
:10D980008827985F11F4000C07C0993FB4F386957F
:10D99000779567959395D9F7611D711D811D3EF4AB
:10D9A00090958095709561957F4F8F4F9F4F08950B
:10D9B000689460CD5ECD11F40EF417CDA2CF3FDD9B
:10D9C000D0F39923D9F3CEF39F57550B87FF3AD065
:10D9D0000024A0E640EA900180585695979528F4D7
:10D9E000805C660F771F881F20F0261737074807CF
:10D9F00030F4621B730B840B202931294A2BA69526
:10DA000017940794202531254A2758F7660F771F6A
:10DA1000881F20F026173707480730F4620B730B76
:10DA2000840B200D311D411DA09581F7B901842F74
:10DA30009158880F9695879508950E9478E4880BF1
:10DA4000990B089591505040660F771F881FD2F7A9
:10DA500008959111089581548A5108F4805E855A81
:10DA60000895FB01DC0104C08D910190801921F41F
:10DA700041505040C8F7881B990B0895FB01DC0109
:10DA800002C001900D9241505040D8F70895DC013A
:10DA900001C06D9341505040E0F70895FB01DC0157
:10DAA0008D9181341CF08B350CF4805E6191613472
:10DAB0001CF06B350CF4605E861B611189F3990BC9
:10DAC0000895FC018191861721F08823D9F79927C1
:10DAD00008953197CF010895FB01DC0101900D926B
:10DAE0000020E1F70895FB01DC014150504030F087
:10DAF0008D910190801919F40020B9F7881B990BBA
:10DB00000895FB01DC014150504048F001900D9216
:10DB10000020C9F701C01D9241505040E0F7089520
:10DB2000FC0181E090E00190061609F4CF0100208D
:10DB3000D1F70197089515E1C0E7D5E103C0FE01D3
:0EDB400061DD2196C137D107D1F7F894FFCFF0
:10DB4E001040000000807D02FF029D9DF0FF79C411
:10DB5E00F0FF79C40000803F02C0D401006400943D
:10DB6E00180001FCACFFFFFFB900CDCCCC3DFA0094
:10DB7E00D2000000803F64000000C841AA000100EE
:10DB8E0000000000000000000000000000006B43D9
:10DB9E0000006B4300007A436400FFFFFFFFFFFFAE
:10DBAE00FFFFFFFFFFFFFF0602FF3FFF3F000000EA
:10DBBE0000FF3F010301000016430000803FFF3FBE
:10DBCE001CC6FF3F1CC600000000000020410000E4
:10DBDE0061430000A04158595A45000100FF010061
:10DBEE00FF00000048420000484200008040000054
:10DBFE00004000002CC2000010C100000000000018
:10DC0E00C07F0000C07F0000C07FFF003C0001000D
:10DC1E000040400000344200000000000000000000
:10DC2E0000000000005041000000000000004164B0
:10DC3E0000000064000000030000006400000064A7
:10DC4E000000000300000003000000030000001E9F
:10DC5E0000000000002041000061430000A0410AC6
:10DC6E000900030A005A0056383600000001000869
:10DC7E00002000400080000001000413010000801D
:10DC8E00400000804000000000DB649065E5AF2896
:10DC9E00D607B0DFAFE1AFDDAF3AD6E3AF955E0B9F
:10DCAE005F0A5F000000004E1E32AC1D160A5F4573
:0ADCBE005252005A005900580000AD
:00000001FF
